Post title,Post link,Post type,Campaign name,Posted by,Created date,Campaign start date,Campaign end date,Audience,Impressions,Views,Offsite Views,Clicks,Click through rate (CTR),Likes,Comments,Reposts,Follows,Engagement rate,Content Type
"Can we grow next-gen materials at an atomic level to reduce the world’s carbon footprint? 2026 Blue Sky award winner Mostafa Bedewy shares his vision at SME’s North American Research Conference hosted by Penn State University.

For more content like this check out our website: https://lnkd.in/emrWSCFk",https://www.linkedin.com/feed/update/urn:li:activity:7496551701944938496,Organic,,Steve Bauer,08/21/2026,,,All followers,129,349.0,,15,0.11627907305955887,5,0,2,,0.1705426424741745,Video
"Countless organizations across the U.S. support the dreams of students who want meaningful careers in STEM. One of those organizations is ReadyCT, a Connecticut-based nonprofit offering K-12 work-based learning and career training opportunities.

ReadyCT is a partner on a state-funded, multimillion-dollar investment in robotics and manufacturing education in Connecticut. Students and educators can join robotics teams and participate in competitions, summer camps and teacher professional development.

For the latest episode of Advanced Manufacturing Live, SME Media Editor Rachael Thomas speaks with ReadyCT’s Shannon Marimón and Christine Lawlor-King, the organizations executive director and director of STEM and manufacturing initiatives, respectively, to learn more about the two-year initiative.",https://www.linkedin.com/feed/update/urn:li:activity:7495851115423477761,Organic,,Simran Saini,08/19/2026,,,All followers,662,447.0,,27,0.040785498917102814,18,5,5,,0.08308157324790955,Video
"We've got a brand new virtual event coming up in a few weeks with our friends at CADDi! 

Join Jacob Elkin from CADDi's Solutions team as he show what a similarity search returns, how #engineers use that match to avoid redesigning a part that already exists, and where teams have caught duplicate part numbers and pricing gaps they didn't know existed.

Make sure to join live to gain access to a Q&A session with our speaker! 

📅 September 29th
⏰ 2pm EDT

Register for free: https://lnkd.in/gzzXFTJ5",https://www.linkedin.com/feed/update/urn:li:activity:7496233699802341376,Organic,,Sam Weyer,08/20/2026,,,All followers,114,,,4,0.035087719559669495,5,0,1,,0.08771929889917374,
"Penn State University Professor Soundar Kumara explains why domain knowledge is essential when implementing machine learning in manufacturing.

Check out the full conversation here: https://lnkd.in/gifYZ8Kj
For more content like this, check out our website: https://lnkd.in/emrWSCFk


#aiinmanufacturing #machinelearning #industrialai #llms #smartmanufacturing",https://www.linkedin.com/feed/update/urn:li:activity:7495821951278563328,Organic,,Steve Bauer,08/19/2026,,,All followers,374,141.0,,32,0.08556149899959564,7,6,1,,0.12299465388059616,Video
"""I am proud to be a woman in manufacturing,"" writes Jessica Bird, MSEd of Midwest CAM Solutions, LLC.

""A few weeks ago, I came across a LinkedIn post from a woman who said she didn't want to be known as a woman in manufacturing. She wanted to be known simply as a person in manufacturing.

""I understood what she meant. But I disagreed.

""The fact that I am a woman has influenced how I communicate, how I build relationships, how I navigate difficult conversations and how I experience this industry. Pretending that doesn't matter feels just as inaccurate as assuming it tells you everything about me.

""Manufacturing has challenged me, humbled me and frustrated me more than I expected. It has also surprised me and given me opportunities I never could have imagined when I started my career.

""Why would I want to erase any part of that story?""

FULL STORY: https://lnkd.in/g4EzR2Xu

#womeninmanufacturing #manufacturing ",https://www.linkedin.com/feed/update/urn:li:activity:7495575579333718016,Organic,,Cameron Kerkau,08/18/2026,,,All followers,340,,,4,0.0117647061124444,5,1,3,,0.038235295563936234,
"A private technology and services investment firm has purchased the space propulsion, power and electronics businesses of L3Harris Technologies.
Terms were not disclosed. The new owner, AE Industrial Partners, LP, said it’s bringing back the legendary #Rocketdyne name for the new venture.

The full story is in the comments.

#space #aerospace",https://www.linkedin.com/feed/update/urn:li:activity:7495519863105363968,Organic,,Michael McConnell,08/18/2026,,,All followers,156,,,4,0.025641025975346565,3,1,0,,0.05128205195069313,
"Many Americans, especially the younger generations, still hold negative perceptions of manufacturing careers, according to a 2025 study commissioned by the Manufacturing Corporation of America.

Among the lingering misconceptions uncovered by the research: 

-20% of all Americans—and 25% of women—say they’re not at all familiar with what modern blue-collar work actually involves. 
-62% of respondents believe schools and society push Gen Z away from the trades. 
-60% of 18– to 24-year-olds believe their generation looks down on blue-collar work.

“People assume manufacturing is old, archaic and doesn’t involve much technology, but that couldn’t be further from the truth,” says Jerry Bailey, president of manufacturing at MCA, explaining that #modernmanufacturing jobs are not defined as working on an assembly line or doing heavy lifting. They often involve highly skilled work interfacing with modern tech, such as #robotics. 

“Manufacturing jobs are much more mentally challenging and less physically demanding, embracing innovation, safety, flexibility and opportunity.” 

When asked what would make hands-on, skilled trade careers more appealing to younger generations:

-38% of the survey respondents cited higher starting pay.
-17% mentioned modern tools and tech.
-13% pointed to less negative stigma and greater social respect.

Read about a Pennsylvania native that bucked the Gen Z mindset for a career in manufacturing in our state-by-state article on Pennsylvania: https://lnkd.in/gAFwzdbY",https://www.linkedin.com/feed/update/urn:li:activity:7495241263261343744,Organic,,Cameron Kerkau,08/17/2026,,,All followers,347,,,10,0.028818443417549133,10,0,4,,0.06916426867246628,
"In less than two years, the U.S. is scheduled to put astronauts back on the moon for the first time since 1972.

In #Georgia, scientists are creating infrastructure, testing new technology and recreating moonlike environments on Earth.

At Georgia Institute of Technology's Daniel Guggenheim School of #Aerospace #Engineering, Assistant Professor Yashwanth Nakka created the Aerospace #Robotics Lab.

“I wanted to build a lab that could exactly replicate some of the difficult scenarios those robots face,” Nakka says. “It’s going to see a very sharp shadow in front of it. How is it going to manage driving? These robots need to be resilient to all these uncertain conditions.”

Learn more about Nakka and the Aerospace Robotics Lab in our state-by-state article on Georgia: https://lnkd.in/grFdQcpz",https://www.linkedin.com/feed/update/urn:li:activity:7495205268792827905,Organic,,Cameron Kerkau,08/17/2026,,,All followers,2180,,,79,0.03623853251338005,61,2,2,,0.0660550445318222,
"The White House says #China is #transshipping to avoid the steep #tariffs on its products. And it claims allies like #Mexico, #Canada and #Japan are enabling the behavior. 

Full story is in the comments.

#trade #tradedisputes ",https://www.linkedin.com/feed/update/urn:li:activity:7495150019650654208,Organic,,Michael McConnell,08/17/2026,,,All followers,133,,,1,0.007518797181546688,0,1,0,,0.015037594363093376,
"South Dakota's #manufacturing sector accounts for 12.6% of the state's total workforce—significantly higher than the national average. 

The team at South Dakota Manufacturing & Technology Solutions, the official Manufacturing Extension Partnership center for the state, provides solutions to help South Dakota stay competitive on the national and global landscape through #consulting, #training and project support.

“Our manufacturers look to us to support strengthening their workforce, reducing costs and providing pathways to automation and other advanced manufacturing technologies,” says Michelle Kakacek, director of SDMTS. 

“The heart of how we address all those challenges is through helping manufacturers embrace a culture of continuous improvement.”

Read more about manufacturing in South Dakota and the SDMTS in our state-by-state article: https://lnkd.in/gaMjss95",https://www.linkedin.com/feed/update/urn:li:activity:7494098753969373184,Organic,,Cameron Kerkau,08/14/2026,,,All followers,366,,,19,0.051912568509578705,12,1,1,,0.0901639312505722,
"The finalists for SME’s 2026 Blue Sky Award, which recognizes transformative ideas, detail their research at NAMRC 54 at Penn State University.

Adarsh Krishnamurthy
Aditya Balu
Anushrut Jignasu
Iowa State University

Fatemeh Mozaffar
Yang Meng
Jiajia Xie
Mozhdeh Rahmanpour
Beshoy Morkos
The University of Georgia

Haijun Gong
Georgia Southern University

Martin Jun
Changheon Han
Purdue University


https://lnkd.in/gzVDeS_7",https://www.linkedin.com/feed/update/urn:li:activity:7494029734247448576,Organic,,Steve Bauer,08/14/2026,,,All followers,1308,,,72,0.055045872926712036,19,1,5,,0.07415901869535446,
"Rockwell Automation announced an API-enabled integration between Plex, by Rockwell Automation Quality Management System (QMS) and Factorytalk Analytics VisionAI. 

The integration expands AI-driven quality management and reflects Rockwell's continued investment in #artificialintelligence and elastic MES solutions. 

Brian Martensen, product manager at Rockwell Automation, sat down with #SME Media Editor-in-Chief Steve Plumb to overview the new integration and recently introduced #AI-capabilities.

Check out the video and read more at the link in the comments. ",https://www.linkedin.com/feed/update/urn:li:activity:7493736044182286336,Organic,,Nicole Franzese-Damron,08/13/2026,,,All followers,194,,,2,0.010309278033673763,3,1,0,,0.030927835032343864,
"Industry 5.0 is calling—but the manufacturing sector may not be ready to pick up the phone. 

A new benchmark report by Macrium Software found that 78% of the surveyed manufacturers have yet to integrate Industry 4.0 technologies into their operations. 

Head to the comments for the full story.

SME #AdvancedManufacturing #Industry50 #Industry40 #Automation",https://www.linkedin.com/feed/update/urn:li:activity:7493714759746256897,Organic,,Rachael Thomas,08/13/2026,,,All followers,95,,,0,0.0,4,1,0,,0.05263157933950424,
"Everything is bigger in Texas, even when they come in small packages such as Girlstart and its efforts jumpstart interest in #STEM education at a young age and encourage careers in #advancedmanufacturing. Great reporting by Amy Bryson! ",https://www.linkedin.com/feed/update/urn:li:activity:7493688223194492928,Organic,,Steve Plumb,08/13/2026,,,All followers,96,,,0,0.0,0,0,0,,0.0,
"Picture this: You’re a welding student in a US Navy-backed manufacturing program, ready to learn from industry experts at an ultramodern facility. A highlight of your training is using augmented reality (AR) to learn welding fundamentals and safety. No sparks, shocks or smoke are involved, making the process ideal for beginners to practice before doing the real thing.

Luckily, this isn’t a hypothetical situation—these AR exercises are part of the welding courses offered through the Accelerated Training in Defense Manufacturing (ATDM) program in Danville, Va.

We spoke with ATDM welding instructors Makayla Baker and Darrell Buchanan about the intensive program, its welding course, and training the next generation of defense manufacturers with the help of AR. Full story is linked in the comments.

SME #AdvancedManufacturing #Defense #AugmentedReality #AR #Welding",https://www.linkedin.com/feed/update/urn:li:activity:7493679562631823360,Organic,,Rachael Thomas,08/13/2026,,,All followers,944,,,27,0.028601694852113724,20,2,2,,0.054025422781705856,
"To bring diverse perspectives to problem-solving and innovation, the industry needs to solve its representation gap. 

When it comes to participation and opportunity in supply chains, transportation and manufacturing, women account for less than 35% of the workforce.  

Chipping away at this disparity requires planting seeds early. That’s where Girlstart provides a head start, making STEM more accessible for girls through after-school programs, summer camps and community experiences designed to reach those historically underrepresented. 

Learn more about Girlstart: https://lnkd.in/gHnPfPak  

#Texas #STEMeducation #WorkforceDevelopment #AdvancedManufacturing #Girlstart ",https://www.linkedin.com/feed/update/urn:li:activity:7493336044428214272,Organic,,Rachael Thomas,08/12/2026,,,All followers,214,,,5,0.023364486172795296,7,2,2,,0.07476635277271271,
"The U.S. economy lost 23,000 jobs in July, according to the Bureau of Labor Statistics’ report released last Friday. Job creation has been on a downward trajectory since March.

Last month was the first job loss in the U.S. since February. But the manufacturing industry provided a bright spot, as it was one of the top-level sectors that saw job creation. 

Read more insights in the article linked in the comments.

SME #Economy #JobReport",https://www.linkedin.com/feed/update/urn:li:activity:7492952985497387009,Organic,,Rachael Thomas,08/11/2026,,,All followers,139,,,1,0.007194244768470526,3,1,0,,0.035971224308013916,
Institute for Supply Management's Susan Spence (Retired) gives us the lowdown on bringing manufacturing back to the U.S.,https://www.linkedin.com/feed/update/urn:li:activity:7492924021802496000,Organic,,Steve Bauer,08/11/2026,,,All followers,211,82.0,,5,0.02369668334722519,5,0,1,,0.05213269963860512,Video
"Heidi Balestrieri is engineering director at Sentry Equipment, an Oconomowoc, Wis.-based #manufacturer of industrial sampling systems, coolant recycling products and process management tools.

She has made it her mission to encourage more women to enter the industry. Females make up about 30% of manufacturing workers—a figure that hasn’t moved much in recent years. 

Read why Balestrieri is confident that statistic can change, in this profile: https://lnkd.in/gk5Sf5RG

#WomeninManufacturing #SentryEquipment #AdvancedManufacturing 
",https://www.linkedin.com/feed/update/urn:li:activity:7492569208577290240,Organic,,Michael McConnell,08/10/2026,,,All followers,355,,,3,0.008450704626739025,11,2,1,,0.047887325286865234,
"The talent shortage affects #manufacturers of all sizes.

Many companies have developed or expanded registered #apprenticeship programs to bolster the pipeline of qualified workers. 

Despite this, manufacturers still faced 500,000 unfilled jobs as of January 2025.

In response, manufacturers are turning to programs such as Marshall Advanced Manufacturing Center Apprenticeship Works to tackle their #workforce challenges.

Apprenticeship Works is a nationally recognized, DOL-approved program that partners with manufacturers to create customized registered apprenticeships. 

It also offers on-the-job training, online curriculum and administrative support for in-demand jobs including CNC operators, robotics technicians, machinists and 3D-printing technicians.

Read more about Apprenticeship Works in our State-by-State article on West Virginia: https://lnkd.in/gnV2XA8s
",https://www.linkedin.com/feed/update/urn:li:activity:7492358055431467008,Organic,,Cameron Kerkau,08/09/2026,,,All followers,275,,,3,0.010909090749919415,8,0,1,,0.04363636299967766,
"Washington is now home to the country’s first automotive-scale silicon anode material plant, made possible by a company with 15 years of experience researching and manufacturing materials for next-generation batteries. 

Sila Nanotechnologies, Inc. pioneered the modern silicon anode, a lithium-ion battery component that enables faster charging and higher energy capacity than traditional graphite anodes. 

The Washington facility, located in Moses Lake, is the company’s first mass manufacturing plant. 

Read on to learn more about Sila’s plans for its Washington facility: https://lnkd.in/gYcvrq3m  

SME #SiliconAnode #MaterialsManufacturing #AdvancedManufacturing #Washington ",https://www.linkedin.com/feed/update/urn:li:activity:7491855779080073216,Organic,,Rachael Thomas,08/08/2026,,,All followers,1235,,,33,0.026720648631453514,39,0,2,,0.05991902947425842,
"While women make up close to half of the U.S. workforce, less than a third have jobs in #manufacturing. It’s a statistic that needs to change. By championing women in manufacturing, the industry shines a light on role models who carve new paths and help bridge the representation gap.

That’s what the Southwest Virginia Alliance for Manufacturing for Manufacturing (SWVAM) does each year with its Outstanding Women of Manufacturing Awards. Since 2014, the alliance has recognized females who contribute to the success of manufacturing in the region.

Find out why Executive Director Lennie Gail Mitcham Mitcham is bullish about women’s prospects in the region’s manufacturing industry: 

https://lnkd.in/dVdPejK3


#SWVAM #WomenofManufacturing #SuccessStories",https://www.linkedin.com/feed/update/urn:li:activity:7491587727755206656,Organic,,Michael McConnell,08/07/2026,,,All followers,180,,,4,0.02222222276031971,4,0,2,,0.0555555559694767,
"#Maryland has long been an important center of American #manufacturing, thanks to its strategic location, transportation network and skilled #workforce.

In recent decades, #aerospace and #defense (A&D) have grown in importance. Lockheed Martin, Northrop Grumman, AAI and Raytheon all have a presence in the state—in fact, 15 of the world’s 20 largest A&D companies have facilities in Maryland—and have expanded production of aircraft systems, satellites, robotics and unmanned aerial vehicles.

Last year, nearly 5,000 companies had manufacturing operations in Maryland, contributing $28.6 billion to the state’s gross domestic product, according to the Maryland Department of Commerce. 

Read more about manufacturing in Maryland in our State-by-State article: https://lnkd.in/ghRsRDYp
",https://www.linkedin.com/feed/update/urn:li:activity:7491577573035044865,Organic,,Cameron Kerkau,08/07/2026,,,All followers,176,,,1,0.005681818351149559,4,0,1,,0.034090910106897354,
"Applications are now open for Automation Alley's trade mission to Mexico, taking place Nov. 8-13, 2026. The trip, which is also supported by the Michigan Economic Development Corporation, is designed for small and midsized Michigan companies seeking to expand internationally.

""Michigan companies have world-class technology, talent and manufacturing expertise, but growth increasingly depends on their ability to compete globally,"" Tom Kelly, executive director and CEO of Automation Alley, said in a press release. ""Mexico is one of our most important trading partners and an essential part of North America's manufacturing ecosystem. Our trade missions help companies build relationships, better understand international markets and connect directly with customers and partners who can help grow their business.""

Automation Alley is accepting 10 Michigan companies for the trip. Applications will be accepted through Sept. 15, or until capacity is reached. 

Learn more: https://lnkd.in/gc4VDYr6",https://www.linkedin.com/feed/update/urn:li:activity:7491541067717050368,Organic,,Rachael Thomas,08/07/2026,,,All followers,142,,,3,0.0211267601698637,4,0,0,,0.04929577559232712,
"Matthew Bolger, President of KUKA Canada, shares key insights on the current state of manufacturing, highlighting the shift from automotive heavy reliance toward emerging opportunities in general industry.

Check out the full conversation here: https://lnkd.in/gYWBzG_j
Check out our website: https://lnkd.in/emrWSCFk",https://www.linkedin.com/feed/update/urn:li:activity:7491512209114562560,Organic,,Steve Bauer,08/07/2026,,,All followers,137,46.0,,2,0.014598540030419827,2,0,0,,0.029197080060839653,Video
"Trevor Smith wants to put data centers in space. He's the founder and CEO of ATOMIC-6, an advanced manufacturing firm. He's developing Hot Wing, a reusable high-efficiency radiator designed for the thermal demands of computing in space. And his company recently launched ODC.space, the first marketplace for orbital data centers. 
Join us on the next episode of Advanced Manufacturing Live to find out where Smith sees the industry heading and what it will take to get there.",https://www.linkedin.com/feed/update/urn:li:activity:7490419229892964352,Organic,,Simran Saini,08/04/2026,,,All followers,709,,,18,0.025387870147824287,23,2,7,,0.07052186131477356,
"Trevor Smith wants to put data centers in space. He's the founder and CEO of ATOMIC-6, an advanced manufacturing firm. He's developing Hot Wing, a reusable high-efficiency radiator designed for the thermal demands of computing in space. And his company recently launched ODC.space, the first marketplace for orbital data centers. 
Join us on the next episode of Advanced Manufacturing Live to find out where Smith sees the industry heading and what it will take to get there.",https://www.linkedin.com/feed/update/urn:li:activity:7490419229892964352,Sponsored,"Boost Event Engagement August 4, 2026 at 3:51 PM",Simran Saini,08/04/2026,08/04/2026,08/06/2026,All followers,5053,47.0,0.0,204,0.040372055023908615,38,1,1,43.0,0.04235107824206352,Video
"Trevor Smith wants to put data centers in space. He's the founder and CEO of ATOMIC-6, an advanced manufacturing firm. He's developing Hot Wing, a reusable high-efficiency radiator designed for the thermal demands of computing in space. And his company recently launched ODC.space, the first marketplace for orbital data centers. 
Join us on the next episode of Advanced Manufacturing Live to find out where Smith sees the industry heading and what it will take to get there.",https://www.linkedin.com/feed/update/urn:li:activity:7490419229892964352,Total,,Simran Saini,08/04/2026,,,All followers,5762,616.0,,222,0.03852828964591026,61,3,8,43.0,0.04581742361187935,Video
"Stay connected to the latest manufacturing news wherever you are. Download the Advanced Manufacturing app to receive push notifications for breaking updates and create a personalized menu tailored to the topics that matter most to you.

⚙️ Download today: https://lnkd.in/gkqycP5h",https://www.linkedin.com/feed/update/urn:li:activity:7491176475501539328,Organic,,Elizabeth Anderson,08/06/2026,,,All followers,128,,,5,0.0390625,3,0,2,,0.078125,
"Congratulations to Brett Conner, SME's Chief Manufacturing Officer, on being honored with America Makes' Distinguished Collaborator Award, and to the 2026 Ambassador Award recipients!",https://www.linkedin.com/feed/update/urn:li:activity:7491159383947550720,Organic,,Jake Volcsko,08/06/2026,,,All followers,110,,,11,0.10000000149011612,0,0,1,,0.1090909093618393,
"Earlier this year, the U.S. Department of Transportation (DOT) and Federal Aviation Administration announced eight project proposals selected for the Advanced Air Mobility and Electric Vertical Takeoff and Landing Integration Pilot Program.
 
Spanning 26 states, this initiative is driving the DOT’s goal to bring next-generation aircraft into the national airspace.
  
For BETA TECHNOLOGIES, this pilot program is a gamechanger. The Vermont-based electric aerospace company will support seven of the eight projects, more than any other participating original equipment manufacturer.
 
Read on to learn more about Beta's electric aircraft and the company’s participation in the federal program: https://lnkd.in/ggXXJp57  

SME #eVTOL #Aerospace #Manufacturing #Mobility ",https://www.linkedin.com/feed/update/urn:li:activity:7491158534689140737,Organic,,Rachael Thomas,08/06/2026,,,All followers,224,,,5,0.0223214291036129,3,0,1,,0.0401785708963871,
"Two robot arms working in tandem on a common task and other innovations at Automate Show with Teradyne Robotics WILL HEALY III, Universal Robots and SME Media.

Check out the full conversation here: https://lnkd.in/gY8j5hct
For more content like this head over to our website: https://lnkd.in/emrWSCFk",https://www.linkedin.com/feed/update/urn:li:activity:7491135952887869441,Organic,,Steve Bauer,08/06/2026,,,All followers,386,173.0,,6,0.015544041059911251,12,1,0,,0.04922279715538025,Video
Big news in the industry! Autodesk continues to make inroads into the future of #advancedmanufacturing with its acquisition of MaintainX,https://www.linkedin.com/feed/update/urn:li:activity:7491083501207699456,Organic,,Steve Plumb,08/06/2026,,,All followers,214,,,6,0.028037382289767265,3,0,0,,0.04205607622861862,
"Researchers at Hiroshima University and Mitsubishi Materials Hardmetal Corp. have developed an additive manufacturing technique that could make the production of tungsten carbide-cobalt (WC-Co) components more efficient and cost-effective, officials say. 

The approach combines 3D printing with hot-wire laser irradiation, offering a potential alternative to conventional powder metallurgy processes.

Learn more about it in the link in the comments. 

#3Dprinting #additivemanufacturing #laser",https://www.linkedin.com/feed/update/urn:li:activity:7490864652697047040,Organic,,Michael McConnell,08/05/2026,,,All followers,249,,,0,0.0,2,1,0,,0.012048192322254181,
"There’s virtually no job or part of Industrial Motor Service Inc operations that Taylor Powell isn’t well versed in. That’s partly due to necessity in working for a small business. But it’s mostly by design. She started working at IMS when she was 18. Eight years later, she’s the Anderson, S.C., remanufacturing company’s COO, a position she’s held for more than a year.

Learn how a job as a 15-year-old fast-food restaurant employee helped set her up for success: 

https://lnkd.in/dKF-zk7E

#Success #SouthCarolinaManufacturing #YoungExecutive",https://www.linkedin.com/feed/update/urn:li:activity:7490813897227173888,Organic,,Michael McConnell,08/05/2026,,,All followers,152,,,0,0.0,5,0,2,,0.04605263099074364,
"The industry upswing continues, despite continued concerns over pricing volatility, ongoing hostilities in the Middle East and the latest round of tariffs. ISM's Susan Spence (Retired) and SME Media Editor-in-Chief Steve Plumb dive into the details of July’s results.

https://lnkd.in/gb_c8v9R",https://www.linkedin.com/feed/update/urn:li:activity:7490771196905447424,Organic,,Steve Bauer,08/05/2026,,,All followers,167,,,1,0.005988024175167084,4,0,1,,0.0359281450510025,
"When it comes to #AI readiness, manufacturers are further ahead the curve than they may realize. 
 
A new study conducted by Workera, an AI-powered platform that measures, verifies and develops workforce competency, reveals that manufacturers earn high marks for closing AI skill gaps—and they close them faster than any other major sector. 

Head to the comments for the full story.

SME #Manufacturing #SmartManufacturing #WorkforceDevelopment",https://www.linkedin.com/feed/update/urn:li:activity:7490432219262525440,Organic,,Rachael Thomas,08/04/2026,,,All followers,232,,,7,0.03017241321504116,8,1,2,,0.07758620381355286,
"Semiconductor manufacturing in Oregon took off in the mid-1970s when Intel moved to Hillsboro and created what became known as the “Silicon Forest.""
 
While the timber industry declined in the 80s, chip manufacturing boomed. This was bolstered by the 2023-2024 Oregon CHIPS Acts, which spurred investment and expansion by companies including Lam Research, a global supplier of the equipment and services used to make microchips. 

Lam’s technology helps customers build smaller, more efficient chips used in everything from smartphones and PCs to cars and data centers.

Learn more about Lam’s innovation and impact on economic development: https://lnkd.in/gcPG7TM5
  
#Oregon #LamResearch #SemiconductorManufacturing #AdvancedManufacturing #SiliconForest ",https://www.linkedin.com/feed/update/urn:li:activity:7490157055442522112,Organic,,Rachael Thomas,08/03/2026,,,All followers,173,,,4,0.023121386766433716,5,0,1,,0.05780346691608429,
"The manufacturing sector has expanded for the seventh consecutive month, according to the July 2026 Institute for Supply Management (ISM) Manufacturing PMI Report.

The Manufacturing PMI reached 55.6% in July, a 2.3% increase from June’s figure, and the highest reading since May 2022. The overall economy continued to expand for the 21st month in a row.

“We have a really strong report this month,” said Susan Spence (Retired), chair of the ISM Manufacturing Business Survey Committee, during a briefing Monday morning.

Find more insights at the article linked in the comments. 

SME #Manufacturing #AdvancedManufacturing #IndustryReport",https://www.linkedin.com/feed/update/urn:li:activity:7490144914698076160,Organic,,Rachael Thomas,08/03/2026,,,All followers,145,,,3,0.02068965509533882,3,1,0,,0.04827586188912392,
"
Manufacturing companies aren’t that different than other businesses when it comes to survival: Most don’t make it.

According to the payment processing company Clearly Payments, the average manufacturing business lasts about eight years. Half make it to year five and fewer than a third operate for a decade. Only 25% are still around after 15 years.

VR Industries of Warwick, R.I., has beaten the odds. Founded in 1985, it’s a second-generation, family-owned electronic contract manufacturer with clients in #renewables, #medical, #defense, #industrial systems, #robotics and the “blue” or ocean economy. 

Find out why Nathaniel Rippin, the company’s director of marketing and growth, thinks VR is unique in the state and region: 

https://lnkd.in/gu2pjAtC

#RhodeIsland #OceanStateManufacturing #VRIndustries",https://www.linkedin.com/feed/update/urn:li:activity:7490115902990901248,Organic,,Michael McConnell,08/03/2026,,,All followers,173,,,1,0.005780346691608429,4,0,1,,0.034682080149650574,
"Kent Savage is a firm believer in the benefits of onshoring.
 
As the founder and executive chairman of the Velocity Group, Savage oversees a contract manufacturing operation that offers everything from design to production, as well as guidance for companies looking to move to or expand in the U.S.
 
From its three manufacturing facilities, all based in Ohio, Velocity makes high-mix, low-volume products for clients in life sciences, aerospace and the fast-growing data center industry. 

Read on to learn why Savage says the lower initial costs from setting up manufacturing operations overseas isn’t always worth the headaches: https://lnkd.in/gscn-X8p  

SME #Onshoring #Reshoring #DomesticProduction #MadeinAmerica #Manufacturing #Ohio",https://www.linkedin.com/feed/update/urn:li:activity:7489379433032740864,Organic,,Rachael Thomas,08/01/2026,,,All followers,121,,,3,0.024793388321995735,4,0,1,,0.06611569970846176,
"
Roger Valdez likes to describe his aerospace parts fabrication business, Valco Manufacturing Co., in three ways: as a small business, a disabled veteran-owned business and a family-owned business.

What started out with just three employees in Oklahoma City in 1989 has grown to almost 50 workers, four buildings and a 75,000-sq-ft (6,968-sq-m) sheet-metal shop. 

Find out more about Valdez and his successful company in this profile: https://lnkd.in/gWnETaKM

#OK #Oklahoma #OKManufacturing #OklahomaManufacturing #aerospaceanddefense",https://www.linkedin.com/feed/update/urn:li:activity:7489330352465838080,Organic,,Michael McConnell,08/01/2026,,,All followers,140,,,3,0.02142857201397419,4,0,0,,0.05000000074505806,
"At Bismarck State College in North Dakota, a group of organizations have worked with the institution for nearly two years on a comprehensive initiative of virtual reality, assistive technology and career coaching to help individuals with disabilities not only learn about and obtain careers in manufacturing, but thrive in them.
 
XR for VR—Extended Reality for Vocational Rehabilitation—is a federally funded project made possible by a $9.9 million grant from the U.S. Department of Education’s Disability Innovation Fund. One of the project’s key areas is an Immersive Reality Room, featuring extended-reality technology to experience a “day in the life” of nearly 80 professions.
 
Read on to learn more about XR for VR: https://lnkd.in/g5NqqMi7  

SME #VirtualReality #DisabilityAwareness #Manufacturing #NorthDakota",https://www.linkedin.com/feed/update/urn:li:activity:7489066119383687170,Organic,,Rachael Thomas,07/31/2026,,,All followers,111,,,5,0.045045044273138046,5,0,0,,0.09009008854627609,
"Despite all the sophisticated software tools, preventative maintenance often comes down to a simple task: lubrication. Castrol's Greg Davidson provides great tips to improve aircraft reliability and performance.",https://www.linkedin.com/feed/update/urn:li:activity:7489064519445442560,Organic,,Steve Plumb,07/31/2026,,,All followers,100,,,2,0.019999999552965164,1,0,0,,0.029999999329447746,
"Caterpillar Inc. has made a commitment to workforce development in Illinois, the latest investment from the company’s broader Building the Future Workforce Initiative.  

The state will receive up to $10 million from Caterpillar to prepare workers for modern manufacturing and industry technician positions. 

Learn more at the article linked in the comments. 

#Illinois #IllinoisManufacturing #WorkforceDevelopment #Manufacturing",https://www.linkedin.com/feed/update/urn:li:activity:7489048155846504448,Organic,,Rachael Thomas,07/31/2026,,,All followers,452,,,8,0.017699114978313446,5,2,0,,0.03318583965301514,
"One often overlooked factor in maintaining #aircraft reliability and operational readiness is #lubrication.
 
While lubricants are commonly associated with reducing friction and wear, they play a much broader role in the performance and protection of aircraft systems.
 
From landing gear and hydraulic systems to #turbine engines and auxiliary equipment, properly selected fluids help ensure components operate as intended under demanding operating conditions.
 
Read more in ""The Critical Role of Lubrication in Aircraft Reliability and Performance"" from Castrol.

https://lnkd.in/dtD8xV7A",https://www.linkedin.com/feed/update/urn:li:activity:7488318229732458497,Organic,,Cameron Kerkau,07/29/2026,,,All followers,210,,,0,0.0,1,0,1,,0.009523809887468815,
"When he launched Montana Knife Company (MKC) in 2020, Josh Smith acknowledges he didn’t know much about #engineering, #manufacturing or #business. But he had something even more important: talent, passion and a dream that he’s parlayed into a successful company that quickly outgrew his garage and first expansion into a new facility.

Here’s the story of how Smith grew MKC into a popular business that attracts customers from across the country: 

https://lnkd.in/gqHRNWXG

#MontanaManufacturing #knivesout SME",https://www.linkedin.com/feed/update/urn:li:activity:7488302129816907776,Organic,,Michael McConnell,07/29/2026,,,All followers,141,,,2,0.014184396713972092,2,0,1,,0.03546099364757538,
"Dozens of U.S. trading partners are being slapped with new #tariffs as the Trump administration seeks to enact trade policies using laws it believes are unlikely to be overturned by courts.

Saying that many imported goods are manufactured using forced labor, the U.S. is putting tariffs ranging from 10% to 12.5% on 60 of America’s trading partners. 

Do you think these new taxes will affect your business? Read the full story in the comments. 
",https://www.linkedin.com/feed/update/urn:li:activity:7488229562036695040,Organic,,Michael McConnell,07/29/2026,,,All followers,193,,,3,0.015544041059911251,2,1,1,,0.036269430071115494,
"New Mexico is home to the first purpose-built commercial spaceport in the world. 

Spaceport America is a Federal Aviation Administration-licensed launch complex where companies can #engineer, #manufacture, test and launch at one location.

The site supports a wide range of operations including vertical rocket work, balloon launches and rocket engine static test fires, as well as a host of #workforcedevelopment initiatives. 

The Spaceport, along with the state's rich aerospace heritage, its national laboratories, including Los Alamos National Laboratory, Sandia National Laboratories and the Air Force Research Laboratory, is earning the region a growing reputation as “Space Valley.”

“Space may always be called the ‘last frontier,’ but its time is now,” says Scott McLaughlin, executive director of Spaceport America and the New Mexico Spaceport Authority. 

“New Mexico is truly part of the significant growth in the #commercial space industry. Our state is in the right place at the right time, and we must continue to promote our benefits and invest if we want to be part of this growing market.”

Read more about the #economic impact of Spaceport America in our State-by-State article on New Mexico: https://lnkd.in/gMm_3WMD
",https://www.linkedin.com/feed/update/urn:li:activity:7487942509621452801,Organic,,Cameron Kerkau,07/28/2026,,,All followers,185,,,2,0.010810811072587967,0,0,0,,0.010810811072587967,
"Deb Volzer, SME's VP of Workforce Development, on how to overcome a lack of awareness and inspire next-gen talent into the industry.

Check out the full interview here: https://lnkd.in/dMi6wbRM
For more content like this, head over to our website: https://lnkd.in/emrWSCFk",https://www.linkedin.com/feed/update/urn:li:activity:7487929957109841920,Organic,,Steve Bauer,07/28/2026,,,All followers,186,369.0,,6,0.032258063554763794,11,1,2,,0.10752688348293304,Video
"We've got a brand new virtual event coming up with our friends at Mastercam! 

Join Benjamin Chuong, Applications Engineer III at Mastercam, as he highlights useful strategies, walks through applied examples, and shares insights to help you work more efficiently with hashtag
#multiaxis toolpaths.

Ben will also be taking questions from attendees, so make sure to join us live! 

📅 August 18th
⏰ 2pm ET

Link to register for free: https://lnkd.in/gxerQCR7",https://www.linkedin.com/feed/update/urn:li:activity:7487874930546716673,Organic,,Sam Weyer,07/28/2026,,,All followers,6076,,,116,0.01909150741994381,56,0,7,,0.02946017123758793,
"The Colgate-Palmolive Co. has a long history in the Garden State, dating back to 1820. Today, the global company maintains a research and development facility in Burlington Township, N.J., where scientists create unique fragrances and flavor oils for hundreds of consumer products.

Discover why 25 members of the SME at Rutgers University chapter recently toured the operation to learn how Colgate-Palmolive makes everything from pet products to toothpaste and detergent more appealing: https://lnkd.in/gF7bbj27

SME #NewJersey #JerseyManufacturing 
",https://www.linkedin.com/feed/update/urn:li:activity:7487588358844502016,Organic,,Michael McConnell,07/27/2026,,,All followers,194,,,4,0.020618556067347527,2,0,0,,0.030927835032343864,
"Lithium is essential to developing rechargeable batteries, powering everyday devices like smartphones, laptops and digital cameras, as well as electric vehicles and other modes of transportation.
 
Nevada has some of the largest lithium deposits in the world and, according to the U.S. Geological Survey (USGS), is the country’s sole producer of raw lithium. State officials also report Nevada’s lithium-related jobs are outpacing the national average. 

Amid this growth and innovation is Dragonfly Energy Corporation, which develops advanced battery technologies and assembles lithium battery components in Reno.
  
Learn more about the manufacturer and its innovations coming out of Nevada: https://lnkd.in/gJae9ppJ
  
SME #Nevada #Lithium #BatteryManufacturing #GreenEnergy ",https://www.linkedin.com/feed/update/urn:li:activity:7486767241481383936,Organic,,Rachael Thomas,07/25/2026,,,All followers,154,,,3,0.019480518996715546,4,0,0,,0.04545454680919647,
"Enterprise Minnesota has supported #Minnesota's manufacturers for more than 30 years. As the state’s connection to the former Manufacturing Extension Partnership (MEP) National Network, the consulting organization helps manufacturers become operationally efficient and positioned to grow.

Minnesota's advanced #manufacturing industry includes more than 8,200 companies and contributed $57 billion worth of goods in 2023. According to the Minnesota Department of Employment and Economic Development, about 40% of the state’s Fortune 500 companies are involved in manufacturing, including 3M, CHS Inc., General Mills, Land O'Lakes, Inc., Ecolab, Hormel Foods, Polaris Inc. and Fastenal. Cargill, the largest private company in the country, also has significant manufacturing operations in the state.

Outside of the major global players, 97% of the state’s manufacturers have fewer than 250 employees, making manufacturing the backbone of many local communities.

Read more about manufacturing in Minnesota: https://lnkd.in/gF2s9t6h
",https://www.linkedin.com/feed/update/urn:li:activity:7486460330181824512,Organic,,Cameron Kerkau,07/24/2026,,,All followers,441,,,9,0.020408162847161293,9,0,2,,0.04535147547721863,
"During a trip home to Nebraska for Thanksgiving in 1986, Howard Huffman and Wendy Huffman had dinner with Wendy’s brother who asked if Howard knew how to configure an #engineering concept to help out a local company--Kellogg Company.

Howard, who was then an electrical engineer working toward a master’s degree at Rose-Hulman Institute of Technology in Terre Haute, Ind., grabbed a napkin and sketched out the process.

The napkin made its way to the Kellogg’s team and, based on Howard’s innovative thinking, they encouraged him to move back to Nebraska and start his own company. After Howard’s graduation in 1987, the Huffman family made the trek and founded Huffman Engineering Inc.

Today, Huffman Engineering,Inc. employs 60 people and provides engineering design, #automation and turnkey systems for highly regulated industries.

Learn more about Huffman Engineering in our State-by-State article on Nebraska: https://lnkd.in/gTuj9uFj
",https://www.linkedin.com/feed/update/urn:li:activity:7486148170482339841,Organic,,Cameron Kerkau,07/23/2026,,,All followers,337,,,3,0.008902077563107014,11,0,2,,0.04747774451971054,
"Teacher. TV host. Digital content creator. Ian Johnson has done all that and more.  On the next Advanced Manufacturing Live, Johnson will trace his manufacturing career journey and the role social media has played in it.
He will also explain why social media is a must for manufacturers that don't want to get left behind. 

Tune in to watch at 1 p.m. EDT Thursday.",https://www.linkedin.com/feed/update/urn:li:activity:7485691167322525696,Organic,,Craig Veltri,07/22/2026,,,All followers,577,207.0,,16,0.027729636058211327,12,3,2,,0.057192374020814896,Video
"✏️ Class is in session. 

In turning economics, tooling typically accounts for less than 5% of a part's total cost. Machine time and labor account for the vast majority. Therefore, the battle is won by investing in good #tooling and smart #workholding to drastically reduce machine time and labor.

With tungsten prices increasing dramatically, we need to review how we apply tools in the manufacturing world. And that's where our friends at ISCAR Headquarters come in.

Join Robert Navarrete, National Product Manager - Turning & Threading, as he helps us ensure we're applying tools in the most effective way.

🖥️ Register for this free webinar today: https://lnkd.in/gxqR3t7K",https://www.linkedin.com/feed/update/urn:li:activity:7486091802538586112,Organic,,Sam Weyer,07/23/2026,,,All followers,235,,,3,0.012765957042574883,3,0,0,,0.025531914085149765,
"Manufacturing in North Carolina began in the 1880s with a handful of #textile mills. Over the decades, the state has evolved into a high-tech, diversified sector, shifting from labor-intensive mass #production toward #automation, r&d and sustainable #technology.

To shine a light on manufacturing’s impact on the state, as well as introduce students to the various career options available in the industry, the NC Chamber launched its Manufacturing Tour in 2023. 

The 2026 tour kicked off with a visit to the Reynolds Operations Center, Reynolds American Inc.’s facility in Tobaccoville, giving business leaders, elected officials and community stakeholders a firsthand look at its #advancedmanufacturing operations. 

To learn more about the Manufacturing Tour, read our State-by-State article on manufacturing in North Carolina: https://lnkd.in/gF7yEj5Q",https://www.linkedin.com/feed/update/urn:li:activity:7485767884921544704,Organic,,Cameron Kerkau,07/22/2026,,,All followers,1459,,,15,0.010281014256179333,19,0,3,,0.025359835475683212,
"Flexible Assembly Solutions: Inside Bosch Rexroth’s Demo at Automate Show

T. J. Tatum, Digital Sales Specialist for Bosch Rexroth US, showcases the company's factory automation demo at Automate 2026.


https://lnkd.in/gpwazkgj",https://www.linkedin.com/feed/update/urn:li:activity:7485714110328827904,Organic,,Steve Bauer,07/22/2026,,,All followers,274,,,0,0.0,3,0,0,,0.010948904789984226,
"Inside Benchmark's Thailand EMS Operations
A new global hub for electronic manufacturing services.




https://lnkd.in/gJuGDG3C",https://www.linkedin.com/feed/update/urn:li:activity:7485711042275123200,Organic,,Steve Bauer,07/22/2026,,,All followers,227,,,0,0.0,2,0,0,,0.008810572326183319,
"Canada was one of the pioneers in developing artificial intelligence, but it lags in commercial. Technology reporter Amber Mac breaks down how AI is impacting manufacturing, how to make the most of the tech and what's coming next.",https://www.linkedin.com/feed/update/urn:li:activity:7485704744846454785,Organic,,Steve Bauer,07/22/2026,,,All followers,486,209.0,,19,0.039094649255275726,14,1,2,,0.07407407462596893,Video
"Sunnen Products Company has launched a machine buy-back program that gives manufacturers a cost-effective way to upgrade or replace existing equipment. Companies can sell back their current Sunnen machinery or trade it in for a newer model. 

Learn more at the release linked in the comments.

SME #Manufacturing #Machinery",https://www.linkedin.com/feed/update/urn:li:activity:7485702627494678528,Organic,,Rachael Thomas,07/22/2026,,,All followers,144,,,5,0.0347222238779068,2,1,0,,0.0555555559694767,
"Information gaps on the factory floor—what are the consequences? 

A recent survey conducted by Firstup reports that 8 in 10 factory workers find out about policy changes, safety updates or procedural shifts only after those changes have already taken effect. 

The company's Communications Crisis in Manufacturing report suggests lack of proper communication on the factory floor are costing employers in safety, performance and retention. 

Find out more below. 

#FirstUp #survey #communications #safety #factoryfloor ",https://www.linkedin.com/feed/update/urn:li:activity:7485434685305593856,Organic,,Nicole Franzese-Damron,07/21/2026,,,All followers,140,,,3,0.02142857201397419,1,1,0,,0.0357142873108387,
"Missouri University of Science and Technology's Protoplex facility is designed to be a purpose-built #innovation hub that bolsters collaboration between #industry and #academia.

As the first building of Missouri S&T’s planned innovation campus, the facility is anchored by four disciplines: advanced #manufacturing, #aerospace production, advanced #metallurgy and materials for extreme environments. 

In addition to labs and high-bay manufacturing spaces, the facility features more than 50 machines and supporting equipment across all four disciplines.

""The facility will also provide students with extraordinary opportunities,” explains Missouri S&T Chancellor Mohammad Dehghani, PhD. “They will have exposure to technologies and processes rarely available in a university setting.”

Read more about the Protoplex in our State-by-State article on #Missouri: https://lnkd.in/gYS3hpwP",https://www.linkedin.com/feed/update/urn:li:activity:7485431223385985025,Organic,,Cameron Kerkau,07/21/2026,,,All followers,150,,,3,0.019999999552965164,4,0,0,,0.046666666865348816,
"Autoworkers with Canadian #union Unifor National says members have approved a three-year contract with Ford Motor Company Canada that improves pay and benefits. It also includes a signing bonus and money for laid-off workers. 

Details are in the comments. ",https://www.linkedin.com/feed/update/urn:li:activity:7485409449558515712,Organic,,Michael McConnell,07/21/2026,,,All followers,234,,,2,0.008547008968889713,1,1,0,,0.017094017937779427,
"Smart Distributed I/O Solutions at Automate 2026!
Craig Fox, Vice President of Product and Innovation at Murrelektronik North America introduces some of their newest products at Automate Show.
Meredith Ransom



https://lnkd.in/gmS6KB3v",https://www.linkedin.com/feed/update/urn:li:activity:7485371990342520833,Organic,,Steve Bauer,07/21/2026,,,All followers,289,,,2,0.0069204154424369335,4,0,0,,0.020761245861649513,
"#Texas and #Indiana know a bit about automation. In fact, they’re among the top states listed in MIE Solutions’ latest report on automation in manufacturing.

For its “Automation Readiness Report,"" the production control software supplier scored all 50 states using digital, financial and physical hardware indicators.

Where does your state rank? Find out at the full story linked in the comments.

SME #Manufacturing #Automation #IndustryReport",https://www.linkedin.com/feed/update/urn:li:activity:7485365859251564544,Organic,,Rachael Thomas,07/21/2026,,,All followers,159,,,0,0.0,2,2,0,,0.025157231837511063,
"How Social Media Can Grow Your Fabrication Shop:
Digital marketing agency owner and TV host Ian Johnson discusses how the manufacturing industry can effectively use social media.

Check out the full interview: https://lnkd.in/g33VZs5i
Check out our website: https://lnkd.in/emrWSCFk",https://www.linkedin.com/feed/update/urn:li:activity:7485343625439191040,Organic,,Steve Bauer,07/21/2026,,,All followers,212,78.0,,5,0.02358490601181984,3,2,0,,0.04716981202363968,Video
"Although he is from Chicago, Andy Elsbury decided that Noblesville, Indiana was the ideal place to plant new roots and grow his company, Nexxt Spine. The company celebrated its 500,000th #3D-printed surgical #implant in 2024 and sells more than 100,000 implants a year worldwide. 

Elsbury says Noblesville is a great family-based community with all the infrastructure needed for high-tech-based #manufacturing. It also isn’t far from “Ortho Alley,” a 50-mile stretch between Warsaw and Fort Wayne that plays host to numerous #OEMs, #suppliers and #laboratories.

Learn more about Nexxt Spine in our State-by-State article on Indiana: https://lnkd.in/g-Pcwyr8",https://www.linkedin.com/feed/update/urn:li:activity:7485064360277495809,Organic,,Cameron Kerkau,07/20/2026,,,All followers,245,,,8,0.03265305981040001,7,0,0,,0.06122449040412903,
"Final call for respondents to the 2026 Reshoring Survey, a nationwide effort by RESHORING INITIATIVE, in collaboration with Regions Executive Recruiting LLC.

This year's survey examines the decisions behind reshoring and the impacts of the 2025 federal policy changes. Data from the survey will be used to produce reports and strategic recommendations aimed at strengthening the U.S. manufacturing sector.

Survey closes on July 24: https://lnkd.in/eYeNZSmY

SME #Survey #Manufacturing #Reshoring",https://www.linkedin.com/feed/update/urn:li:activity:7485020056209289216,Organic,,Rachael Thomas,07/20/2026,,,All followers,151,,,1,0.0066225165501236916,1,0,0,,0.013245033100247383,
"In our latest SME Speaks column, Yash Parikh, process engineering consultant at EOS, shares how to find your true north in manufacturing. 

From working as an assistant professor in India to pursuing doctoral research at Texas A&M University, Parikh explains how his professional and academic experiences changed how he thought about growth in the industry. 

""For early-career professionals, that is one of the first truths worth embracing: Your value does not come from always having the answer, but from learning how to ask better questions,"" he writes. 

Read more in the article linked in the comments. 

#Manufacturing #Engineering #Mentorship",https://www.linkedin.com/feed/update/urn:li:activity:7484990634827735041,Organic,,Rachael Thomas,07/20/2026,,,All followers,1656,,,40,0.02415458858013153,35,1,1,,0.04649758338928223,
"Massachusetts is a center for #healthcare, #biotechnology and higher #education. But what is sometimes overlooked is the state’s rich history in manufacturing. 

In the early 1800s, businessman Francis Cabot Lowell started the Boston Manufacturing Co., a textile business that operated one of the first factories in America. 

Since then, manufacturing in the Bay State has diversified to encompass medical supplies, aerospace and defense components, robotics and electronics. 

Learn about the work of Lily Fitzgerald, the director of the Center for Advanced Manufacturing at Massachusetts Technology Collaborative (MassTech), to keep manufacturing growing: 

https://lnkd.in/gNpuHpNW

#BayStateManufacturing #Advancedmanufacturing ",https://www.linkedin.com/feed/update/urn:li:activity:7484607993465044992,Organic,,Michael McConnell,07/19/2026,,,All followers,476,,,18,0.03781512752175331,21,2,2,,0.0903361365199089,
"Canadian and Indian officials are strongly denying that their countries tolerate forced labor in the manufacturing of goods they export to the U.S.

As the Office of U.S. Trade Representative held hearings in Washington into the issue last week, both countries deny that their governments accept such practices. 

The article is in the comments. 

#India #Canada #trade #forcedlabor ",https://www.linkedin.com/feed/update/urn:li:activity:7483909639521062912,Organic,,Michael McConnell,07/17/2026,,,All followers,125,,,1,0.00800000037997961,1,0,0,,0.01600000075995922,
"Shipbuilding is undergoing a revival in Louisiana.
 
Among the high-profile projects currently underway is a $300 million expansion of a Franklin shipyard to build autonomous ships. Often referred to as ASVs, they operate without human crews on board and are popular for maritime tasks considered dangerous as well as water-based defense operations.
  
The Franklin shipyard is owned by Saronic Technologies, which purchased the 60-year-old property last year. The expansion is expected to create 1,500 high-paying new jobs and 1,700 indirect positions.
  
Read more in our State by State profile on Louisiana: https://lnkd.in/dqi5_mXA  

SME #Louisiana #Maritime #Shipbuilding #Autonomous #ASV ",https://www.linkedin.com/feed/update/urn:li:activity:7483886796376981504,Organic,,Rachael Thomas,07/17/2026,,,All followers,317,,,3,0.009463722817599773,7,0,0,,0.031545739620923996,
"The national network of Manufacturing Extension Partnerships (MEP), which have been under fire for the last year, could get new life thanks to a recent bill introduced by a bipartisan group of lawmakers. 

The Defend American Manufacturing Act would require the U.S. Department of Commerce to continue MEP programs and establish deadlines for contract renewals and funding decisions to prevent lapses.

Read more at the article linked in the comments. 

SME #MEP #Manufacturing",https://www.linkedin.com/feed/update/urn:li:activity:7483536783411122177,Organic,,Rachael Thomas,07/16/2026,,,All followers,154,,,8,0.051948051899671555,6,1,1,,0.10389610379934311,
"When someone mentions #Maine, what do you think of? Lighthouses? Lobsters? Blueberries?

They are all synonymous with the state. But what may not be as commonly known is Maine’s robust, diverse manufacturing industry. Sector workers earn a combined $3.6 billion—12% of the state’s wages—and are involved in everything from #aerospace, #defense, #semiconductors and #biotech to metal, paper, boats, wood, textiles and #aquaculture.

Ensuring those industries have a voice in state politics and a steady pipeline of future workers is the goal of the Manufacturers Association of Maine, a 62-year-old nonprofit organization. 

Learn more about the group and the state’s manufacturing history from Executive Director John Lewis: 

https://lnkd.in/gzj5dmg5

#MaineManufacturing #shipbuilding",https://www.linkedin.com/feed/update/urn:li:activity:7483520847656415232,Organic,,Michael McConnell,07/16/2026,,,All followers,170,,,1,0.0058823530562222,4,0,0,,0.029411764815449715,
"A 12-year-old Georgia student and his twin brother have a business making 3D-printed toys for students. 

They make spinners and small animals for classmates, charging a few dollars per item. Discover how they're turning plastic into profits.  

The article link is in the comments. 

#3Dprinting #additivemanufacturing #youngentrepreneur",https://www.linkedin.com/feed/update/urn:li:activity:7483182225446948864,Organic,,Michael McConnell,07/15/2026,,,All followers,157,,,3,0.019108280539512634,3,1,1,,0.05095541477203369,
"In May 1988, the first ever Toyota Camry rolled off the line in Georgetown, Kentucky.

This year, as the #automaker celebrates its 40th anniversary in the city, Toyota Motor Corporation announced a $1 billion #investment across Kentucky and Indiana as part of a five-year, $10 billion commitment to its U.S. operations. 

Georgetown native Evan Adams is in the thick of the action. Serving as the senior manager overseeing #battery pack assembly for the three-row, midsize SUV, Adams says the decision to build his career at the plant was a ""no-brainer.""

Read more about Adams's career and Toyota's latest investment in our State-by-State article on #Kentucky: 

https://lnkd.in/gEJPfHkN",https://www.linkedin.com/feed/update/urn:li:activity:7482888758099374081,Organic,,Cameron Kerkau,07/14/2026,,,All followers,168,,,1,0.0059523810632526875,1,0,0,,0.011904762126505375,
"Alabama’s AIDT program helps keep the state’s economy going by recruiting and training a skilled workforce. It also helps overcome challenges that prevent people from getting jobs, such as lack of transportation. Discover how this program builds community partnerships that improve the lives of Alabama residents.  

Learn more in this article:  https://lnkd.in/g5eGQmX4 

#Alabama #Manufacturing #Advancedmanufacturing #workforcedevelopment ",https://www.linkedin.com/feed/update/urn:li:activity:7482861728913858560,Organic,,Nicole Franzese-Damron,07/14/2026,,,All followers,177,,,1,0.005649717524647713,5,0,0,,0.033898305147886276,
"Don't assume the answer to greater productivity is to buy new equipment. In many cases, the smarter investment is maximizing the performance of the #machines already on the shop floor.

Contributing Editor Kip Hanson investigates how retrofits, predictive spindle maintenance, machine calibration and automation can extend the life of legacy equipment while improving overall equipment effectiveness. 

FULL ARTICLE: https://lnkd.in/gR6suG8n


#Manufacturing #SmartManufacturing #CNC #Automation #MachineTools #PredictiveMaintenance #IndustrialAutomation #OEE
",https://www.linkedin.com/feed/update/urn:li:activity:7482811219301519361,Organic,,Cameron Kerkau,07/14/2026,,,All followers,151,,,2,0.013245033100247383,1,0,0,,0.01986755058169365,
"Artificial Intelligence often feels like a buzzword disconnected from the realities of daily manufacturing operations.
 
While industry conversations promise ""autonomous factories"" and ""digital transformation,"" the practical application of AI in small to mid-sized job shops and discrete manufacturers can seem unclear.
 
The truth is, there is strong optimism about AI’s potential to simplify workflows, address labor shortages, and drive growth. However, many manufacturers struggle with the ""how"" of #AI adoption.
 
Want to learn more? Check out ECI Software Solutions' article and be sure to read the company's 2026 AI Readiness Report.
 
https://lnkd.in/gUK75WFV",https://www.linkedin.com/feed/update/urn:li:activity:7482797495949905921,Organic,,Cameron Kerkau,07/14/2026,,,All followers,994,,,6,0.006036217324435711,3,0,0,,0.009054325520992279,
"Manufacturing has always interested Krishna Vuppala MBA, MS. This grew to amazement once he realized that almost everything in the world needs to be manufactured in some way. “Everything that we see around us—every chair, every vehicle, every phone, every piece of equipment on a farm—had to be manufactured for us to use it,” he says. 

As chair of SME Waterloo Chapter 186, a platinum-level chapter in Waterloo, Iowa, Vuppala brings students from the Waterloo and Cedar Rapids areas to events such as the International Manufacturing Technology Show (IMTS) and SME's FABTECH or RAPID + TCT.

Discover why Vuppala is so passionate about mentoring students in this story: 

https://lnkd.in/gcmGTEnv

#IowaManufacturing #payitforward #smewaterloochapter186",https://www.linkedin.com/feed/update/urn:li:activity:7482214190292860928,Organic,,Michael McConnell,07/12/2026,,,All followers,428,,,9,0.02102803811430931,13,3,0,,0.058411214500665665,
"#Illinois continues is strengthening its position as a hub for advanced #biopharmaceutical manufacturing.

CSL is expanding its long-standing #manufacturing presence in the state with a $1.5 billion investment in its Kankakee County facility.

Three hundred pharmaceutical jobs are expected to be created from this expansion, including engineering, scientist and lab technician roles, with 800 more jobs expected during the construction phase.

Read more about CSL's investment in Kankakee County in our State-by-State article on Illinois: https://lnkd.in/gSfRY5Ww",https://www.linkedin.com/feed/update/urn:li:activity:7481803050324750336,Organic,,Cameron Kerkau,07/11/2026,,,All followers,128,,,0,0.0,3,0,0,,0.0234375,
"A ranking of a state’s ease—or obstacles—to starting or running a business isn’t the kind of information you might expect from a maker of electrical power protection, automation and monitoring systems.

But that’s one of a few things that sets Schweitzer Engineering Laboratories (SEL) Engineering Laboratories Inc. apart. And while it’s been based in Pullman, Wash., for more than four decades, you’ll find it prefers to invest these days across the state line in Idaho. 

Learn more about Schweitzer’s history and how it makes its investment decisions in this article: 

https://lnkd.in/gHqN7UUb

#IdahoManufacturing #IndexofFreedom #EmployeeOwned #AdvancedManufacturing",https://www.linkedin.com/feed/update/urn:li:activity:7481342737716232193,Organic,,Michael McConnell,07/10/2026,,,All followers,101,,,1,0.009900989942252636,4,0,0,,0.049504950642585754,
"Florida continues to strengthen its position as a #manufacturing leader, ranking No. 10 nationally for manufacturing #employment. 

The state's inaugural Coolest Thing Made in Florida competition highlighted the capabilities of manufacturers across the Sunshine State, with Chromalloy earning the top honor for its FAA-approved jet engine replacement blades.

Read more about the competition in our State-by-State article on #Florida: 
https://lnkd.in/giiufajs
",https://www.linkedin.com/feed/update/urn:li:activity:7481079489024917504,Organic,,Cameron Kerkau,07/09/2026,,,All followers,100,,,2,0.019999999552965164,3,0,2,,0.07000000029802322,
"It’s no longer a question of whether to adopt digital technology. The question is how to do it.

Those are among the findings in Rockwell Automation's 11th annual ""State of Smart Manufacturing"" report. Andrew Stump, Rockwell director of technical enablement, will discuss where the digital transformation process is now, how it got here and where it might be headed in the future. 

Be sure to tune in at 1 p.m. Thursday.",https://www.linkedin.com/feed/update/urn:li:activity:7480269307659243520,Organic,,Craig Veltri,07/07/2026,,,All followers,380,,,17,0.044736843556165695,10,4,1,,0.08421052992343903,
"It’s no longer a question of whether to adopt digital technology. The question is how to do it.

Those are among the findings in Rockwell Automation's 11th annual ""State of Smart Manufacturing"" report. Andrew Stump, Rockwell director of technical enablement, will discuss where the digital transformation process is now, how it got here and where it might be headed in the future. 

Be sure to tune in at 1 p.m. Thursday.",https://www.linkedin.com/feed/update/urn:li:activity:7480269307659243520,Sponsored,AM Live 7/9/2026 Boost,Craig Veltri,07/07/2026,07/08/2026,07/09/2026,All followers,2447,120.0,0.0,100,0.040866367518901825,15,1,1,14.0,0.04495300352573395,Video
"It’s no longer a question of whether to adopt digital technology. The question is how to do it.

Those are among the findings in Rockwell Automation's 11th annual ""State of Smart Manufacturing"" report. Andrew Stump, Rockwell director of technical enablement, will discuss where the digital transformation process is now, how it got here and where it might be headed in the future. 

Be sure to tune in at 1 p.m. Thursday.",https://www.linkedin.com/feed/update/urn:li:activity:7480269307659243520,Total,,Craig Veltri,07/07/2026,,,All followers,2827,213.0,,117,0.04138663038611412,25,5,2,14.0,0.05022992566227913,Video
"Learn how a team of individuals representing Oak Ridge National Laboratory, Kairos Power and the University of Maine 3D printed composite molds for modular nuclear reactors, going from CAD models to pouring concrete onsite in 14 days, to win this year’s AM Aubin Case Study Award. The team was recognized at the SME AM Awards and TCT Awards program, held during RAPID + TCT 2026 in Boston.

#3dprinting #additivemanufacturing #rapidtct",https://www.linkedin.com/feed/update/urn:li:activity:7480704791770435584,Organic,,Simran Saini,07/08/2026,,,All followers,181,120.0,,6,0.033149171620607376,5,0,0,,0.06077348068356514,Video
"More than 100 middle school, high school and post-secondary students from across the country gathered in Atlanta last month to showcase their additive manufacturing and engineering skills during the 2026 Additive Manufacturing Competition, hosted by SME and global additive manufacturing leader Stratasys. 

The 13th annual competition was part of the 62nd annual SkillsUSA National Leadership and Skills Conference. 

Read more about the competition and meet this year's winners at the link in the comments. 

#AdditiveManufacturing #Engineering #STEM #Education",https://www.linkedin.com/feed/update/urn:li:activity:7480667048453304320,Organic,,Rachael Thomas,07/08/2026,,,All followers,794,,,27,0.03400503844022751,21,1,4,,0.06675063073635101,
"Europe’s parliament has agreed to cut duties on many American goods to avoid a fresh round of retaliatory #tariffs from the Trump administration.

The trade deal, which took effect July 1, sets 15% tariffs on most exports to the U.S. and zero tariffs on industrial goods coming from the U.S. into the 27-nation European Union.

Get the full story in the comments.",https://www.linkedin.com/feed/update/urn:li:activity:7480653063087628288,Organic,,Michael McConnell,07/08/2026,,,All followers,173,,,2,0.011560693383216858,1,1,0,,0.023121386766433716,
"The Bring Operational Optimization & Smart Technology to Mississippi (BOOST MS) Pilot Program aims to help small and midsize manufacturers in the Mississippi ARC region improve productivity, implement sustainable practices and make informed investments in Industry 4.0 technology such as AI, automation, predictive maintenance and connected systems.
 
BOOST MS—which was made possible by the Appalachian Regional Commission (ARC), the Mississippi Business Alliance and AccelerateMS, and is run by the Mississippi State University CAVS Extension—was created to support manufacturers wanting to combat skilled labor shortages with new technologies. 

Learn more about BOOST MS in our State by State story on Mississippi: https://lnkd.in/gRhvGyxK  

SME #Mississippi #WorkforceDevelopment #Manufacturing #Technologies ",https://www.linkedin.com/feed/update/urn:li:activity:7480350631862411264,Organic,,Rachael Thomas,07/07/2026,,,All followers,732,,,23,0.031420763581991196,21,0,9,,0.07240436971187592,
"California-based GrayMatter Robotics is applying physical #AI to some of manufacturing's most complex production challenges.

The company's recent collaborations with Huntington Ingalls Industries International Shipbuilding Inc and Path Robotics highlight the growing role of physical AI in strengthening U.S. #manufacturing capacity and supporting critical industries, including #defense.

Read more about GrayMatter Robotics in our State-by-State article on #California: 

https://lnkd.in/gWmM-SRD",https://www.linkedin.com/feed/update/urn:li:activity:7480321799327744000,Organic,,Cameron Kerkau,07/07/2026,,,All followers,160,,,3,0.01875000074505806,5,0,1,,0.05624999850988388,
"The #USMCA trade agreement is in limbo, with the White House saying it wants major changes before it agrees to a new deal. 

For now, the existing agreement remains in place while the U.S., Mexico and Canada discuss changes. 

Do you think the three countries will quickly reach a deal? Or will talks drag on for years? 

The full story is in the comments. 

#trade #tradetalks #Canada #Mexico #UnitedStates #freetrade",https://www.linkedin.com/feed/update/urn:li:activity:7480307756093280256,Organic,,Michael McConnell,07/07/2026,,,All followers,109,,,0,0.0,0,1,0,,0.00917431153357029,
"MatterWave CEO Alex Tiliță, the 2026 winner of the AM Start-Up Technology Award, shares his concept for reducing the need for heat treatment with higher yield rates in metal additive manufacturing, which has the potential to save $1 million per printer, per year. MatterWave was recognized at the SME AM Awards and TCT Awards program, held this year's RAPID + TCT in Boston.

#rapidtct #additivemanufacturing
",https://www.linkedin.com/feed/update/urn:li:activity:7479982804504584192,Organic,,Simran Saini,07/06/2026,,,All followers,475,335.0,,38,0.07999999821186066,21,8,3,,0.1473684161901474,Video
"Applications are open for the Youngstown Innovation Hub for Aerospace & Defense's new pilot initiative designed to help Ohio small businesses compete for National Science Foundation (NSF) Small Business Innovation Research and Small Business Technology Transfer Phase I funding. 

The three-month hybrid program will guide a select cohort of five to 10 companies through developing a competitive NSF Project Pitch and building a Phase I proposal package.

Applications are due on July 20. Learn more about the program at the link in the comments. 

#Ohio #OhioSmallBusinesses #Aerospace #Defense #AeroDef #NSF",https://www.linkedin.com/feed/update/urn:li:activity:7479924825457643520,Organic,,Rachael Thomas,07/06/2026,,,All followers,150,,,6,0.03999999910593033,3,1,0,,0.06666667014360428,
"Arizona's ""Silicon Desert"" continues to grow as one of the nation's leading #semiconductor manufacturing hubs.

Programs like Rio Salado College's Microelectronics and Nanomanufacturing Certificate are helping prepare #technicians for careers in one of the country's fastest-growing industries. 

Read how #Arizona is building the talent pipeline to support the next generation of semiconductor manufacturing: 

https://lnkd.in/gT8fVXcy
",https://www.linkedin.com/feed/update/urn:li:activity:7479519517933510657,Organic,,Cameron Kerkau,07/05/2026,,,All followers,114,,,0,0.0,2,0,1,,0.02631578966975212,
"Happy 4th of July!

This Independence Day, we're taking a look back at the milestones that helped shape American industry in our Brief History of United States Manufacturing.

https://lnkd.in/ggb_MeQ5

#manufacturing #USA #4thofJuly #IndustrialRevolution",https://www.linkedin.com/feed/update/urn:li:activity:7479179720379506688,Organic,,Cameron Kerkau,07/04/2026,,,All followers,158,,,3,0.018987340852618217,6,0,1,,0.06329113990068436,
"This Fourth of July, we’re celebrating more than America’s independence. We’re celebrating the people, innovation, and manufacturing strength that continue to shape the nation 250 years later.

As we look ahead to America’s 250th anniversary, SME is proud to spotlight the industry, ideas, and makers driving the future of manufacturing in the U.S.

Happy Fourth of July from SME! 🎆 

#Happy4th #SMEMedia #Manufacturing #Innovation",https://www.linkedin.com/feed/update/urn:li:activity:7479164618448220160,Organic,,Elizabeth Anderson,07/04/2026,,,All followers,175,,,5,0.02857142873108387,16,0,2,,0.1314285695552826,
"The Smithsonian Institution’s Arts and Industries Building has received a full electrical infrastructure upgrade from ABB ahead of its 250th anniversary programming. 

The modernization supports increased demand on the site’s power systems and introduces enhanced monitoring and safety features to maintain reliable operations.

Read more about the institution's newest upgrades at the link below. 

#ABB #ElectricalInfrastructure #SmithsonianInstitution #America250 ",https://www.linkedin.com/feed/update/urn:li:activity:7478821106129321986,Organic,,Nicole Franzese-Damron,07/03/2026,,,All followers,139,,,4,0.028776979073882103,1,1,0,,0.04316546767950058,
"From its roots in flour milling along the Brandywine River to its future in chemicals, biotechnology and semiconductor materials, Delaware has long been a #manufacturing state.

Today, companies like Qnity Electronics and Merck are building on that legacy with major investments in advanced electronics, biologics and next-generation manufacturing. 

Read more in our State-by-State of the Manufacturing Industry article on #Delaware: 
https://lnkd.in/gGMkX8dp
",https://www.linkedin.com/feed/update/urn:li:activity:7478798474449453056,Organic,,Cameron Kerkau,07/03/2026,,,All followers,118,,,3,0.025423727929592133,5,1,0,,0.0762711837887764,
"#MadeintheUSA is more than just a slogan to Caster Concepts. Learn why company Vice President Andrew Dobbins sees it as a competitive advantage in  this timely column. 

The full column is in the comments. 

#AmericanManufacturing #Manufacturing #FourthofJuly",https://www.linkedin.com/feed/update/urn:li:activity:7478526156556644352,Organic,,Michael McConnell,07/02/2026,,,All followers,180,,,4,0.02222222276031971,2,1,0,,0.03888889029622078,
"In 2013, Steve Booth, one of the founders of Push Plastic of Springdale, Ark., started to experiment with additive manufacturing. Not able to find the quality he was looking for, Booth and his son Nick started Push Plastic. Within two years, the company grew from having three small extruders to owning six. 

Today, Push’s customers range from small hobbyists to well-known commercial operators that consume pallet loads of filament. Learn more how the owners grew a manufacturing business in this article: 

https://lnkd.in/g3Gh9PUd


#Arkansas #Manufacturing #additivemanufacturing #3Dprinting ",https://www.linkedin.com/feed/update/urn:li:activity:7478484252649738241,Organic,,Michael McConnell,07/02/2026,,,All followers,138,,,1,0.007246376946568489,3,0,0,,0.028985507786273956,
"When Impulse Space set its sights on opening an office in Colorado in 2023, it was a natural fit. After all, Colorado is the self-proclaimed “Aerospace Alley,” an initiative that state officials began in 2020 to highlight and train the region’s growing aerospace workforce. 

Earlier this year, the California-based startup strengthened its presence in the state with a 20,000-sq-ft facility in Louisville, Colo. This site will lead the company’s Guidance, Navigation and Control (GNC) program for its Mira orbital transfer vehicle and Helios kick-stage platform, work that began at the Colorado office three years ago. 

Read more on Impulse Space’s plans for its new Colorado facility here: https://lnkd.in/gykVhDbx  

SME #Aerospace #ImpulseSpace #Manufacturing ",https://www.linkedin.com/feed/update/urn:li:activity:7478177424225210368,Organic,,Rachael Thomas,07/01/2026,,,All followers,152,,,4,0.02631578966975212,2,0,0,,0.03947368264198303,
Need stuff moved from one place to another? #automateshow has you sorted!,https://www.linkedin.com/feed/update/urn:li:activity:7477813230313086976,Organic,,Simran Saini,06/30/2026,,,All followers,131,54.0,,2,0.015267175622284412,2,0,0,,0.030534351244568825,Video
"Industry veterans Megan Militello and Lacey Ernandes founded the Alaska Manufacturing Association (AKMA), a member-driven organization focused on connecting #manufacturers, sharing resources and addressing the unique challenges of producing goods in one of the country's most remote manufacturing environments.

Today, AKMA brings together approximately 75 members through networking events, virtual workshops and industry collaborations that help manufacturers solve problems ranging from logistics and freight costs to #workforce #development and supplier connections.

Learn more by checking out our State-by-State article on #Alaska: https://lnkd.in/gNU4RXsc",https://www.linkedin.com/feed/update/urn:li:activity:7477782957202767872,Organic,,Cameron Kerkau,06/30/2026,,,All followers,170,,,4,0.0235294122248888,6,0,2,,0.07058823853731155,
"Japan's government is renaming the country's air force to reflect its growing focus on #spacetravel #Japan

Get the full story in the comments. 
",https://www.linkedin.com/feed/update/urn:li:activity:7477767029312151553,Organic,,Michael McConnell,06/30/2026,,,All followers,135,,,1,0.007407407276332378,0,1,0,,0.014814814552664757,
"The U.S. government awarded Lockheed Martin a seven-year contract for up to $35 billion to quadruple production of Terminal High Altitude Area Defense interceptors.

The award comes weeks after Lockheed Martin broke ground on a new Munitions Production Center in Alabama, as part of the company's $9-billion-plus investment through 2030. 

Read more about the awarded contract at the link in the comments.

SME #Aerospace #Defense #Aerodef",https://www.linkedin.com/feed/update/urn:li:activity:7477734554355752961,Organic,,Rachael Thomas,06/30/2026,,,All followers,204,,,3,0.014705882407724857,5,1,0,,0.04411764815449715,
"Breakthroughs in manufacturing took center stage as SME honored leading researchers and professionals at the 54th annual North American Manufacturing Research Conference (NAMRC 54), hosted by Penn State University.

Organized annually by the North American Manufacturing Research Institution of SME (NAMRI | SME), the conference is an international forum for applied research and innovation in manufacturing and design.

Each year, NAMRI | SME honors individuals whose research, leadership and technological advancements are shaping the future of manufacturing and elevating the field as a whole.

Head to the link in the comments to meet this year's awardees.

#NAMRC54 #Manufacturing #Innovation",https://www.linkedin.com/feed/update/urn:li:activity:7477454376358576128,Organic,,Rachael Thomas,06/29/2026,,,All followers,188,,,11,0.058510638773441315,2,1,0,,0.07446808367967606,
"Tennessee is attracting investment in #renewable #energy and power infrastructure.

Create Energy, headquartered in Portland, is expanding its #manufacturing footprint with a planned $78 million investment in a new facility in Orlinda that is expected to create 1,000 jobs.

Learn more by checking out our State-by-State article on
#Tennessee: https://lnkd.in/gPB_xPKc",https://www.linkedin.com/feed/update/urn:li:activity:7477439082172788736,Organic,,Cameron Kerkau,06/29/2026,,,All followers,1018,,,28,0.02750491164624691,14,0,2,,0.04322200268507004,
"Does America want an #electricvehicle pickup without a radio and that still uses hand-crank windows? For under $25,000 Slate Auto says yes. 

#EV #affordable ",https://www.linkedin.com/feed/update/urn:li:activity:7477366895977861134,Organic,,Michael McConnell,06/29/2026,,,All followers,3463,,,54,0.015593416057527065,35,4,0,,0.02685532718896866,
"As the #manufacturing industry continues to struggle with a shortage of skilled workers, the #neurodiverse population represents a largely untapped—and highly capable—talent pool.

This is the guiding principle behind the Utah Uniquely Abled Machinist Program. The Utah Manufacturers Association has been working to recruit local businesses to hire UUAMP graduates, and companies are stepping up.

Learn more by checking out our State by State article on #Utah: https://lnkd.in/gawPG6tK",https://www.linkedin.com/feed/update/urn:li:activity:7476365033044840449,Organic,,Cameron Kerkau,06/26/2026,,,All followers,236,,,7,0.029661016538739204,3,0,0,,0.04237288236618042,
"These massive industrial robotic arms at #automateshow do all the heavy lifting so we don't have to. Talk about a strong-arm tactic! 

#industrialrobot",https://www.linkedin.com/feed/update/urn:li:activity:7476287795150548992,Organic,,Simran Saini,06/26/2026,,,All followers,243,104.0,,13,0.05349794402718544,7,1,0,,0.08641975373029709,Video
"At NY Creates' Albany NanoTech Complex, researchers and industry partners are advancing technologies ranging from advanced packaging and memory to quantum-integrated photonics. The facility also serves as a workforce development hub, connecting students, veterans, and industry with hands-on training and research opportunities.

As investments in domestic semiconductor manufacturing continue to grow, facilities like Albany NanoTech are playing an increasingly important role in supporting innovation and talent development.

Learn more by checking out our State by State article on New York: https://lnkd.in/gXW4JQPm

#Semiconductors #Manufacturing #AdvancedManufacturing #WorkforceDevelopment",https://www.linkedin.com/feed/update/urn:li:activity:7476007119767371776,Organic,,Cameron Kerkau,06/25/2026,,,All followers,1365,,,25,0.018315019086003304,41,0,3,,0.050549451261758804,
"Join SME Media editors for a conversation with Heidi Balestrieri, engineering director at Sentry Equipment. 

Balestrieri will discuss what led her to a manufacturing career and why she's so passionate about encouraging other women to have industry careers.",https://www.linkedin.com/feed/update/urn:li:activity:7474884751179481089,Organic,,Craig Veltri,06/22/2026,,,All followers,614,252.0,,8,0.013029315508902073,13,0,4,,0.040716610848903656,Video
"1,000+ exhibitors, June 22-25, Chicago, hosted by the Association for Advancing Automation, Humanoid Robot Pavilion sponsored by NVIDIA, 200 speakers, 450,000 sq-ft of space, 50,000 attendees, etc.

#automateshow #robotics  #automation",https://www.linkedin.com/feed/update/urn:li:activity:7475937350330499072,Organic,,Simran Saini,06/25/2026,,,All followers,239,104.0,,6,0.025104602798819542,10,0,0,,0.06694560497999191,Video
"Phoenix Contact USA turned their booth at #automate2026 into a literal arcade! 
 #automateshow  #manufacturingmagic",https://www.linkedin.com/feed/update/urn:li:activity:7475643919020474368,Organic,,Simran Saini,06/24/2026,,,All followers,1321,766.0,,55,0.04163512587547302,26,4,1,,0.06510219722986221,Video
"For 80 years, General Motors’ Fairfax Assembly Plant in Kansas City has been a pillar of American manufacturing. Opened in 1946, the facility has weathered industry shifts, economic cycles and evolving vehicle technologies while continuing to anchor the region’s industrial economy.

Now, the facility is at the center of transformation as GM readies a new generation of vehicles.

Earlier this year, the company announced an additional $30-million investment to support the conversion and help upskill the Fairfax workforce. The investment follows the nearly $5.5-billion investment the automaker has made in recent years to modernize facilities across the country.

Learn more by checking out our State by State article on Kansas: https://lnkd.in/g9w57UY9

SME #Kansas #GeneralMotors #Automotive #WorkforceDevelopment",https://www.linkedin.com/feed/update/urn:li:activity:7475572964521021440,Organic,,Rachael Thomas,06/24/2026,,,All followers,493,,,6,0.01217038556933403,7,1,0,,0.028397565707564354,
"Here's a story that will make you smile: Connor Gibson, a 22-year-old former engineering student is using 3D printing to make free dentures for vulnerable people. 

https://lnkd.in/gswPkW86


#gooddeeds #3Dprinting #dentistry #additivemanufacturing",https://www.linkedin.com/feed/update/urn:li:activity:7475555870605488129,Organic,,Michael McConnell,06/24/2026,,,All followers,239,,,3,0.012552301399409771,4,0,1,,0.033472802489995956,
"The future is officially here, and it dances way better than I do!

From brewing the perfect latte  to busting a move on the show floor, the humanoid robots at #Automate2026 are next-level.

#humanoidrobot #dancingrobot",https://www.linkedin.com/feed/update/urn:li:activity:7475539680051175424,Organic,,Simran Saini,06/24/2026,,,All followers,332,170.0,,25,0.07530120760202408,12,1,1,,0.11746987700462341,Video
"Calling all toolmakers, programmers, and innovators: ANCA CNC Machines has officially opened entries for ANCA Tool of the Year 2026. 

This year, ANCA is highlighting virtual innovation, with this year's competition focused exclusively on the Virtual Tool category. 

In addition to the competition, ANCA will once again recognize and celebrate women helping shape the future of precision manufacturing with the Female Machinist of the Year award. 

Learn more about the competition and how to enter at the link below.

#ANCAToolOfTheYear2026 ",https://www.linkedin.com/feed/update/urn:li:activity:7475527630969036800,Organic,,Nicole Franzese-Damron,06/24/2026,,,All followers,124,,,0,0.0,2,1,0,,0.024193547666072845,
"Colorado is offering tax incentives to #aerospaceanddefense companies to encourage them to move to the state, and keep existing manufacturers from leaving.",https://www.linkedin.com/feed/update/urn:li:activity:7475261819494924288,Organic,,Michael McConnell,06/23/2026,,,All followers,239,,,4,0.016736401244997978,3,1,0,,0.033472802489995956,
GM Defense is talking with Lockheed Martin about helping the US #military  increase weapons production. Get the full story in the comments. ,https://www.linkedin.com/feed/update/urn:li:activity:7474861996941811712,Organic,,Michael McConnell,06/22/2026,,,All followers,299,,,9,0.03010033443570137,6,1,0,,0.05351170524954796,
"Industrial intelligence is the future of manufacturing.
 
That was declared by Tony Hemmelgarn, president and CEO of Siemens Digital Industries Software, to hundreds of individuals during the opening keynote of Siemens Realize Live Americas, which took place earlier this month in #Detroit.
 
Hemmelgarn later introduced Intelligence Center X, Siemens’ new industrial AI orchestration software. Branded as Siemens' next phase of industrial AI capabilities, Intelligence Center X helps organizations unify industrial data, workflows and AI agents into a governed system.
 
Learn more about the software at the article linked in the comments.
 
SME #IndustrialAI #IndustrialIntelligence #Manufacturing #SiemensRealizeLive",https://www.linkedin.com/feed/update/urn:li:activity:7473470251796594688,Organic,,Rachael Thomas,06/18/2026,,,All followers,302,,,10,0.03311258181929588,10,1,0,,0.06953642517328262,
"📍State by State: Hawaii 

Hawaii is an essential location for global trade and national defense. The island state is considered one of the most strategically significant military locations in the world and is home to commands from all the U.S. military branches. This includes the U.S. Indo-Pacific Command, the oldest and largest of the United States’ combatant commands.

The Advanced Manufacturing Program and Facility at Honolulu Community College was launched in 2025 to build upon efforts to strengthen Hawaii’s workforce in the Indo-Pacific region and support commerce and security.

In our spotlight story on Hawaii, Pono Chong, co-director of Ku'i Hao, explains how the first-of-its-kind program and facility offers residents a clear path to in-demand, high-paying careers in the industry. 

#AdvancedManufacturing #Manufacturing #Hawaii #HawaiiManufacturing #WorkforceDevelopment",https://www.linkedin.com/feed/update/urn:li:activity:7473071996017332224,Organic,,Elizabeth Anderson,06/17/2026,,,All followers,562,,,144,0.2562277615070343,11,0,3,,0.2811387777328491,
"The Defense Department would officially be renamed the U.S. Department of War, under legislation passed by the Senate Armed Services Committee.",https://www.linkedin.com/feed/update/urn:li:activity:7473057836860694529,Organic,,Michael McConnell,06/17/2026,,,All followers,292,,,15,0.051369864493608475,5,2,0,,0.07534246891736984,
"Most manufacturing decisions are made with good intentions and reasonable assumptions. A staffing change. A schedule built around what the plan says is possible. A new line configuration. A facility designed before production ever runs through it.

The problem is not the decision. It is what the shop floor does with it.

A change that improves one area creates a bottleneck somewhere else. A schedule that looked right falls apart when a priority order drops in. A new facility gets built exactly as planned, only for material flow to reveal the gaps on day one. Most operations find out whether a decision was right only after production has already responded. This session is about changing that.

Join our friends at Aegis Software Corporation for their informative webinar on June 23, 2026 at 12pm ET. 

Register today! https://lnkd.in/gWXiGHFy",https://www.linkedin.com/feed/update/urn:li:activity:7473030248352362496,Organic,,Sam Weyer,06/17/2026,,,All followers,438,,,4,0.00913241971284151,12,0,1,,0.0388127863407135,
"#NAMRC54 is off to an incredible start, thanks in large part to the leadership of Guha Manogharan and the hospitality of Penn State University. Check out the latest about North America's longest-running research and development conference from SME Media on AdvancedManufacturing.org",https://www.linkedin.com/feed/update/urn:li:activity:7473029552957571074,Organic,,Steve Plumb,06/17/2026,,,All followers,147,,,21,0.1428571492433548,4,0,1,,0.17687074840068817,
"NAMRI-SME President Dale Lombardo shares highlights from this year’s North American Manufacturing Research Conference (NAMRC 54), including insights on accelerating the adoption of advanced manufacturing technologies and enabling the next-gen workforce.

#NAMRC54 #AdvancedManufacturing #SmartManufacturing",https://www.linkedin.com/feed/update/urn:li:activity:7473016521376694272,Organic,,Simran Saini,06/17/2026,,,All followers,343,801.0,,7,0.020408162847161293,17,0,2,,0.07580175250768661,Video
"Manufacturing USA was created in 2014 to secure U.S. global leadership in advanced manufacturing by connecting people, ideas and technology. Its 17 institutes convene business competitors, academic institutions and other stakeholders to test applications of new technology, create new products and reduce cost and risk.

Today, Manufacturing USA continues to pursue its mission to solve industry-relevant challenges. Institutes serve as hubs for key technology areas including automation, biomanufacturing and cybersecurity, ensuring that what is invented in the U.S. can also be built in the U.S.

We take a closer look at Manufacturing USA's network at the article linked in the comments.

SME #ManufacturingUSA #AdvancedManufacturing",https://www.linkedin.com/feed/update/urn:li:activity:7472745328304209920,Organic,,Rachael Thomas,06/16/2026,,,All followers,261,,,7,0.026819923892617226,4,1,0,,0.04597701132297516,
"The US Treasury has returned $22 billion in tariff revenue, following the #SupremeCourt ruling that the Trump administration overstepped its authority in enacting open-ended tariffs without Congress' approval. ",https://www.linkedin.com/feed/update/urn:li:activity:7472681407459323904,Organic,,Michael McConnell,06/16/2026,,,All followers,145,,,1,0.006896551698446274,2,1,0,,0.027586206793785095,
"For its 54th event, the North American Manufacturing Research Conference, the continent’s longest-running manufacturing research and development conference, is hosting more than 800 engineers and scientists as well as 300-plus technical presentations this year at Penn State University.

#NAMRC54 #ManufacturingConference #InnovationInManufacturing",https://www.linkedin.com/feed/update/urn:li:activity:7472648230715944960,Organic,,Simran Saini,06/16/2026,,,All followers,606,1688.0,,48,0.07920791953802109,42,0,3,,0.15346534550189972,Video
"The National Institute of Standards and Technology (NIST) last week released a new report expanding on Manufacturing USA’s 2025 Advanced Manufacturing Occupation and Competency Framework.

Published by the institute’s Office of Advanced Manufacturing, the “Analysis of the Manufacturing USA Occupation and Competency Framework” identifies more than 130 occupations connected to 235 KSAs (knowledge, skills and abilities) that workers need to operate technologies across biomanufacturing, digital/automation, electronics, energy/processes and materials.

Find more insights from the report at the article linked in the comments. 

SME #AdvancedManufacturing #IndustryReport #Occupations",https://www.linkedin.com/feed/update/urn:li:activity:7471214218533486592,Organic,,Rachael Thomas,06/12/2026,,,All followers,152,,,0,0.0,2,1,0,,0.019736841320991516,
"Satyandra K. (SK) Gupta, co-founder and chief scientist for GrayMatter Robotics, talks with SME Media about the company’s new agreement with defense prime Huntington Ingalls Industries, the recent expansion of its operations and the latest advances and applications for physical AI in manufacturing.",https://www.linkedin.com/feed/update/urn:li:activity:7469745159354695680,Organic,,Craig Veltri,06/08/2026,,,All followers,1907,392.0,,30,0.015731515362858772,20,1,3,,0.02831672877073288,Video
"Ivo Ivanov, CEO of DE-CIX, penned an article for Manufacturing Engineering & Technology magazine on how much engineering and manufacturing have advanced over time, and how new technologies are ""shaped by data, driven by feedback and built to adapt."" 

""The factory is no longer a place where processes are fixed and optimized over time,"" Ivanov writes. ""It’s becoming an environment that learns, responds and reconfigures itself continuously, where the challenge is no longer just building machines, but orchestrating everything that connects them.""

Find more insights in the article linked in the comments. 

SME #Engineering #Manufacturing #Data",https://www.linkedin.com/feed/update/urn:li:activity:7470856195860246529,Organic,,Rachael Thomas,06/11/2026,,,All followers,148,,,0,0.0,2,1,0,,0.020270269364118576,
"Quantum Space, a company building advanced maneuverable spacecraft for defense and commercial space operations, announced the establishment of a new manufacturing facility in Tulsa, Okla.

The facility will serve as the company's primary site for large propulsion tank manufacturing and precision spacecraft parts production, initially creating up to 50 high-skill jobs, with expected expansion as the production scales.

Building modifications will begin in July, with initial operational capability targeted for the first quarter of 2027.

Read more about Quantum Space's Oklahoma facility at the release linked in the comments. 

SME #Aerospace #Defense #Manufacturing",https://www.linkedin.com/feed/update/urn:li:activity:7470566441281339392,Organic,,Rachael Thomas,06/10/2026,,,All followers,184,,,4,0.021739130839705467,2,1,0,,0.03804347664117813,
"For our latest SME Speaks column, Jaime Besada, an engineering student at Universidad del Norte in Colombia, reflects on his educational journey and shares advice for fellow engineering and manufacturing professionals.
 
Besada is the co-founder of SME Universidad del Norte S409, the first SME student chapter in both Colombia and South America.
 
""Neither my education nor my professional development happened overnight,"" Besada writes. ""It didn't come from academic performance alone or from staying up late to study. These achievements came from opportunity—from recognizing it where others may not and acting on it when others hesitate.""
 
Read more at the article linked in the comments.",https://www.linkedin.com/feed/update/urn:li:activity:7470485828100591616,Organic,,Rachael Thomas,06/10/2026,,,All followers,281,,,10,0.035587187856435776,10,2,1,,0.08185053616762161,
"📍 State by State: Michigan

Michigan's manufacturing legacy is well known, but the state's story is still being written.

Today, Michigan remains the nation's automotive manufacturing leader and a hub for mobility, EV and advanced manufacturing innovation. With more than 619,000 manufacturing workers and over $100 billion in annual manufacturing GDP, the state continues to play a critical role in shaping the future of American industry.

But manufacturing is ultimately about people.

In this state's Manufacturing in the News spotlight, meet Jacara Moore, whose journey from incarceration to engineering support technician at Sinto America, Inc. demonstrates the life-changing opportunities manufacturing can create.

#AdvancedManufacturing #Manufacturing #MichiganManufacturing #Industry40 #WorkforceDevelopment #USManufacturing",https://www.linkedin.com/feed/update/urn:li:activity:7470185149922664449,Organic,,Elizabeth Anderson,06/09/2026,,,All followers,417,,,106,0.2541966438293457,7,0,1,,0.2733812928199768,
FABTECH Expo Canada keynote speaker Ian Johnson of Digital Lug says companies involved in #manufacturing cannot ignore #socialmedia any longer. #FabtechCanada,https://www.linkedin.com/feed/update/urn:li:activity:7470154125096370177,Organic,,Michael McConnell,06/09/2026,,,All followers,330,,,8,0.024242423474788666,5,0,1,,0.042424242943525314,
"Phillips Education, a specialized training division of Phillips Corporation, has announced a new initiative to directly invest in the skilled professionals who maintain critical production machinery. The division will offer one fully sponsored seat in its Haas Maintenance & Repair Training program.

The selected applicant will train on production-level Haas Automation, Inc. equipment during the five-day program and learn key training topics including electrical troubleshooting and diagnostics, machinery recovery workflows and more.

Applications for the sponsored training seat will be accepted through June 19, 2026. 

Learn more about the program at the release linked in the comments.

SME #WorkforceDevelopment #Machinery #Manufacturing",https://www.linkedin.com/feed/update/urn:li:activity:7470136570545664001,Organic,,Rachael Thomas,06/09/2026,,,All followers,1006,,,13,0.012922464869916439,10,2,1,,0.025844929739832878,
"Md Habib Ullah Khan, one of the authors of the winning graduate-level Digital Manufacturing Challenge submission at this year’s RAPID + TCT event, describes how a joint team from the University of Delaware and Temple University created a moldless fabrication of ultra-lightweight composite structures by placing continuous fibers directly along optimized load paths.",https://www.linkedin.com/feed/update/urn:li:activity:7470135664152432640,Organic,,Simran Saini,06/09/2026,,,All followers,142,425.0,,15,0.10563380271196365,6,0,1,,0.15492957830429077,Video
"Cybersecurity invasions to bedevil the manufacturing sector, according to a study from Verizon Business.

In the company’s 2026 Data Breach Investigations Report (DBIR), manufacturing was the second-most attacked business sector with 3,627 incidents. Three in four of those incidents (2,713) were stolen-data attacks.

The 19th report is based on studies of 22,000 confirmed data breaches in 145 countries that took place between November 2024 and October 2025. This is the largest number of breaches the company has ever examined in a single report, Verizon officials said, as cases continue to increase year over year.

Read more insights from the report and how the manufacturing industry is affected at the article linked in the comments.

SME #Cybersecurity #Manufacturing",https://www.linkedin.com/feed/update/urn:li:activity:7469789168269750272,Organic,,Rachael Thomas,06/08/2026,,,All followers,297,,,4,0.013468013145029545,4,1,0,,0.03030303120613098,
Sandvik has decided to sell its #additivemanufacturing business unit: https://lnkd.in/gE5w6iUX,https://www.linkedin.com/feed/update/urn:li:activity:7469757679633125377,Organic,,Michael McConnell,06/08/2026,,,All followers,279,,,4,0.01433691754937172,0,0,0,,0.01433691754937172,
"The American Precision Museum (APM) has completed its $2.8-million “Floor 2 The Future” fundraising campaign.

The innovation supports the renovation and activation of the museum’s second floor for a range of uses, including educational programming, a conference center for community and corporate events. and more. This project will increase APM’s usable space by 45% within its existing building.

“Reaching this milestone is an investment not just in our building, but also in the future of American manufacturing education and inspiring the next generation to consider careers in manufacturing,” Steve Dalessio, APM's executive director, said in a statement. “'Floor 2 The Future' allows us to bring more of our collection to life while creating new opportunities for learning, collaboration, and innovation.”

Learn more about the museum: https://lnkd.in/dYcg9jdx",https://www.linkedin.com/feed/update/urn:li:activity:7468745973721141248,Organic,,Rachael Thomas,06/05/2026,,,All followers,388,,,2,0.005154639016836882,2,1,0,,0.012886597774922848,
US plans new #tariffs: The White House is proposing new tariffs to combat forced labor by major trading partners such as Canada and the UK. ,https://www.linkedin.com/feed/update/urn:li:activity:7468723475197665281,Organic,,Michael McConnell,06/05/2026,,,All followers,247,,,5,0.02024291455745697,1,1,0,,0.028340080752968788,
"SME Media Editor Rachael Thomas shares insights from Siemens Realize LIVE Americas, which took place this week in Detroit. During the four-day event, attendees learned what solutions Siemens has to offer in industrial AI, lifecycle management, manufacturing and more. 
 
#DigitalTransformation #AI #Simulation #Manufacturing",https://www.linkedin.com/feed/update/urn:li:activity:7468684786757349376,Organic,,Simran Saini,06/05/2026,,,All followers,486,149.0,,16,0.03292180970311165,8,0,1,,0.05144032835960388,Video
SME Senior Editor Michael McConnell discusses HP's Multi Jet Fusion technology applications and equipment with Emily Levin and Arvind Rangarajan at RAPID + TCT in Boston.,https://www.linkedin.com/feed/update/urn:li:activity:7468378136959893504,Organic,,Simran Saini,06/04/2026,,,All followers,378,103.0,,6,0.01587301678955555,5,0,0,,0.029100529849529266,Video
"#Job openings surged in April, according to new data from the U.S. Department of Labor #goodnews",https://www.linkedin.com/feed/update/urn:li:activity:7468331038398648320,Organic,,Michael McConnell,06/04/2026,,,All followers,247,,,0,0.0,3,1,0,,0.016194332391023636,
"No two states have the same manufacturing story.

As America celebrates its 250th anniversary, we're proud to launch our first-ever State by State of the Manufacturing Industry special report, highlighting the people, programs and organizations making manufacturing matter across the country. 🗺️💪⚙️ 

Over the coming weeks, we'll spotlight individual states and the unique strengths that help power U.S. manufacturing.

Explore the map and follow along as we take a closer look at manufacturing across America: https://lnkd.in/gCpRgSth 

#AdvancedManufacturing #Manufacturing #USManufacturing #Industry40 #WorkforceDevelopment #MET #SMEMedia",https://www.linkedin.com/feed/update/urn:li:activity:7468035272052686850,Organic,,Elizabeth Anderson,06/03/2026,,,All followers,1743,,,397,0.227768212556839,34,1,12,,0.25473320484161377,
"At RAPID + TCT 2026, SME Media Senior Editor Michael McConnell visits the LDO Motors booth to speak with Jason Bao, vice president of LDO Motors, about its role in the global 3D printing industry.",https://www.linkedin.com/feed/update/urn:li:activity:7467918564952518656,Organic,,Simran Saini,06/03/2026,,,All followers,225,51.0,,0,0.0,2,0,0,,0.008888889104127884,Video
"When Shannon Marimón sees students have that “lightbulb moment” building a robot and working with the same technologies used by Connecticut’s largest manufacturers, such as General Dynamics Electric Boat or Sikorsky, she says it fills her with optimism about the future.

Providing Connecticut students with equitable access to advanced manufacturing education is one of her responsibilities as executive director of ReadyCT, a Hartford-based nonprofit offering K-12 work-based learning and career-training opportunities.

ReadyCT is a partner on a two-year, $4.8-million investment in robotics and manufacturing education from the Manufacturing Innovation Fund, a strategic state program administered by the Office of Manufacturing within the Connecticut Department of Economic and Community Development.

The investment will support the Robotics 2.0 project—which runs through Dec. 31, 2027—with a focus on two national robotics programs: VEX Robotics and FIRST Robotics. Students and educators can join robotics teams and participate in competitions, summer camps and teacher professional development.

Learn more about this investment in the article linked in the comments. ",https://www.linkedin.com/feed/update/urn:li:activity:7467663527151869952,Organic,,Rachael Thomas,06/02/2026,,,All followers,394,,,8,0.020304568111896515,3,2,1,,0.03553299605846405,
"GE Appliances, a Haier company says it is bringing #manufacturing of a washer/dryer back to the U.S. from Asia. The move will create about 800 #jobs #goodnews #reshoring",https://www.linkedin.com/feed/update/urn:li:activity:7467603756155596800,Organic,,Michael McConnell,06/02/2026,,,All followers,472,,,5,0.010593220591545105,3,1,0,,0.0190677959471941,
"At RAPID + TCT 2026, SME Media Senior Editor Michael McConnell connects with Jim Ringer, business development director at Tech Met Inc., to explore what the company's nearly 50 years of experience means for customers.",https://www.linkedin.com/feed/update/urn:li:activity:7467554101178880002,Organic,,Simran Saini,06/02/2026,,,All followers,410,94.0,,8,0.019512195140123367,5,0,0,,0.031707316637039185,Video
"MISUMI Group Inc. has launched MISUMI Americas (MISUMI USA), a specification-driven global manufacturing and supply chain company.

MISUMI Group also recently announced a $1-billion global investment to support growth initiatives, including significant investments in the U.S. The company appointed its first American CEO to spearhead U.S. expansion through MISUMI Americas.

Learn more at the release linked in the comments. ",https://www.linkedin.com/feed/update/urn:li:activity:7466228054189838336,Organic,,Rachael Thomas,05/29/2026,,,All followers,548,,,19,0.03467153385281563,5,1,0,,0.04562043771147728,
"SME Media Editor-in-Chief Steve Plumb talks to Randy VanBuren of Massivit 3D Printing Technologies Ltd. about the idea behind RapidWings, a composite tooling option that reduces supply chain lead times for military, aerospace and defense prime contractors.",https://www.linkedin.com/feed/update/urn:li:activity:7465854416881905664,Organic,,Simran Saini,05/28/2026,,,All followers,464,97.0,,16,0.03448275849223137,4,0,0,,0.043103449046611786,Video
Whirlpool Corporation is making a $60 million investment to build a new washer and dryer plant in Ohio. #goodnews,https://www.linkedin.com/feed/update/urn:li:activity:7465850552615190528,Organic,,Michael McConnell,05/28/2026,,,All followers,255,,,4,0.01568627543747425,3,1,0,,0.0313725508749485,
"From supply chain volatility and geopolitical unrest to workforce challenges and transformative technologies, manufacturers need to learn how to survive—and thrive—in dynamic environments where flexibility is critical. Quickparts CEO Avi Reichental and SME Media’s Steve Plumb and Michael McConnell will discuss what this means for the industry today and how it could impact the future.  

Reichental leads Quickparts' global operations, creating components for aerospace, medical and mobility through additive and traditional manufacturing.",https://www.linkedin.com/feed/update/urn:li:activity:7465150825070247936,Organic,,Craig Veltri,05/26/2026,,,All followers,1301,1550.0,,41,0.03151421993970871,19,2,9,,0.05457340553402901,Video
#3Dprinting company Stratasys is buying filament maker Markforged for $42.5 million. #additivemanufacturing,https://www.linkedin.com/feed/update/urn:li:activity:7465767587096756226,Organic,,Michael McConnell,05/28/2026,,,All followers,230,,,0,0.0,1,1,0,,0.008695651777088642,
"A3 - Association for Advancing Automation has named Jim Devaprasad of Lake Superior State University (LSSU) the recipient of the 2026 A3 Educator of the Year Award.

As a professor in LSSU’s School of Engineering and Technology, Devaprasad has spent 40 years helping shape the next generation of automation professionals. He has helped secure more than $3 million in robotics and automation equipment for the university's Center for Advanced Robotics Engeneering, where he serves as director, along with more than $2 million in grants for engineering programs.

Devaprasad and his students will be part of Automate 2026 in Chicago, where LSSU will exhibit in the Education Pavilion.

Read more about the award at the release linked in the comments.",https://www.linkedin.com/feed/update/urn:li:activity:7465454937834012672,Organic,,Rachael Thomas,05/27/2026,,,All followers,311,,,13,0.041800644248723984,2,1,0,,0.05144694447517395,
"Submissions are open for the 2026 Reshoring Survey, a nationwide effort by RESHORING INITIATIVE, in collaboration with Regions Executive Recruiting LLC. 

The organizations are looking for insights from original equipment manufacturers and contract manufacturers about the current trends in reshoring and foreign direct investment, shifting manufacturing operations, and sourcing to the U.S.

The survey is open until July 15. 

Learn more: https://lnkd.in/eYeNZSmY",https://www.linkedin.com/feed/update/urn:li:activity:7465416957375385601,Organic,,Rachael Thomas,05/27/2026,,,All followers,259,,,2,0.0077220075763762,3,0,1,,0.023166023194789886,
"#Cuttingtool shipments in March increased 25% from year-ago levels, according to the  Association For Manufacturing Technology and the U.S. Cutting Tool Institute. 

#goodnews #manufacturing #technology",https://www.linkedin.com/feed/update/urn:li:activity:7465387115187597312,Organic,,Michael McConnell,05/27/2026,,,All followers,297,,,0,0.0,1,1,0,,0.006734006572514772,
"Parker Hannifin Corp. is buying Circor Aerospace for $2.55 billion. 

#aerospace 

https://lnkd.in/gruaSpmv
",https://www.linkedin.com/feed/update/urn:li:activity:7465076808560873472,Organic,,Michael McConnell,05/26/2026,,,All followers,572,,,28,0.04895104840397835,7,0,0,,0.06118880957365036,
"Today, we honor and remember the brave men and women who made the ultimate sacrifice in service to our country.

This Memorial Day, SME Media reflects with gratitude on their courage, dedication and legacy.

#MemorialDay #HonorAndRemember #SMEMedia",https://www.linkedin.com/feed/update/urn:li:activity:7464715331794571265,Organic,,Elizabeth Anderson,05/25/2026,,,All followers,255,,,10,0.03921568766236305,3,0,0,,0.05098039284348488,
"The job market for #manufacturing #engineers may be stronger than in other industries, but uncertainty still persists for job seekers. 

In the latest episode of Advanced Manufacturing Now #podcast, Industry veteran and former executive recruiter Dick Schenkel speaks with Senior Editor Michael McConnell about the qualities job seekers can practice to stand out to prospective employers.

Listen Now:
https://lnkd.in/gyvVDs8X
",https://www.linkedin.com/feed/update/urn:li:activity:7463665331320893440,Organic,,Cameron Kerkau,05/22/2026,,,All followers,742,,,16,0.021563341841101646,2,0,0,,0.02425876073539257,
"SME has announced its 2026 College of Fellows. For 40 years, this program has honored members who've made outstanding contributions to the social, technological and educational aspects of manufacturing and engineering. 

The 2026 Fellows are: 
🔹Stephan Biller
🔹Shaochen Chen
🔹Soundar Kumara
🔹Dale Lombardo
🔹Dr. Melissa Orme
🔹Radu Pavel, Ph.D.
🔹Rebecca Taylor, FSME
🔹Cheryl X.

Learn more about the 2026 Fellows and how they will be recognized throughout this year at the release linked in the comments.",https://www.linkedin.com/feed/update/urn:li:activity:7463322664208764928,Organic,,Rachael Thomas,05/21/2026,,,All followers,5448,,,359,0.06589574366807938,54,26,3,,0.08113069087266922,
Stellantis and Accenture have signed an agreement to expand the use of #artificialintelligence and #digitaltwins. ,https://www.linkedin.com/feed/update/urn:li:activity:7463303344585871360,Organic,,Michael McConnell,05/21/2026,,,All followers,271,,,10,0.036900367587804794,3,1,0,,0.05166051536798477,
"China has agreed to buy 200 American-made jets from Boeing 
#aviation ",https://www.linkedin.com/feed/update/urn:li:activity:7462940132665368578,Organic,,Michael McConnell,05/20/2026,,,All followers,305,,,4,0.013114754110574722,2,1,0,,0.02295081876218319,
"CERATIZIT USA announced this month that Mark Frost has joined the company’s Midwest team as a Technical Sales Engineer for the cutting tool division.

“My background working with customers and partners around the world has given me a broad perspective on machining strategies,” Frost says. “But what I value most is being on the shop floor with customers in my area, understanding their challenges and delivering practical solutions that work.”

Learn more about Frost's new role at the release linked in the comments.",https://www.linkedin.com/feed/update/urn:li:activity:7462919209136865280,Organic,,Rachael Thomas,05/20/2026,,,All followers,1954,,,103,0.05271238461136818,25,2,1,,0.06704196333885193,
"The U.S. Navy has awarded $991.1 million to Lockheed Martin to produce 432 electronic warfare modification kits for F-35 jets. These kits cover F-35 jets for the Air Force and the Navy, as well as other allies using Joint Strike Fighter aircraft.

The kits are part of the Technology Refresh-3 effort, which involves preparing existing F-35 jets for the entire fleet’s transition to the Block IV technology. This includes increased missile capacity, advanced electronic warfare capabilities and improved target recognition.

Read more at the article linked in the comments.",https://www.linkedin.com/feed/update/urn:li:activity:7462892572433141760,Organic,,Rachael Thomas,05/20/2026,,,All followers,285,,,8,0.028070176020264626,2,1,0,,0.038596492260694504,
"John Kawola, CEO of Boston Micro Fabrication - BMF, discusses the niche that his company fills in the 3D printing space.",https://www.linkedin.com/feed/update/urn:li:activity:7462847560181846016,Organic,,Simran Saini,05/20/2026,,,All followers,339,89.0,,6,0.017699114978313446,1,0,0,,0.02064896747469902,Video
"KUKA will showcase its advanced palletizing automation solutions for the fast-moving consumer goods industry (FMCG) at EXPO PACK, taking place June 2-5 in México City, México.

Across two live demonstrations—including a fully integrated, end-to-end multi-robot cell—KUKA will demonstrate how integrated robotics, mobile automation and vision-based software work together to deliver solutions for modern packaging and FMCG environments.

Read more about KUKA's presentations at the release linked in the comments.",https://www.linkedin.com/feed/update/urn:li:activity:7462593061743648768,Organic,,Rachael Thomas,05/19/2026,,,All followers,271,,,4,0.014760147780179977,1,1,0,,0.022140221670269966,
"The SME Education Foundation will award over 250 scholarships in 2026, supporting students pursuing post-secondary education in technical fields that power manufacturing. Select recipients were recognized at the SME International Awards Gala hosted by the organization earlier this month.

This year alone, the Foundation awarded over $1.5 million in scholarship awards to graduating high school seniors, undergraduate and graduate students—the highest total in program history.

Read more about this milestone at the release linked in the comments.",https://www.linkedin.com/feed/update/urn:li:activity:7462518630203924481,Organic,,Rachael Thomas,05/19/2026,,,All followers,700,,,32,0.04571428522467613,6,1,2,,0.058571428060531616,
"At RAPID + TCT 2026, SME Media Senior Editor Michael McConnell visits the A3D Manufacturing booth to speak with Jon Toews and Jacob Moss about their comprehensive approach to contract manufacturing. A3D supports customers through the entire product journey, from initial design ideation and prototyping to bridge production and full-scale manufacturing.

Learn how A3D is leading the way in mass customization and hybrid manufacturing, offering versatile solutions that integrate the latest innovations with established manufacturing standards.",https://www.linkedin.com/feed/update/urn:li:activity:7462495966202445826,Organic,,Simran Saini,05/19/2026,,,All followers,1076,307.0,,84,0.07806691527366638,12,0,3,,0.09200743585824966,Video
U.S. President Donald Trump declined to talk about Taiwan with Chinese President Xi Jinping during last week's summit. ,https://www.linkedin.com/feed/update/urn:li:activity:7462215599704883200,Organic,,Michael McConnell,05/18/2026,,,All followers,348,,,33,0.09482758492231369,1,1,0,,0.10057470947504044,
"FARO CREAFORM 3D Metrology, a global provider of 3D scanning and portable CMM solutions, announced an update for its Laser Line Probe portfolio used with the Quantum X FaroArm Series and Quantum Max FaroArm Series.

The update introduces refined image‑processing algorithms designed to improve scan consistency and reduce time to data, particularly when working with parts that feature difficult and contrasting surface finishes.

Head to the comments for the link to the full release.",https://www.linkedin.com/feed/update/urn:li:activity:7461116376133451776,Organic,,Rachael Thomas,05/15/2026,,,All followers,455,,,14,0.03076923079788685,4,1,0,,0.04175824299454689,
"Tight tolerances are critical for seals used in space flights and other aerospace and defense applications. Scott Yoder shares the latest advances in Orion Industries, Ltd.'s coating technologies to meet the challenge.",https://www.linkedin.com/feed/update/urn:li:activity:7461089656034742272,Organic,,Simran Saini,05/15/2026,,,All followers,464,155.0,,21,0.045258618891239166,3,1,2,,0.05818965658545494,Video
"Following court orders, the U.S. government has started issuing #tariff refunds. It will likely be a long, slow process. ",https://www.linkedin.com/feed/update/urn:li:activity:7461080112277417984,Organic,,Michael McConnell,05/15/2026,,,All followers,147,,,0,0.0,1,1,0,,0.013605441898107529,
"On the next episode of Advanced Manufacturing Live, our Senior Editor Michael McConnell will talk to Jason Rolland, PhD, chief technology officer at Carbon, a California-based 3D printing technology company. 

Rolland will discuss the growing role of additive manufacturing in healthcare and where he thinks the technology will go in the future.",https://www.linkedin.com/feed/update/urn:li:activity:7460020515202641921,Organic,,Craig Veltri,05/12/2026,,,All followers,974,349.0,,24,0.024640657007694244,13,0,2,,0.04004106670618057,Video
"Quality control is evolving fast and AI is changing what’s possible on the production line.

Join Sundeep Ahluwalia, Chief Product Officer at TDK SensEI, for a closer look at how computer vision and edge AI are helping manufacturers detect defects faster, improve throughput, and reduce human error in real time.

Learn how edgeRX Vision is already being used in TDK facilities worldwide to inspect up to 2,000 parts per minute with AI-driven precision.

📅 Thursday, May 14
⏰ 2:00 PM ET

Register now: https://lnkd.in/ex7huUjF",https://www.linkedin.com/feed/update/urn:li:activity:7460422793826992128,Organic,,Elizabeth Anderson,05/13/2026,,,All followers,993,,,20,0.020140986889600754,15,0,3,,0.03826787695288658,
"Sandvik Coromant has announced its participation at the upcoming IMTS - International Manufacturing Technology Show in September. 

The cutting tool specialist and manufacturing solutions provider will highlight its approach to solving challenges in machining, metalworking and production. One of the highlights will be an interactive 3D component simulation table, which attendees can use to learn about machining a variety of components from industries such as aerospace, automotive and energy.

Read more at the release linked in the comments.

SME #Manufacturing #TradeShow #CuttingTools #Machining",https://www.linkedin.com/feed/update/urn:li:activity:7460362109466542080,Organic,,Rachael Thomas,05/13/2026,,,All followers,1783,,,114,0.06393718719482422,30,2,2,,0.08300616592168808,
"The SME Education Foundation has released its annual report for 2025, highlighting key events, initiatives and statistics regarding the Foundation’s efforts last year.

Highlights of 2025 according to the report include:

- Nearly 1,000 students from 51 schools participating in SME Bright Minds Student Summits
- 100 students participating in the SkillsUSA Additive Manufacturing Competition
- 12,000 students served by the SME PRIME program

Find the full report here: https://lnkd.in/eKnJASz9

#manufacturing #education #scholarship #impact",https://www.linkedin.com/feed/update/urn:li:activity:7460341695189069824,Organic,,Cameron Kerkau,05/13/2026,,,All followers,478,,,8,0.016736401244997978,8,0,1,,0.0355648547410965,
"AI is only as smart as the data behind it.

Most manufacturers are still battling disconnected systems, buried tribal knowledge, and engineering data that is impossible to scale.

Join CADDi and IMAGINiT Technologies for a real conversation about what it actually takes to prepare for AI-driven growth and how manufacturers can turn messy legacy data into a competitive advantage.

📅 Wednesday, May 13
⏰ 2:00 PM ET

Register now: https://lnkd.in/e95KrEQr",https://www.linkedin.com/feed/update/urn:li:activity:7460026051100983296,Organic,,Elizabeth Anderson,05/12/2026,,,All followers,928,,,10,0.010775862261652946,18,0,0,,0.03017241321504116,
"Overview Energy and Meta last month announced a first-of-its-kind agreement and partnership to advance American-built, space-based solar energy with initial orbital demonstration in 2028 and commercial power delivery expected in 2030.

The agreement gives Meta early access to capacity from Overview's space solar energy system of up to 1GW.

The system collects solar energy in space and beams it to existing solar facilities on the ground, where it is converted into electricity.

Learn more about the new agreement at the link in the comments. 

SME #Space #SolarPower #Energy",https://www.linkedin.com/feed/update/urn:li:activity:7459990144327139329,Organic,,Rachael Thomas,05/12/2026,,,All followers,266,,,2,0.007518797181546688,2,1,0,,0.01879699155688286,
"A New York-based trade court has ruled the 10% global #tariffs instituted after the Trump administration's loss at the Supreme Court are also illegal. 
#trade #tradepolicy",https://www.linkedin.com/feed/update/urn:li:activity:7459634318810873856,Organic,,Michael McConnell,05/11/2026,,,All followers,274,,,2,0.007299270015209913,3,1,0,,0.021897809579968452,
"Manufacturing moves fast. Your industry news should too.

Stay connected to the latest manufacturing trends, technology updates, industry insights, and breaking news all in one place with the Advanced Manufacturing app. Whether you’re on the shop floor, traveling, or between meetings, the information you need is always within reach.

Free to download on the App Store and Google Play.📲 

#AdvancedManufacturing #Manufacturing #SmartManufacturing #Industry40 #ManufacturingTechnology",https://www.linkedin.com/feed/update/urn:li:activity:7459581654639005696,Organic,,Elizabeth Anderson,05/11/2026,,,All followers,188,,,4,0.021276595070958138,2,0,0,,0.03191489353775978,
"Angry at the European Union's slow approval of a trade deal, the president says he is putting a 25% #tariff on European automobiles. ",https://www.linkedin.com/feed/update/urn:li:activity:7458153476770922496,Organic,,Michael McConnell,05/07/2026,,,All followers,306,,,0,0.0,2,1,0,,0.009803921915590763,
"Hypertherm Associates has released a software update for Robotmaster, its offline programming for robotic plasma cutting, welding and contouring.

The release introduces performance and platform improvements, a standardized approach to robotic plasma cell deployment, and more predictable robot motion to help customers move from CAD to production with fewer delays.

“Our customers aren’t just programming more parts. They’re working with larger CAD models, denser toolpaths, and increasingly complex robot programs where responsiveness is critical,” said Garen Cakmak, director of business development and product management at Hypertherm. “With this software update, we focused on reducing friction in heavy workflows so programmers can move from CAD to robot-ready programs faster, while delivering a smoother, more responsive experience, powered by a modernized platform.”

Head to the comments for more on this software release.",https://www.linkedin.com/feed/update/urn:li:activity:7457867054591750145,Organic,,Rachael Thomas,05/06/2026,,,All followers,456,,,4,0.008771929889917374,3,1,0,,0.017543859779834747,
Are you at SME Fusion 2026? Let’s build the future of workforce development together!,https://www.linkedin.com/feed/update/urn:li:activity:7457851497599414272,Organic,,Simran Saini,05/06/2026,,,All followers,1788,581.0,,144,0.08053690940141678,34,2,9,,0.10570469498634338,Video
"Despite tariffs, inflation and war with Iran, manufacturing remained in expansion for the fourth straight month, according to the May 1 ISM Manufacturing PMI report. #manufacturing #goodnews",https://www.linkedin.com/feed/update/urn:li:activity:7457461009885106176,Organic,,Michael McConnell,05/05/2026,,,All followers,282,,,2,0.007092198356986046,5,1,0,,0.028368793427944183,
"In April, Corvus Robotics launched the Corvus Trident, a new #AI-powered device that gives warehouses a continuous record of every pallet movement from inbound receipt through putaway, replenishment, picking and outbound shipment.

Trident mounts directly to forklifts, reach trucks and other material handling equipment, capturing pallet movement automatically during normal operations.

Learn more about the product at the release linked in the comments.",https://www.linkedin.com/feed/update/urn:li:activity:7457442610434072577,Organic,,Rachael Thomas,05/05/2026,,,All followers,1680,,,58,0.03452381119132042,17,1,0,,0.04523809626698494,
"Sit in on the cliff notes version of renowned MIT Professor Neil Gershenfeld master class on the importance of digital fabrication processes, next-gen AI and doing your homework.",https://www.linkedin.com/feed/update/urn:li:activity:7457154638857842688,Organic,,Simran Saini,05/04/2026,,,All followers,463,136.0,,8,0.01727861724793911,12,0,1,,0.04535637050867081,Video
"3D-printed dentures, orthopedic devices and other customized healthcare applications are fast becoming a low-cost, high-performing alternatives, notes Jeffrey Graves, CEO of  3D Systems Corporation.",https://www.linkedin.com/feed/update/urn:li:activity:7456117101515259904,Organic,,Simran Saini,05/01/2026,,,All followers,255,72.0,,0,0.0,6,0,1,,0.027450980618596077,Video
"TRUMPF North America has introduced new solutions for automated sorting of 2D laser-cut parts. With the SortMaster Station and SortMaster Vision, manufacturers can sort parts without any programming. 

“Automated sorting of parts is one of the biggest challenges in the sheet metal world and this solution proves our technological leadership in that area,” says Andreas Bunz, head of robotics at the Trumpf Chicago-area Smart Factory. 

The SortMaster Station will be available for purchase in the U.S. as of September 2026, and the SortMaster Vision will be available for purchase next year.

Learn more about Trumpf's new systems at the release linked in the comments.",https://www.linkedin.com/feed/update/urn:li:activity:7456065826022952960,Organic,,Rachael Thomas,05/01/2026,,,All followers,1618,,,32,0.019777502864599228,16,1,0,,0.030284302309155464,
"One of these 3D printers prepares coffee… can you spot it?

#RapidTCT #additivemanufacturing",https://www.linkedin.com/feed/update/urn:li:activity:7455991027103981568,Organic,,Simran Saini,05/01/2026,,,All followers,225,60.0,,8,0.035555556416511536,5,0,0,,0.057777777314186096,Video
"From orthodontic aligners and dentures to wheelchair cushions and medical device components, Carbon's Jason Rolland talks scaling up customized solutions with additive manufacturing",https://www.linkedin.com/feed/update/urn:li:activity:7455707564207542273,Organic,,Simran Saini,04/30/2026,,,All followers,4456,760.0,,174,0.03904847428202629,35,2,2,,0.04780071973800659,Video
"SME Media Editor-in-Chief Steve Plumb and Senior Editor Michael McConnell sit down with Harry Moser, President of the RESHORING INITIATIVE, to explore the growing impact of reshoring on the U.S. economy. They will discuss how reshoring can strengthen the U.S. economy and boost competitiveness by building a stronger skilled workforce.",https://www.linkedin.com/feed/update/urn:li:activity:7454945404699373568,Organic,,Craig Veltri,04/28/2026,,,All followers,772,2229.0,,44,0.05699481815099716,9,2,5,,0.07772020995616913,Video
"On July 4, 2026, America will officially celebrate 250 years of independence. 

But the festivities have already started, with a barrage of local parades, tech activities, educational events and contests across the country, including the Great American State Fair, sponsored by Freedom 250. 

CEO Keith Krach, a serial #entrepreneur and #innovator, shares some of the highlights, history and what’s next as the country reignites the American spirit on the latest episode of Advanced Manufacturing Now #podcast.

LISTEN HERE: https://lnkd.in/dc5RTrJd",https://www.linkedin.com/feed/update/urn:li:activity:7455634824238837760,Organic,,Cameron Kerkau,04/30/2026,,,All followers,411,,,6,0.014598540030419827,8,0,1,,0.036496348679065704,
"A few days of innovation, energy, and ideas we will carry forward
 #RapidTCT #AdditiveManufacturing #3DPrinting",https://www.linkedin.com/feed/update/urn:li:activity:7455593724861943808,Organic,,Simran Saini,04/30/2026,,,All followers,680,137.0,,48,0.07058823853731155,9,0,1,,0.08529412001371384,Video
"Senior Vice President Alex Monino shares HP’s latest advances, including the low-cost, Multi Jet Fusion 1200 3D Printer, as the company celebrates its 10th year at RAPID + TCT with several milestones.",https://www.linkedin.com/feed/update/urn:li:activity:7455253118780350464,Organic,,Simran Saini,04/29/2026,,,All followers,246,55.0,,0,0.0,5,0,0,,0.020325202494859695,Video
"Brett Conner, SME’s Chief Manufacturing Officer, shares his insights on how additive manufacturing is scaling up across industries, including aerospace and defense, at RAPID + TCT in Boston.",https://www.linkedin.com/feed/update/urn:li:activity:7454963922622881792,Organic,,Simran Saini,04/28/2026,,,All followers,483,110.0,,14,0.028985507786273956,9,0,0,,0.0476190485060215,Video
"""Innovations in additive manufacturing are enabling complex geometries and custom parts, but success depends on process choice, material behavior and smart post-processing.""

Jeanna Van Rensselar explores AM and hybrid manufacturing in her feature for STLE - Society of Tribologists and Lubrication Engineers, and shares four key areas that tribologists can contribute to the technology:

https://lnkd.in/d3Qr5Xg7",https://www.linkedin.com/feed/update/urn:li:activity:7454939422397095936,Organic,,Cameron Kerkau,04/28/2026,,,All followers,820,,,2,0.002439024392515421,2,0,0,,0.004878048785030842,
"In today’s workforce landscape, where access, equity and speed-to-skill are critical to meeting industry demand, organizations that remove barriers and connect individuals to meaningful careers are helping shape the future of manufacturing. 

Recognizing this impact, SME has named Matrix Human Services as the recipient of the 2026 Workforce Development Innovations Award.

The award recognizes organizations that demonstrate leadership in preparing individuals for careers in manufacturing and skilled trades through innovative, outcomes-driven training models. Matrix Human Services was selected for its success in delivering flexible, industry-aligned programs that connect Detroit residents to sustainable career pathways.

Learn more about Matrix Human Services at the release linked in the comments. 

#WorkforceDevelopment #Award #Innovation",https://www.linkedin.com/feed/update/urn:li:activity:7454908465426247680,Organic,,Rachael Thomas,04/28/2026,,,All followers,364,,,10,0.02747252769768238,4,1,0,,0.041208792477846146,
"Applications are better, faster and more reliable than ever. Now Formlabs CEO Maxim Lobovsky and winner of SME’s 2026 AM Industry Achievement Award is refocusing his efforts on specific development opportunities that drive global competitiveness.

https://lnkd.in/gxp3WeVx",https://www.linkedin.com/feed/update/urn:li:activity:7454869694668279808,Organic,,Simran Saini,04/28/2026,,,All followers,575,128.0,,16,0.027826087549328804,14,0,0,,0.052173912525177,Video
"Zekelman Industries announced this month that Jim Marsh has joined the company as Executive Director, Digital & Mission Critical Infrastructure. 

In this role, Marsh will lead business development efforts for data center, AI and digital infrastructure, and other mission-critical markets.

Read more at the release linked in the comments.

SME #AI #DigitalInfrastructure #MissionCritical",https://www.linkedin.com/feed/update/urn:li:activity:7452801802481270784,Organic,,Rachael Thomas,04/22/2026,,,All followers,402,,,12,0.02985074557363987,3,1,0,,0.03980099409818649,
"Additive manufacturing will play a critical role as America scales up its industrial sector, but more work is needed in terms of standards and qualifications to drive further adoption, according to Stratasys’ Foster Ferguson.",https://www.linkedin.com/feed/update/urn:li:activity:7452793351701143552,Organic,,Simran Saini,04/22/2026,,,All followers,301,162.0,,8,0.02657807245850563,3,0,1,,0.039867110550403595,Video
"AMUG (Additive Manufacturing Users Group) presented its prestigious DINO (Distinguished INnovator Operator) Award for additive manufacturing expertise and service to six deserving individuals. These individuals received their awards at the 37th annual AMUG Conference held in March in Reno, Nevada.

AMUG representatives presented the DINO Awards in recognition of tenure in the additive manufacturing industry, years of service, contributions to the industry, and active support of AMUG and its conference.

Meet the awardees at the release linked in the comments. 

SME #AdditiveManufacturing #AMUG #Awards",https://www.linkedin.com/feed/update/urn:li:activity:7452771566922252288,Organic,,Rachael Thomas,04/22/2026,,,All followers,2245,,,36,0.01603563502430916,27,2,0,,0.028953230008482933,
"Healthcare was an early adopter of 3D printing with some impactful real-world benefits. But the best is yet to come as AI, new materials and other advances take shape, according to Materialise CEO Brigitte de Vet-Veithen.",https://www.linkedin.com/feed/update/urn:li:activity:7452726135592865792,Organic,,Simran Saini,04/22/2026,,,All followers,378,77.0,,10,0.026455026119947433,6,0,0,,0.042328041046857834,Video
"Karsten Heuser, Siemens vice president of additive manufacturing, details new applications, performance improvements and cost reductions at RAPID + TCT in Boston.",https://www.linkedin.com/feed/update/urn:li:activity:7452701651238420480,Organic,,Simran Saini,04/22/2026,,,All followers,3160,844.0,,209,0.06613924354314804,52,2,4,,0.08449367433786392,Video
Velo3D CEO Arun Jeldi aims to transform traditional manufacturing knowledge into a 3D digitalized world. He shares his perspective at RAPID + TCT 2026 in Boston.,https://www.linkedin.com/feed/update/urn:li:activity:7452381775969955840,Organic,,Simran Saini,04/21/2026,,,All followers,5061,1369.0,,404,0.07982612401247025,57,2,5,,0.09247184544801712,Video
"#AdditiveManufacturing is changing the face of #healthcare, according to panelists who spoke at RAPID + TCT: 

https://lnkd.in/gzWyCfpp

Jeffrey Graves Alex Monino Jason Rolland",https://www.linkedin.com/feed/update/urn:li:activity:7452380407599370240,Organic,,Michael McConnell,04/21/2026,,,All followers,376,,,12,0.03191489353775978,4,0,0,,0.042553190141916275,
"If there’s one thing you can count on at RAPID + TCT, it’s Terry Wohlers. His keen insight has been a fixture every year since the event’s inception 36 years ago. In Boston, he shares his outlook for the industry and what American companies need to do to keep pace with growing competition from China.",https://www.linkedin.com/feed/update/urn:li:activity:7452345794738962433,Organic,,Simran Saini,04/21/2026,,,All followers,697,340.0,,14,0.020086083561182022,10,0,2,,0.03730272501707077,Video
"#China is using social media to undermine the current #Taiwan government, which supports maintaining independence, according to Reuters.  

Full story in the comments.",https://www.linkedin.com/feed/update/urn:li:activity:7452068553853140992,Organic,,Michael McConnell,04/20/2026,,,All followers,328,,,10,0.030487805604934692,0,1,0,,0.03353658691048622,
"Shipments of cutting tools, measured by the Cutting Tool Market Report, a collaboration between AMT - The Association For Manufacturing Technology and the United States Cutting Tool Institute (USCTI), totaled $225.1 million in February 2026.

Orders increased 2% from January 2026 and were up 12.8% from February 2025.

“The first quarter of 2026 looks a bit better from a sales perspective,” said Mike Stokey, president of USCTI and executive vice president and owner of Allied Machine & Engineering, a cutting tool manufacturer. “Unfortunately, there continues to be uncertainty regarding the cost and supply of raw materials. The leadership and membership of USCTI are keeping a close eye on this issue. These factors, along with the war in the Middle East, are requiring constant attention from our entire industry.”

Read more insights from the report at the release linked in the comments.
",https://www.linkedin.com/feed/update/urn:li:activity:7452044120971317249,Organic,,Rachael Thomas,04/20/2026,,,All followers,536,,,12,0.02238805964589119,2,1,0,,0.02798507548868656,
"You're welcome, Christina Roberts!",https://www.linkedin.com/feed/update/urn:li:activity:7450970133797195776,Organic,,Jake Volcsko,04/17/2026,,,All followers,200,,,14,0.07000000029802322,2,0,0,,0.07999999821186066,
"RAPID + TCT is a wrap, and so is SME Media’s Exhibitor Passport 🗺️⚙️ The winner of the Creality 3D Printer has been chosen, but here are our 8 featured exhibitors👏

A3D Manufacturing 
MatterHackers, Inc. 
SMC 
Tech Met Inc. 
Precision Resource, Inc. 
LDO Motors Co., Ltd 
Boston Micro Fabrication - BMF 
HP  

#SMEMedia #Manufacturing #3DPrinting #AdditiveManufacturing",https://www.linkedin.com/feed/update/urn:li:activity:7450966904783011840,Organic,,Elizabeth Anderson,04/17/2026,,,All followers,1212,192.0,,47,0.0387788787484169,11,0,1,,0.04867986962199211,Video
"⏰ This is your last chance to submit a nomination for SME's 2026 30 Under 30 program! Nominations close tonight (April 17) at 11:59 p.m.

This program was designed to recognize the amazing manufacturing talent happening across North America, from the classrooms to the shop floors and everywhere in between.  

➡️ Get your nominations in today! https://lnkd.in/ghaxAqQh",https://www.linkedin.com/feed/update/urn:li:activity:7450913557535408128,Organic,,Rachael Thomas,04/17/2026,,,All followers,481,,,12,0.02494802512228489,2,0,2,,0.03326403349637985,
"SME’s Steve Plumb sits down with industry vet, Todd Grimm (AMUG 🦕) Grimm to discuss the history of RAPID + TCT and what's in store for the future of additive manufacturing. Don't miss out!",https://www.linkedin.com/feed/update/urn:li:activity:7450911106669117440,Organic,,Simran Saini,04/17/2026,,,All followers,708,343.0,,34,0.04802259802818298,12,3,0,,0.0692090392112732,Video
"The MET Passport Program in collaboration with A3D Manufacturing, Boston Micro Fabrication - BMF, HP, LDO Motors Co., Ltd, MatterHackers, Inc., Precision Resource, Inc., SMC and Tech Met Inc. brought incredible energy to RAPID + TCT 2026 in Boston. 

And now, the moment we’ve all been waiting for…

The winner of the K2 Plus 3D printer from Creality has been announced!
Congratulations to Christina Roberts 🎉",https://www.linkedin.com/feed/update/urn:li:activity:7450631032808046592,Organic,,Simran Saini,04/16/2026,,,All followers,1544,349.0,,122,0.07901554554700851,22,4,3,,0.0977979302406311,Video
"""As robotics adoption expands, automation literacy is starting to look less like a niche capability and more like a baseline industrial skill,"" writes SME Media Contributing Editor Meaghan Ziemba.

SME #automation #robotics #robots #manufacturing",https://www.linkedin.com/feed/update/urn:li:activity:7450624318813794304,Organic,,Cary Gitter,04/16/2026,,,All followers,362,,,4,0.01104972418397665,0,1,0,,0.013812154531478882,
"SME Media Editor Rachael Thomas and Associate Editor Cary Gitter sit down for an industry update, discussing recent news on the Manufacturing Extension Partnership, a visit to Michigan Central and Newlab in Detroit, and the administration's proposed defense budget for 2027.",https://www.linkedin.com/feed/update/urn:li:activity:7449817062975287296,Organic,,Craig Veltri,04/14/2026,,,All followers,707,440.0,,20,0.028288543224334717,9,0,0,,0.04101838916540146,Video
"Sandvik Coromant has upgraded its tool reconditioning service for solid round cutting tools, to give manufacturers complete control over their reconditioning process. The upgraded service replaces a previously manual, multi-stage workflow with a streamlined, fully online experience that dramatically reduces quoting and turnaround times.

Through a new online portal, customers log in, enter the tool’s product code and the quantity they wish to recondition, and receive an instant quote.

Learn more about the new service at the release linked in the comments. 

SME #Tooling #Manufacturing",https://www.linkedin.com/feed/update/urn:li:activity:7450569555854245888,Organic,,Rachael Thomas,04/16/2026,,,All followers,4438,,,112,0.025236593559384346,66,1,13,,0.04326273128390312,
"Our very own Jake Volcsko Vice President of Integrated Media, takes the stage at RAPID + TCT 2026 in Boston.

Sharing key highlights from the show and a look ahead to RAPID 2027 in Detroit, April 13 to 15. Day 3 and we are not ready to say goodbye just yet.",https://www.linkedin.com/feed/update/urn:li:activity:7450568248778997760,Organic,,Simran Saini,04/16/2026,,,All followers,829,,,184,0.22195416688919067,33,0,2,,0.2641737163066864,
Stratasys CEO Yoav Zeif joins SME’s Steve Plumb to talk about the latest innovations and growth opportunities for additive manufacturing—and what AI adds to 3D printing.,https://www.linkedin.com/feed/update/urn:li:activity:7450519693708230656,Organic,,Simran Saini,04/16/2026,,,All followers,385,108.0,,22,0.05714285746216774,7,1,0,,0.07792207598686218,Video
"Advanced technology has never been more important to the success of today’s military and national defense. Brigadier General Beth Behn, commanding general for the U.S. Army TACOM, shares her insights at RAPID + TCT in Boston on how additive manufacturing is being deployed to enhance readiness.",https://www.linkedin.com/feed/update/urn:li:activity:7450365210088878080,Organic,,Simran Saini,04/16/2026,,,All followers,445,497.0,,42,0.09438202530145645,12,0,3,,0.12808988988399506,Video
"Additive manufacturing can help the defense and energy sectors improve efficiency, speed and reliability, writes America Makes' Eartha A.Hopkins.

SME #additivemanufacturing #3Dprinting #defense #energy",https://www.linkedin.com/feed/update/urn:li:activity:7450291241679970304,Organic,,Cary Gitter,04/15/2026,,,All followers,408,,,12,0.029411764815449715,10,1,1,,0.05882352963089943,
"RAPID + TCT 2026 in #Boston show floor energy in seconds watch it come to life.

 #3dprinting #additivemanufacturing",https://www.linkedin.com/feed/update/urn:li:activity:7450256125746376705,Organic,,Simran Saini,04/15/2026,,,All followers,610,158.0,,46,0.07540983706712723,16,1,4,,0.10983606427907944,Video
"📆 Only two days left to nominate individuals for SME's 2026 30 Under 30 program! 

If you know someone making strides in the manufacturing industry, from the classroom to the shop floor, nominate them today. Nominees must be no older than 30 years old as of Dec. 31, and self-nominations are welcome. 

➡️ Submit today: https://lnkd.in/ghaxAqQh

👀 P.S. If you're attending RAPID + TCT in Boston this week, head over to SME's space to learn more about 30 Under 30, fill out our form and explore more innovations at this year's show! ",https://www.linkedin.com/feed/update/urn:li:activity:7450226277778718721,Organic,,Rachael Thomas,04/15/2026,,,All followers,214,,,6,0.028037382289767265,2,0,0,,0.037383176386356354,
"Boston brought the heat to Day 1 of RAPID + TCT🔥 North America’s largest additive manufacturing and industrial 3D printing event will continue through this Thursday, April 16th.

#SMEMedia #Manufacturing #3DPrinting #Industrial3DPrinting #AdditiveManufacturing",https://www.linkedin.com/feed/update/urn:li:activity:7450206087791677440,Organic,,Elizabeth Anderson,04/15/2026,,,All followers,406,106.0,,28,0.06896551698446274,10,0,1,,0.09605911374092102,Video
"Recap from Day 1 at RAPID + TCT. Bring it on Day 2.

#smemedia #rapidtct #additivemanufacturing",https://www.linkedin.com/feed/update/urn:li:activity:7450202904726265856,Organic,,Simran Saini,04/15/2026,,,All followers,310,,,76,0.2451612949371338,7,0,0,,0.26774194836616516,
"“There’s a lot happening here at all times,” Caroline Del Giudice, art and production realization manager at Newlab in Detroit, told journalists on a guided tour of Michigan Central and Newlab on April 9. “But the glue that holds it all together is that it’s made here. Everything is happening here.”

The “it” that Del Giudice refers to is the innovation coming out of the 270,000-sq-ft (25,084-sq-m) technology center and coworking space that supports the commercialization of critical technology startups. Newlab’s specialties include additive manufacturing, robotics, artificial intelligence, energy, climate tech and mobility.

During the guided tour, SME Media Editor Rachael Thomas and Digital Content Producer Steve Bauer witnessed innovative work from Sharrow Marine, motmot and other startups and manufacturers at Newlab. 

Read more of our recap and watch a virtual tour of Newlab at the article linked in the comments.

(First photo provided by Michigan Central x Newlab. Second and third photos provided by Rachael Thomas.)",https://www.linkedin.com/feed/update/urn:li:activity:7450184062687903745,Organic,,Rachael Thomas,04/15/2026,,,All followers,919,,,98,0.10663764923810959,23,2,3,,0.1371055543422699,
It’s the first day of RAPID + TCT 2026 in Boston! SME’s Michael McConnell and Steve Plumb talk with John Wilczynski from America Makes about the history of RAPID + TCT and the future of additive manufacturing.,https://www.linkedin.com/feed/update/urn:li:activity:7450154716032065536,Organic,,Simran Saini,04/15/2026,,,All followers,439,245.0,,562,1.2801822423934937,17,0,1,,1.321184515953064,Video
"Day 1 at RAPID + TCT a few glimpses from the show floor. Innovation, energy and great conversations all around.

More to come. #RAPIDTCT #SMEMedia",https://www.linkedin.com/feed/update/urn:li:activity:7449877214910758912,Organic,,Simran Saini,04/14/2026,,,All followers,572,,,390,0.6818181872367859,15,0,1,,0.7097902297973633,
"We’re gearing up for RAPID + TCT 2026 in Boston! 

Here’s a sneak peek before the buzz begins. 

SME Media will be on-site April 14–16 bringing you live coverage, highlights, and behind-the-scenes moments across our social channels. Stay tuned! ",https://www.linkedin.com/feed/update/urn:li:activity:7449562847178842112,Organic,,Simran Saini,04/13/2026,,,All followers,822,,,246,0.29927006363868713,25,0,2,,0.3321167826652527,
"SPE: Inspiring Plastics Professionals has announced a new collaboration with 3DSHQ to expand the SPE Foundation’s 3D Printer Grant Program for educational institutions nationwide.

The relationship enhances educational initiatives focused on plastics and manufacturing by integrating 3D printing technology with accessible instructional content. The SPE 3D Printer Grant Program is open to educational institutions at all levels.

Head to the comments for the link to the full release.",https://www.linkedin.com/feed/update/urn:li:activity:7449535718936301568,Organic,,Rachael Thomas,04/13/2026,,,All followers,847,,,10,0.011806375347077847,5,1,1,,0.020070837810635567,
"See you in Boston! 

SME Media will be live at RAPID + TCT from April 14–16, bringing you all the latest in additive manufacturing, innovation, and industry insights.

#RAPIDTCT #SMEMedia #AdditiveManufacturing",https://www.linkedin.com/feed/update/urn:li:activity:7449510789042036736,Organic,,Simran Saini,04/13/2026,,,All followers,709,,,22,0.03102961927652359,14,1,3,,0.05641748756170273,
"ZEISS Industrial Quality Solutions will celebrate the grand opening of its new Quality Excellence Center in Huntersville, N.C., with a special one-day event dedicated to bringing together manufacturers across the southeastern United States.

Taking place on April 16, the event welcomes manufacturing professionals responsible for quality, performance and operational transformation, including executives, engineering leaders, and quality managers. Attendees can expect industry expert discussions and keynotes, focused breakout sessions, networking opportunities and more. 

Learn more about Zeiss' new facility at the release linked in the comments. ",https://www.linkedin.com/feed/update/urn:li:activity:7449484455812968448,Organic,,Rachael Thomas,04/13/2026,,,All followers,1808,,,70,0.038716815412044525,41,1,4,,0.06415928900241852,
"We're in the final five days of accepting nominations for the SME 2026 30 Under 30 program! 🌟 Nominations close Friday, April 17 at 11:59 p.m. 

Help us find the next generation of manufacturing talent. This year's honorees will be published in a special edition of Manufacturing Engineering & Technology magazine and on AdvancedManufacturing.org later this year. 

⏰ Don't wait to submit: https://lnkd.in/ghaxAqQh",https://www.linkedin.com/feed/update/urn:li:activity:7449109075809939457,Organic,,Rachael Thomas,04/12/2026,,,All followers,1042,,,28,0.02687140181660652,10,1,2,,0.03934741020202637,
"The president's proposed 2027 budget slashed funding for National Institute of Standards and Technology and cuts all money for the Manufacturing Extension Partnership that the NIST administers. 

https://lnkd.in/gudzxRHP

#budget #workforcedevelopment #manufacturing #businessdevelopment",https://www.linkedin.com/feed/update/urn:li:activity:7448463472314712064,Organic,,Michael McConnell,04/10/2026,,,All followers,292,,,6,0.02054794505238533,1,0,0,,0.02397260256111622,
"Have you submitted a nomination for SME's 2026 30 Under 30 program? We are one week away from closing submissions!

If you or someone you know are solving tough challenges in the industry, conducting manufacturing research, teaching manufacturing trades or breaking the stereotypes of traditional manufacturing, this is the last week to submit them for chance to be recognized as a SME 30 Under 30 honoree. 

➡️ Nominate a #manufacturing professional today: https://lnkd.in/ghaxAqQh",https://www.linkedin.com/feed/update/urn:li:activity:7448447187530952704,Organic,,Rachael Thomas,04/10/2026,,,All followers,328,,,8,0.024390242993831635,6,0,0,,0.04268292710185051,
"Headed to RAPID + TCT 2026? Don't miss your chance to win a Creality 3D printer!

The MET Passport Program is your ticket to exploring amazing exhibitors at RAPID + TCT in Boston and a chance to win.

Here’s how it works:

1. Grab your passport from the cover of Manufacturing Engineering & Technology (MET) magazine on the conference floor.

2. Visit the participating exhibitor booths listed on your passport.
Collect a unique stamp from each booth.

3. Once your passport is complete, drop it in the official submission box at the SME Mission Critical: Workforce 2030 booth 2363.

One lucky winner will be randomly selected at the closing of the exhibit hall. Don’t miss your chance to explore, collect, and enter for a chance to win!

For more information, visit: https://lnkd.in/gv7trQe8

#3dprinting #events #additive #giveaway #manufacturing #industry",https://www.linkedin.com/feed/update/urn:li:activity:7448430902797422592,Organic,,Cameron Kerkau,04/10/2026,,,All followers,549,,,8,0.014571948908269405,9,0,0,,0.030965391546487808,
"SME Media is currently searching for our next Associate Editor!

If you’re a strong writer with editorial experience and an interest in manufacturing, this is a great opportunity to make an impact across print and digital platforms while collaborating with a dynamic team.

Apply today or share with someone who would be a great fit!

#Hiring #EditorialJobs #JournalismJobs #Manufacturing #SMEMedia #Careers #NowHiring

https://lnkd.in/gd4wM4Bu",https://www.linkedin.com/feed/update/urn:li:activity:7448394497446662145,Organic,,Cameron Kerkau,04/10/2026,,,All followers,5732,,,97,0.016922540962696075,11,0,3,,0.019364967942237854,
"""Where AI does belong, and where it already delivers real value, is in what I would call the 'middle layer' of production,"" writes Protocase Chairman Doug Milburn. ""This is the layer between design intent and physical execution.""

SME #AI #artificialintelligence #manufacturing",https://www.linkedin.com/feed/update/urn:li:activity:7448375455528824832,Organic,,Cary Gitter,04/10/2026,,,All followers,360,,,4,0.011111111380159855,4,1,0,,0.02500000037252903,
"After setting records in 2024 and 2025, energy demand is expected to hit records again for the next two years. The Energy Information Administration says power-hungry data centers are responsible. 

https://lnkd.in/gcZ4B5au",https://www.linkedin.com/feed/update/urn:li:activity:7448116417066975232,Organic,,Michael McConnell,04/09/2026,,,All followers,298,,,0,0.0,2,0,0,,0.00671140942722559,
"INDUSTRIAL TRUCK ASSOCIATION's thirteenth annual National Forklift Safety Day will take place on Tuesday, June 9, at the National Press Club in Washington, D.C. The event will be in-person, with a virtual attendance option. 

The event—which will feature presentations from government representatives, safety experts and industry leaders—allows forklift manufacturers to highlight the safe use of forklifts, the value of operator training and the need for daily equipment checks.

Learn more about the event and register at the link in the comments.",https://www.linkedin.com/feed/update/urn:li:activity:7448087984878297088,Organic,,Rachael Thomas,04/09/2026,,,All followers,238,,,2,0.008403361774981022,2,1,0,,0.021008403971791267,
"Requests from Ford Motor Company for a reprieve from aluminum #tariffs have so far gone unheeded by the White House, according to a report from The Wall Street Journal.

Ford recently petitioned the Trump administration for tariff relief, citing fires last year at an aluminum-rolling facility in Oswego, N.Y., that are causing domestic #supplychain problems.

Aluminum processed at the plant is used in Ford’s highly profitable F-150, the top-selling vehicle in America. The Oswego plant also supplies Stellantis and General Motors.

White House officials pushed back on the Journal’s report, saying U.S. automakers have not heavily lobbied for tariff relief.

""While Ford and other automakers have raised supply concerns in light of the Novelis incident, they have not requested tariff ⁠relief on this matter in a particularly pronounced way,"" Reuters reported, quoting an unnamed administration official.

For more news, visit https://lnkd.in/emrWSCFk",https://www.linkedin.com/feed/update/urn:li:activity:7448053243139710976,Organic,,Cameron Kerkau,04/09/2026,,,All followers,254,,,2,0.007874015718698502,0,0,0,,0.007874015718698502,
"Mark Lamoncha, president and CEO of Humtown, was recently selected as Ohio’s Small Business Person of the Year for 2026.

SME U.S. Small Business Administration #ohio #smallbusiness #manufacturing ",https://www.linkedin.com/feed/update/urn:li:activity:7448031677232312320,Organic,,Cary Gitter,04/09/2026,,,All followers,340,,,10,0.029411764815449715,4,1,0,,0.04411764815449715,
"TRUMPF is introducing a new TruLaser Tube 7000 laser tube cutting machine for the North American market.

SME #machining #manufacturing",https://www.linkedin.com/feed/update/urn:li:activity:7448025560137510912,Organic,,Cary Gitter,04/09/2026,,,All followers,218,,,6,0.027522936463356018,1,1,0,,0.03669724613428116,
"Dynamic Conveyor Corporation, a manufacturer of conveyor solutions, celebrates its 35th anniversary this year, marking more than three decades of engineering modular, low-maintenance conveyor systems for various industries.

This milestone comes as the company continues to expand its product lines and enhance features year over year, for customers in packaging, food, general manufacturing and parcel/distribution environments.

Dynamic Conveyor is now part of Dynamic Motion Group, a newly formed industrial solutions group that also includes Versatile Fabrication Company Inc.",https://www.linkedin.com/feed/update/urn:li:activity:7448009700408881152,Organic,,Rachael Thomas,04/09/2026,,,All followers,554,,,6,0.010830325074493885,4,0,0,,0.018050542101264,
"To aid manufacturers in moving heavier payloads faster and meet market demand, Bosch Rexroth US has introduced the TS 7plus, the next-generation roller conveyor capable of transporting heavy payloads up to 3,000 kg.

Building on its portfolio of twin-strand conveyors that are currently used in a variety of industry verticals, Bosch Rexroth's TS 7plus transfer system is the world’s first freely configurable, fully electric conveyance solution to workpieces weighing up to 3,000 kg.

Read more about the new system at the release linked in the comments. 

SME #ConveyorTechnology #Manufacturing",https://www.linkedin.com/feed/update/urn:li:activity:7447746485187780608,Organic,,Rachael Thomas,04/08/2026,,,All followers,216,,,8,0.03703703731298447,0,1,0,,0.0416666679084301,
"Boston Micro Fabrication - BMF, announced the launch of the BMF Clear, an optically transparent photopolymer resin engineered for applications requiring exceptional light transmission and micron-level accuracy, such as microfluidics, photonics, advanced optical components, biomedical devices and more.

With greater than 90% light transmittance, this breakthrough material enables engineers and innovators to additively manufacture complex, internally structured micro-scale devices that were previously unachievable with 3D printing. 

https://lnkd.in/g-5f9Bnc

SME #3DPrinting #AdditiveManufacturing",https://www.linkedin.com/feed/update/urn:li:activity:7447730600368730112,Organic,,Rachael Thomas,04/08/2026,,,All followers,486,,,2,0.004115226212888956,2,0,0,,0.008230452425777912,
"For our 2026 Tooling & Workholding Supplement, Graham Wloch, director of business development at Visual Components, shares eight facts about simulation software and why manufacturers should invest in it. 

""Simulation software has improved so rapidly that many manufacturers have misperceptions about its ease of use, even among those who have explored it within the past several years,"" Wloch writes. ""Any manufacturer who knows their process and the order of operations can harness the power of this software relatively quickly."" 

Read more insights from Wloch at the article linked in the comments.

SME #SimulationSoftware #Tooling #Workholding #Manufacturing",https://www.linkedin.com/feed/update/urn:li:activity:7447712048022581249,Organic,,Rachael Thomas,04/08/2026,,,All followers,248,,,2,0.008064515888690948,1,1,0,,0.016129031777381897,
"University of Mississippi researchers are working to find out if cancer-fighting drugs could be set in 3D-printed carriers and implanted at tumor sites to destroy cancer cells. 

#additivemanufacturing #medicalbreakthrough #3Dprinting ",https://www.linkedin.com/feed/update/urn:li:activity:7447668017561538560,Organic,,Michael McConnell,04/08/2026,,,All followers,226,,,2,0.008849557489156723,1,1,0,,0.017699114978313446,
"While #technology investments intensify, #workforce challenges continue to rise, writes Poka Inc. CEO Antoine Bisson.

Smart manufacturing is no longer defined by #robots, sensors and figures, but by enabling a leveled-up line of inspired workers prepared to work with advanced technology tools.

How can manufacturers keep their front line empowered while #automation surges?

Bisson offers four key areas manufacturers should analyze to reap the benefits of #digitaltransformation.",https://www.linkedin.com/feed/update/urn:li:activity:7447386186006028289,Organic,,Cameron Kerkau,04/07/2026,,,All followers,244,,,2,0.008196720853447914,2,1,0,,0.02049180306494236,
"Mergers and acquisitions in U.S. industrial manufacturing stabilized in the fourth quarter of 2025, with 81 announced transactions, according to the latest “M&A Pulse” report from PMCF Investment Banking.

SME #industrialmanufacturing #mergersandacquisitions #manufacturing",https://www.linkedin.com/feed/update/urn:li:activity:7447374274308497408,Organic,,Cary Gitter,04/07/2026,,,All followers,364,,,2,0.005494505632668734,4,1,0,,0.01923076994717121,
"📢 We are 10 days away from nominations closing for SME's 2026 30 Under 30 program! That means you have 10 days to submit a nomination for a young professional shaping today's manufacturing industry. 

We're looking for individuals, 30 years or younger, who are creating new paths and breaking the mold of traditional manufacturing. This program enables SME to connect the leaders of tomorrow and their innovations to the larger manufacturing industry.  

📆 Nominations officially close at 11:59 p.m. on April 17. 

➡️ Submit yours today and share with your networks! https://lnkd.in/ghaxAqQh",https://www.linkedin.com/feed/update/urn:li:activity:7447370526957764608,Organic,,Rachael Thomas,04/07/2026,,,All followers,813,,,26,0.03198032081127167,16,0,9,,0.06273062527179718,
"President Donald Trump is seeking $1.5 trillion for the fiscal year 2027 U.S. #defense budget. The figure is a 40% hike from the White House's 2025 request. It includes money for warships, fighter jets and more.",https://www.linkedin.com/feed/update/urn:li:activity:7447351157330632704,Organic,,Michael McConnell,04/07/2026,,,All followers,380,,,6,0.015789473429322243,3,1,0,,0.02631578966975212,
"The RESHORING INITIATIVE, in collaboration with Regions Executive Recruiting LLC, has launched an industry-wide survey examining what is factoring manufacturers' decisions on whether to reshore factories and supply chains. The survey will gather insights from manufacturing operations, supply chain and procurement decision-makers, and contract manufacturers. 

“Our 2025 survey explored the likely impact of contemplated 2025 policy changes. The 2026 survey focuses more on the impact of actual policy changes (e.g., taxes, tariffs and the resulting uncertainty), the need for a greatly enhanced skilled workforce and training system and the expected impact of AI,” Harry Moser, founder of the Reshoring Initiative, said in a release.

The survey will remain open to respondents until June 15. Head to the link in the comments for more information and to take the survey. ",https://www.linkedin.com/feed/update/urn:li:activity:7447336867479539713,Organic,,Rachael Thomas,04/07/2026,,,All followers,182,,,0,0.0,1,1,0,,0.010989011265337467,
"In our latest SME Speaks column, Dale Lombardo, president of the North American Manufacturing Research Institute (NAMRI) | SME Board of Directors, shares how manufacturers can remain competitive and set themselves up for success through investments in their people, operations and processes. 

""Manufacturers must invest in three foundations of long-term strength: workforce, operational processes and physical-digital infrastructure,"" pens Lombardo, who is also the special processes leader for the chief of manufacturing at GE Aerospace. ""Too often, these are treated as costs to minimize rather than strategic assets.""

Read more of Lombardo's column at the link in the comments. ",https://www.linkedin.com/feed/update/urn:li:activity:7447282491725365248,Organic,,Rachael Thomas,04/07/2026,,,All followers,616,,,32,0.051948051899671555,8,1,1,,0.06818182021379471,
"Mastercam today announced a partnership with camInstructor to bundle classroom-ready curricula directly with Mastercam Educational Suite.

SME #CAMsoftware #workforcedevelopment #manufacturing",https://www.linkedin.com/feed/update/urn:li:activity:7447011877865566208,Organic,,Cary Gitter,04/06/2026,,,All followers,4977,,,128,0.02571830339729786,43,1,3,,0.03516174480319023,
"Cutting tool specialist Sandvik Coromant recently launched its CoroMill Plura composite 2P350 serrated router with a new diamond-coated grade, O2AD, setting a new performance benchmark for milling operations in abrasive composite materials. 

Engineered for ISO O workpiece materials, this upgraded tool delivers significant gains in productivity, tool life and process security.

Read more about the new product in the release linked in the comments. 

SME #Manufacturing #Milling",https://www.linkedin.com/feed/update/urn:li:activity:7446998529165901824,Organic,,Rachael Thomas,04/06/2026,,,All followers,1338,,,34,0.025411061942577362,15,1,4,,0.04035874456167221,
"Eight states were absent from the official map of the Manufacturing Extension Partnership (MEP) National Network last week—only to be restored by Monday.

SME #MEP #ManufacturingExtensionPartnership #manufacturing",https://www.linkedin.com/feed/update/urn:li:activity:7446960965637812224,Organic,,Cary Gitter,04/06/2026,,,All followers,318,,,14,0.044025156646966934,2,1,0,,0.05345911905169487,
"General Motors is spending $150 million to get a Saginaw, Mich., casting plant ready for its new generation of V-8 engines. 

#automotive #manufacturing ",https://www.linkedin.com/feed/update/urn:li:activity:7446949370362777600,Organic,,Michael McConnell,04/06/2026,,,All followers,250,,,0,0.0,0,1,0,,0.004000000189989805,
"Emerson has launched the new Branson Polaris Ultrasonic Welding Platform, a highly configurable multi-use welding platform enabling advanced manufacturing engineers to design efficient joining solutions with software and hardware.

Through the new Polaris platform, Emerson aims to push the limits of process efficiency while ensuring the highest production quality and reliability.

Learn more about the platform in the release linked in the comments. 

SME #advancedmanufacturing #welding #joining",https://www.linkedin.com/feed/update/urn:li:activity:7445560714485837825,Organic,,Rachael Thomas,04/02/2026,,,All followers,288,,,4,0.013888888992369175,4,1,0,,0.03125,
"USG marks the official leadership transition of Christopher Macey to president and CEO. Macey, who recently served as USG’s chief operating officer, takes the helm following a planned succession process first announced earlier this year.

SME #building #construction #manufacturing",https://www.linkedin.com/feed/update/urn:li:activity:7445543571526606849,Organic,,Cary Gitter,04/02/2026,,,All followers,238,,,2,0.008403361774981022,1,1,0,,0.016806723549962044,
Detroit-based Lift is starting a #nonprofit foundation dedicated to expanding access to education and career pathways in #advancedmanufacturing. ,https://www.linkedin.com/feed/update/urn:li:activity:7445534306653069312,Organic,,Michael McConnell,04/02/2026,,,All followers,232,,,6,0.0258620698004961,3,1,0,,0.043103449046611786,
"SME Media Editor-in-Chief Steve Plumb and Associate Editor Cary Gitter are joined by SME's Dave Morton, group director, events; Suzy Marzano, senior manager, industry development and technical activities; and Stacey L. Eeman Eeman, director, industry strategy, for a special preview of RAPID + TCT—North America's largest additive manufacturing event—and the AeroDef Manufacturing showcase, coming up in Boston April 13-16.",https://www.linkedin.com/feed/update/urn:li:activity:7445515655367372800,Organic,,Craig Veltri,04/02/2026,,,All followers,674,354.0,,40,0.059347182512283325,10,5,1,,0.0830860510468483,Video
"Brittany Rodriguez, technical professional at Oak Ridge National Laboratory, was a recent guest on our Advanced Manufacturing Now podcast, during which she discussed her career journey, the exciting research she's doing at Oak Ridge's Manufacturing Demonstration Facility and being recognized as a 2025 SME 30 Under 30. 🌟 

Innovators like Brittany, who is a fierce advocate of STEM and looks forward to mentoring the next generation of talent, are just the kind of people we're looking to honor for this year's 30 Under 30 program.

Nominations close on April 17! ⌛ Don't wait to nominate someone you know who is a rising star in manufacturing. (Self-nominations are welcome.)

➡️ Nominate for 30 Under 30: https://lnkd.in/ghaxAqQh

🎙️ Listen to our podcast episode with Brittany: https://lnkd.in/gWUgSvMu",https://www.linkedin.com/feed/update/urn:li:activity:7445515438366814209,Organic,,Rachael Thomas,04/02/2026,,,All followers,382,,,8,0.020942408591508865,5,0,0,,0.03403141349554062,
"OMRON Group has announced the appointment of Virendra S. as executive officer, president and CEO of Omron Europe B.V.

SME #automation #industrialautomation #manufacturing",https://www.linkedin.com/feed/update/urn:li:activity:7445509148018098176,Organic,,Cary Gitter,04/02/2026,,,All followers,150,,,4,0.02666666731238365,1,1,0,,0.03999999910593033,
"Star SU LLC has announced that Rick Yan, currently general manager of Star SU Tools and Machines in Shanghai, China, now also will serve as gear tools product manager for all domestic and international locations.

SME #geartools #cuttingtools #manufacturing",https://www.linkedin.com/feed/update/urn:li:activity:7445497094641184769,Organic,,Cary Gitter,04/02/2026,,,All followers,162,,,0,0.0,0,1,0,,0.006172839552164078,
"In the latest episode of Advanced Manufacturing Now, Associate Editor Cary Gitter speaks with Matthew Bush, CEO and cofounder of Hirebotics, the rapid rise of #cobots in modern #manufacturing and how they are transforming operations across #industries.

Listen to their full conversation now:
https://lnkd.in/gKShFH7t",https://www.linkedin.com/feed/update/urn:li:activity:7445496175538941952,Organic,,Cameron Kerkau,04/02/2026,,,All followers,538,,,2,0.0037174720782786608,3,0,1,,0.011152416467666626,
"Nidec Motor Corporation, a provider of electric motors, drives and controls, has announced the appointment of Michael Briggs as chairman of the Motion & Energy Business Unit and CEO of the Appliance & Automotive Division.

SME #electricmotors #automotive #manufacturing",https://www.linkedin.com/feed/update/urn:li:activity:7445482190349586432,Organic,,Cary Gitter,04/02/2026,,,All followers,298,,,4,0.01342281885445118,2,1,0,,0.02348993346095085,
"The manufacturing sector saw expansion in March for the third month in a row, according to the latest report released by the Institute for Supply Management.

SME #manufacturingPMI #manufacturingeconomy #manufacturingsector",https://www.linkedin.com/feed/update/urn:li:activity:7445185332935032832,Organic,,Cary Gitter,04/01/2026,,,All followers,342,,,16,0.046783626079559326,3,1,0,,0.05847953259944916,
"Did you know April is #NationalWeldingMonth? 

For 30 years, the American Welding Society (AWS) has observed this month to build awareness of the welding industry and the skilled professionals who keep it moving forward. 

“Certified to build the world, welders power infrastructure, manufacturing and innovation across the globe,” stated Carey Chen, executive director and CEO of AWS. “This National Welding Month, we celebrate the skilled professionals who make modern life possible.”

Here at SME, we uplift all the welding professionals who help drive the North American manufacturing industry.",https://www.linkedin.com/feed/update/urn:li:activity:7445138535688499201,Organic,,Rachael Thomas,04/01/2026,,,All followers,522,,,4,0.007662835065275431,7,0,0,,0.02107279747724533,
"MVTec Software, an international manufacturer of machine vision software, has announced the appointment of Robert DeMellier as business development manager for North America.

SME #machinevision #automation #AI #manufacturing",https://www.linkedin.com/feed/update/urn:li:activity:7444851846369767424,Organic,,Cary Gitter,03/31/2026,,,All followers,2286,,,66,0.028871390968561172,11,1,0,,0.03412073478102684,
"SME Media Editor-in-Chief Steve Plumb and Associate Editor Cary Gitter are joined by SME's Dave Morton, Group Director, Events; Suzy Marzano, Senior Manager, Industry Development & Technical Activities; and Stacey L. Eeman, Director, Industry Strategy, for a special preview of RAPID + TCT—North America's largest additive manufacturing event—and the AeroDef Manufacturing Showcase, coming up in Boston April 13-16.

📅 Thursday, April 2, 1:00 PM ET
📍 Stream on our socials:
LinkedIn: https://lnkd.in/gTstvUr9 
YouTube: https://lnkd.in/gfTp887E
Facebook: https://lnkd.in/gMZWPhWz
X: https://x.com/SMEMediaNews

#SMEMedia #AdvancedManufacturing #MET #Innovation #AMLive",https://www.linkedin.com/feed/update/urn:li:activity:7444839693944332288,Organic,,Elizabeth Anderson,03/31/2026,,,All followers,2030,,,72,0.035467978566884995,26,2,1,,0.04975369572639465,
#Tesla founder Elon Musk is turning his attention from #electricvehicles to #humanoid #robots. Not everyone thinks that's a great idea.,https://www.linkedin.com/feed/update/urn:li:activity:7444822629787791360,Organic,,Michael McConnell,03/31/2026,,,All followers,208,,,2,0.009615384973585606,0,1,0,,0.014423076994717121,
"Materialise is transferring its RapidFit business to its management team. Following the transaction, RapidFit will continue as an independent company under the ownership and leadership of the same team under the RapidFit name.

Materialise is a global provider of 3D-printed medical devices and software, and is considered a pioneer in additive manufacturing software and services.

The decision aligns with Materialise’s growth strategy by focusing investment and resources on business lines with the strongest potential, while enabling RapidFit to operate in a setup that best supports its next phase of growth.

https://lnkd.in/gh9_A-PJ ",https://www.linkedin.com/feed/update/urn:li:activity:7444783078214103041,Organic,,Rachael Thomas,03/31/2026,,,All followers,245,,,4,0.016326529905200005,1,0,0,,0.020408162847161293,
"Lumentum, a provider of optical and photonic solutions for cloud and networking applications, announced plans to establish a new U.S. manufacturing facility in Greensboro, N.C. 

The 240,000-sq-ft (22,297-sq-m) facility will produce advanced indium phosphide-based optical devices that serve as critical components in the world’s largest #AI data centers.

https://lnkd.in/gAWTirPD",https://www.linkedin.com/feed/update/urn:li:activity:7444768020020969472,Organic,,Rachael Thomas,03/31/2026,,,All followers,172,,,0,0.0,0,0,0,,0.0,
"Today marks the 94th birthday of SME—a perfect occasion to reflect on the rich history and legacy of the leading nonprofit representing the North American manufacturing industry.

#manufacturing #manufacturingindustry #manufacturinghistory",https://www.linkedin.com/feed/update/urn:li:activity:7444748513634324481,Organic,,Cary Gitter,03/31/2026,,,All followers,1556,,,44,0.02827763557434082,22,1,8,,0.048200514167547226,
"Cutting tool specialist and manufacturing solutions provider Sandvik Coromant recently introduced CoroTurn PI, a new family of internal turning tools combining precision chip breaking, all-directional turning and a unique tool holder design to unlock significant productivity gains. 

Designed for high process security, the tool concept is ideal for demanding operations in ISO P, ISO M and ISO K materials.

Read more on the new line in the release linked in the comments.",https://www.linkedin.com/feed/update/urn:li:activity:7444479172384571393,Organic,,Rachael Thomas,03/30/2026,,,All followers,214,,,2,0.009345794096589088,0,1,0,,0.014018691144883633,
"AI might be coming for your desk job, but the advanced technology itself requires people to build it and maintain it. This is fueling a demand for skilled-trades positions that is outstripping that for professional roles, according to new research from staffing agency Randstad USA.

SME #AI #skilledtrades #skilledworkers #laborgap #manufacturing",https://www.linkedin.com/feed/update/urn:li:activity:7444463117570498560,Organic,,Cary Gitter,03/30/2026,,,All followers,180,,,2,0.011111111380159855,1,1,0,,0.02222222276031971,
"#Volkswagen is recalling 100,000 EVs worldwide due to faulty battery modules #electricvehicles #safety",https://www.linkedin.com/feed/update/urn:li:activity:7444428747971358720,Organic,,Michael McConnell,03/30/2026,,,All followers,272,,,14,0.05147058889269829,1,2,0,,0.0625,
"""Quality has always stood at the forefront of manufacturing; there are over 25,000 ISO standards and 1,200 AWS standards related to management, manufacturing and technology,"" writes Kailey Harvey, sales and marketing operations coordinator at MELD Manufacturing Corporation. ""Additive manufacturing is no exception. Currently, 94 ISO standards and 1 AWS standard exist for additive manufacturing processes. And yet, none exist for additive friction stir deposition.""

Harvey explores the history of additive friction stir deposition (AFSD)—which was developed by Meld—its role in production, and how the 3D printing process as created real results. More at the article linked in the comments.",https://www.linkedin.com/feed/update/urn:li:activity:7444403662782885888,Organic,,Rachael Thomas,03/30/2026,,,All followers,408,,,22,0.053921569138765335,6,1,1,,0.07352941483259201,
"⏰ Only three weeks left to nominate someone for the 2026 SME 30 Under 30 program!

This is your opportunity to help us recognize the next generation of manufacturing talent. Whether you know a student already impacting the industry or a young professional making strides in their manufacturing career, now is your chance to tell us more about them. (And don't forget: Self-nominations are welcome.) 

The deadline to submit is April 17 at 11:59 p.m.

✅ Learn more and nominate someone today: https://lnkd.in/ghaxAqQh",https://www.linkedin.com/feed/update/urn:li:activity:7443319112493182976,Organic,,Rachael Thomas,03/27/2026,,,All followers,326,,,8,0.024539876729249954,4,0,1,,0.03987729921936989,
"Registration is open for Sandvik Coromant's TechDays 2026, taking place May 6–7, at the Sandvik Coromant Center in Mebane, N.C. This free, two-day event will bring together engineers, programmers and manufacturing professionals for an experience focused on improving productivity, advancing machining capabilities and exploring the future of connected manufacturing.

Participants can expect to gain insights through expert-led sessions, live demonstrations and facility tours.

Read more about the event at the release linked in the comments. 

SME #Manufacturing #IndustryEvent",https://www.linkedin.com/feed/update/urn:li:activity:7443017697388507137,Organic,,Rachael Thomas,03/26/2026,,,All followers,416,,,6,0.014423076994717121,3,1,1,,0.026442307978868484,
"Comau and Reis Robotics have signed a cooperation agreement aimed at jointly developing and delivering advanced automation products.

SME #automation #manufacturing Pietro Gorlier Uwe Eich
",https://www.linkedin.com/feed/update/urn:li:activity:7443001060392194048,Organic,,Cary Gitter,03/26/2026,,,All followers,248,,,0,0.0,2,1,0,,0.012096773833036423,
"GE Aerospace is betting big on Europe, investing more that $127 million on #advancedtechnologies #aerospace #defense ",https://www.linkedin.com/feed/update/urn:li:activity:7442994655459225601,Organic,,Michael McConnell,03/26/2026,,,All followers,198,,,0,0.0,3,1,0,,0.020202020183205605,
"""Every March 31, World Backup Day reminds organizations to protect their data,"" writes Richard Cooper, senior vice president of global market transformation at Fusion Risk Management. ""For manufacturers, the reminder is welcome but insufficient. In high-volume production, an hour of unplanned downtime is not an inconvenience—it is a financial event. A single stoppage can erase six figures in revenue, push overall equipment effectiveness targets below acceptable thresholds and create cascading backlogs that take days to clear.""

Ahead of #WorldBackupDay next week, Cooper penned a guest article on the ways manufacturers should rethink disaster recovery. Read more of his insights in the article linked in the comments. ",https://www.linkedin.com/feed/update/urn:li:activity:7442993692145164288,Organic,,Rachael Thomas,03/26/2026,,,All followers,176,,,2,0.011363636702299118,4,1,0,,0.039772726595401764,
"Ethan Baehrend, founder and CEO of Creative 3D Technologies, was a recent guest on SME Media's Advanced Manufacturing Live, during which he discussed the latest in #additivemanufacturing and the future of technology.

And as a 2024 SME 30 Under 30 honoree, Ethan shared the value of receiving the recognition and highlighting the professionals who are breaking the stereotypes of traditional manufacturing. 

We're looking for the next class of manufacturing trailblazers for the 2026 30 Under 30 program! If you or someone you know are forging new paths in the industry, whether it be through working in manufacturing, conducting research or teaching manufacturing trades, we want to hear from you. 

✅ Nominate someone today: https://lnkd.in/ghaxAqQh

➡️ Watch our recent AM Live episode with Ethan: https://lnkd.in/gjhzckXy",https://www.linkedin.com/feed/update/urn:li:activity:7442951193988886530,Organic,,Rachael Thomas,03/26/2026,,,All followers,617,,,28,0.04538087546825409,10,1,3,,0.06807131320238113,
"Amazon has bought Fauna Robotics, maker of Sprout, a #humanoid #robot a little over 3 feet tall. Could a humanoid robot help you work more efficiently? ",https://www.linkedin.com/feed/update/urn:li:activity:7442662712549150720,Organic,,Michael McConnell,03/25/2026,,,All followers,278,,,2,0.007194244768470526,4,1,0,,0.025179855525493622,
"JR Automation, a Hitachi Group company, has announced the appointment of Farid Monemi Bichareh as chief technology officer.

SME #automation #AI #physicalAI #manufacturing",https://www.linkedin.com/feed/update/urn:li:activity:7442622656157462529,Organic,,Cary Gitter,03/25/2026,,,All followers,520,,,12,0.023076923564076424,4,0,0,,0.03076923079788685,
"Cutting-tool company CERATIZIT USA has announced the promotion of Steve Kuhnle to U.S. business development specialist for defense.

SME #cuttingtools #defense #manufacturing",https://www.linkedin.com/feed/update/urn:li:activity:7442612476657020928,Organic,,Cary Gitter,03/25/2026,,,All followers,224,,,6,0.02678571455180645,1,0,0,,0.03125,
"Defense contractor Anduril Industries and analytics firm Palantir Technologies are jointly developing software for the Golden Dome defense system, Reuters reports.

#aerospace #defense #goldendome ",https://www.linkedin.com/feed/update/urn:li:activity:7442604713541423104,Organic,,Michael McConnell,03/25/2026,,,All followers,190,,,0,0.0,1,1,0,,0.010526316240429878,
"""Additive manufacturing will continue to evolve in materials, machines and automation,"" writes David Hill of Hexagon Manufacturing Intelligence. ""But its scalability and reliability will depend on something more fundamental—how well real-world assets are converted into digital intelligence.""

SME #additivemanufacturing #3Dprinting #manufacturing",https://www.linkedin.com/feed/update/urn:li:activity:7442576549763198976,Organic,,Cary Gitter,03/25/2026,,,All followers,186,,,0,0.0,2,1,0,,0.016129031777381897,
"DEEP Manufacturing, a specialist in wire arc additive manufacturing (WAAM) and hybrid manufacturing solutions, is expanding its U.S. operations with the launch of a new advanced manufacturing facility in Houston, bringing large-scale additive manufacturing capability closer to customers in the energy, defense and maritime sectors.

The facility will officially launch on May 6, when visitors will see examples of Deep Manufacturing’s work, including a mock-up of a pioneering new pressure-rated vessel set to be certified to DNV standards. Additional WAAM-produced components manufactured in carbon steel and nickel-based alloys will also be on display.

Learn more about the expansion at the release linked in the comments.

SME #WAAM #AdditiveManufacturing #Expansion",https://www.linkedin.com/feed/update/urn:li:activity:7442573157460418561,Organic,,Rachael Thomas,03/25/2026,,,All followers,2017,,,72,0.03569657728075981,31,1,0,,0.05156172439455986,
"SpaceX and Tesla have plans to construct two high-tech chip factories at an expansive site in Austin, Texas, Elon Musk announced over the weekend.

SME #chips #aerospace #automotive #AI #manufacturing",https://www.linkedin.com/feed/update/urn:li:activity:7442308513034579969,Organic,,Cary Gitter,03/24/2026,,,All followers,336,,,14,0.0416666679084301,6,1,0,,0.0625,
"Toyota North Americais investing $1 billion at its Kentucky and Indiana facilities as part of a five-year, $10 billion #commitment

#manufacturing #automotive ",https://www.linkedin.com/feed/update/urn:li:activity:7442297686172733440,Organic,,Michael McConnell,03/24/2026,,,All followers,238,,,0,0.0,4,1,0,,0.021008403971791267,
"General Dynamics Electric Boat has received a $15.4 billion U.S. Navy modification contract for work on nuclear-powered Columbia-class ballistic missile submarines, which are said to be the largest and most advanced in the U.S. Navy fleet. The shipbuilding company is a Connecticut subsidiary of defense prime General Dynamics.

This contract will accelerate the construction of the Columbia-class and Virginia-class submarine programs. Electric Boat is designing the Columbia-class submarines with Newport News Shipbuilding—a subsidiary of Huntington Ingalls Industries (HII)—as a replacement for the current Ohio-class subs.

Read more about the awarded contract in the article linked in the comments.",https://www.linkedin.com/feed/update/urn:li:activity:7442278280570875904,Organic,,Rachael Thomas,03/24/2026,,,All followers,215,,,10,0.04651162773370743,2,1,0,,0.060465116053819656,
"SimScale, a AI-native cloud engineering simulation platform, today released its 2026 State of Engineering AI Report. The report reveals how AI is reshaping engineering design and simulation workflows as organizations face mounting pressure to innovate faster and manage rising product complexity, with many now embedding AI into core operations rather than treating it as a standalone tool.

Surveying 350 engineering leaders across the United States, United Kingdom, and Germany, the report finds that engineering teams using AI-enabled workflows generate nearly four times as many design variants per program as those relying on conventional approaches. 

Rather than simply accelerating existing workflows, AI is expanding the scope of engineering creativity, allowing teams to test more ideas, iterate faster, and identify optimal designs earlier in the development process.

Read more insights from the report at the release linked in the comments. 

SME #AI #Engineering #IndustryReport",https://www.linkedin.com/feed/update/urn:li:activity:7442216169782104064,Organic,,Rachael Thomas,03/24/2026,,,All followers,624,,,16,0.025641025975346565,12,2,0,,0.048076923936605453,
"Sunnen Products Company and TIBO Tiefbohrtechnik GmbH have announced a strategic alliance to expand their global capabilities in deep-hole machining solutions.

SME #deepholedrilling #deepholemachining #honing #manufacturing",https://www.linkedin.com/feed/update/urn:li:activity:7441948665671315456,Organic,,Cary Gitter,03/23/2026,,,All followers,2314,,,176,0.0760587751865387,30,1,9,,0.09334485977888107,
"""AM has moved far beyond novelty and prototyping, and years of steady progress is now translating into real, scalable production,"" writes Dana McCallum, head of global sales at Carbon. ""More importantly, it enables genuinely better products in the real world. Examples include high-performance, validated industrial parts; improved comfort and quality of life for wheelchair users through advanced seating pads; and transformed dental care via customized solutions and automated workflows.""

One example of the work Carbon is doing to advance 3D printing is through performance-driven consumer applications for footwear, seen below with PUMA Group's Mostro shoe. The brand used Carbon's Digital Light Synthesis process to create it. 

Read more on how 3D printing has become real and scalable in an article written by McCallum for our 2026 Additive Manufacturing Industry Report, linked in the comments.

SME #3DPrinting #AdditiveManufacturing",https://www.linkedin.com/feed/update/urn:li:activity:7441936817563684864,Organic,,Rachael Thomas,03/23/2026,,,All followers,4812,,,132,0.027431420981884003,34,5,2,,0.03595178574323654,
"Orion Industries, Ltd.'s Scott Yoder shares how Technetics Group and Orion engineered a repeatable PTFE coating process for complex rocket seals.

SME #aerospace #rocketengines #seals #PTFE #manufacturing",https://www.linkedin.com/feed/update/urn:li:activity:7441935955583901697,Organic,,Cary Gitter,03/23/2026,,,All followers,266,,,18,0.06766917556524277,2,1,1,,0.0827067643404007,
"""By utilizing abundant agricultural and forestry waste materials, manufacturers can lower the carbon footprint of resin production and reduce the environmental impact of fossil fuels,"" write Julius Adeyera and Chukwunonso Ikedionu, PMP® of Georgia Southern University.

SME #additivemanufacturing #3Dprinting #polymers #sustainability ",https://www.linkedin.com/feed/update/urn:li:activity:7441920152667054080,Organic,,Cary Gitter,03/23/2026,,,All followers,226,,,16,0.07079645991325378,1,2,1,,0.08849557489156723,
"“OEE (overall equipment effectiveness) is not only a metric to track but a comprehensive view of your operation built on three critical elements: system availability, speed performance and quality rate,"" writes He (Herman) Tang, professor of engineering at Eastern Michigan University.

SME #OEE #overallequipmenteffectiveness #operations #manufacturing",https://www.linkedin.com/feed/update/urn:li:activity:7441885879306170369,Organic,,Cary Gitter,03/23/2026,,,All followers,212,,,2,0.009433962404727936,2,1,0,,0.02358490601181984,
"igus Inc., a global provider of motion products and components made from engineered plastics, has introduced its ReBelMove Pro, a modular, customizable autonomous mobile robot promising simple configuration with flexible superstructures, easy commissioning and cost savings.

Learn more about the product at the release linked in the comments. 

SME #AMR #AutonomousMobileRobot #Manufacturing",https://www.linkedin.com/feed/update/urn:li:activity:7441861474777706496,Organic,,Rachael Thomas,03/23/2026,,,All followers,144,,,0,0.0,1,1,0,,0.013888888992369175,
"#China is unlikely to attempt an invasion of #Taiwan in 2027, the U.S. now says. ",https://www.linkedin.com/feed/update/urn:li:activity:7441841110026649600,Organic,,Michael McConnell,03/23/2026,,,All followers,198,,,4,0.020202020183205605,0,1,0,,0.02525252476334572,
"Jeff Bezos revolutionized e-commerce. Now he wants to do the same for #manufacturing. 

Bezos is looking to raise $100 billion to start a fund that would buy manufacturing companies and use #AI to help them automate. The fund will target companies involved in chip manufacturing, and #aerospace and defense work. ",https://www.linkedin.com/feed/update/urn:li:activity:7440842114688516096,Organic,,Michael McConnell,03/20/2026,,,All followers,362,,,6,0.016574585810303688,4,1,0,,0.03038674034178257,
"How can manufacturers keep their networks secure while enabling greater integration and interoperability on the production floor? SME Media Contributing Editor Kip Hanson spoke to experts from Autodesk, Tulip and GENEDGE to find out. 

SME #IT #OT #networks #software #cybersecurity #manufacturing",https://www.linkedin.com/feed/update/urn:li:activity:7440832395395710977,Organic,,Cary Gitter,03/20/2026,,,All followers,182,,,2,0.010989011265337467,0,1,0,,0.016483517363667488,
"ZOLLER Inc.'s 2026 Toolroom of the Year competition is now open. The competition is designed to recognize manufacturers who are setting the benchmark for efficiency, precision and digitalization in their production processes.

Zoller aims to highlight customers who are leveraging advanced tool management and data-driven processes to achieve measurable efficiency improvements in their production. 

“Today’s most successful manufacturers understand that the toolroom is no longer a support function, rather it is a strategic driver of production efficiency,” said Alexander Zoller, president of Zoller, in a statement. “With the Toolroom of the Year competition, we want to showcase companies that are leading this transformation and demonstrate what is possible when technology, process, and people come together.” 

Submissions will be accepted through June 30. Learn more about the competition at the link in the comments.",https://www.linkedin.com/feed/update/urn:li:activity:7440829135704391680,Organic,,Rachael Thomas,03/20/2026,,,All followers,232,,,4,0.017241379246115685,7,1,2,,0.06034482643008232,
"📆 Nominations for SME's 2026 30 Under 30 program close in four weeks! Don't wait—the April 17 deadline will be here before you know it. 

Are you a rising star in manufacturing, solving tough challenges with innovative thinking and advanced technology? Or do you know a student or young professional forging new paths in the industry? We want to hear from you.

Nominees must be no older than 30 as of Dec. 31, 2026. Self-nominations are welcome. 

➡️ Fill out the form: https://lnkd.in/ghaxAqQh 

#30Under30 #Manufacturing #Innovation ",https://www.linkedin.com/feed/update/urn:li:activity:7440808375447359488,Organic,,Rachael Thomas,03/20/2026,,,All followers,1175,,,56,0.04765957593917847,19,0,8,,0.07063829898834229,
"""Micro additive manufacturing improves but doesn't replace manufacturing,"" writes Accumold's Christopher Hunt. ""Early-stage development becomes smarter, quicker and less risky.""

SME #additivemanufacturing #3Dprinting #microAM ",https://www.linkedin.com/feed/update/urn:li:activity:7440763672169336832,Organic,,Cary Gitter,03/20/2026,,,All followers,496,,,12,0.024193547666072845,4,1,1,,0.03629032149910927,
"IACMI – The Composites Institute has announced its manufacturing and machining workforce training program, America’s Cutting Edge (ACE), has surpassed 20,000 online students and 5,000 in-person boot camp participants.

SME #workforcedevelopment #machinisttraining #manufacturing",https://www.linkedin.com/feed/update/urn:li:activity:7440760746273275905,Organic,,Cary Gitter,03/20/2026,,,All followers,188,,,0,0.0,1,0,0,,0.005319148767739534,
"#Cybersecurity is now a top concern of #automotive #manufacturers and suppliers, according to a new ABB Robotics survey. #cybercrime",https://www.linkedin.com/feed/update/urn:li:activity:7440486190216011776,Organic,,Michael McConnell,03/19/2026,,,All followers,178,,,8,0.04494382068514824,1,1,0,,0.056179776787757874,
"For our latest SME Speaks column, Ian Ramsdell, founder and CEO of Kupros, Inc. and an SME member, discusses commercializing deep technology and his own experiences while scaling his company. 

""Commercializing deep technology is often framed as a funding problem or a market education problem. In practice, those are rarely the limiting factors,"" Ramsdell writes. ""More often, the real constraint appears much later, when a technology must behave like a manufacturing process rather than a research result."" 

Read more from the column at the article linked in the comments. 

SME #DeepTechnology #Manufacturing #Commericalization",https://www.linkedin.com/feed/update/urn:li:activity:7440459646647316481,Organic,,Rachael Thomas,03/19/2026,,,All followers,306,,,14,0.04575163498520851,3,2,2,,0.06862745434045792,
SME Media Senior Editor Michael McConnell and Associate Editor Cary Gitter sit down with Ethan Baehrend—a 2024 SME 30 Under 30 honoree and the founder and CEO of Creative 3D Technologies—to discuss the latest in additive manufacturing and the future of the technology.,https://www.linkedin.com/feed/update/urn:li:activity:7440442241761923072,Organic,,Craig Veltri,03/19/2026,,,All followers,994,365.0,,54,0.05432595685124397,17,2,2,,0.07545271515846252,Video
"Conversations about #digital #transformation often focus too much on technology alone.

How’s that work out? Not well, by many accounts.

That's why CESMII's latest effort is the Smart #Manufacturing Acceleration Roadmap Framework.

This roadmap provides a blueprint for organizations to adopt a smart-manufacturing mindset not solely focused on, or led by, technology.

Because without a connection to the #business, digital transformation remains a technology conversation. 

And a lack of #strategy funnels investments of time and technology into an abyss.",https://www.linkedin.com/feed/update/urn:li:activity:7440441086109491200,Organic,,Cameron Kerkau,03/19/2026,,,All followers,288,,,6,0.02083333395421505,5,1,0,,0.0416666679084301,
"Secure Manufacturing Solutions has announced its launch, focused on securing one of the most valuable—and least protected—assets in modern manufacturing: G-code and NC programs moving from programming to the CNC machine.

The company helps manufacturers secure the creation, handling and transfer of CNC programs as they move between CAM workstations, DNC environments and machine tools, without disrupting shop-floor throughput.

""G-code isn't just machine instructions—it's hard-earned manufacturing know-how,"" said Michael Reyes, founder of Secure Manufacturing Solutions. ""It encodes proven cutting parameters—including tooling data and feeds/speeds—plus the operational detail that machines the part accurately. In many cases, that file is more valuable than the model it came from because it captures how the part is actually made, and it can be reverse engineered back to a solid CAD model. Our mission is to protect that path—from programming to the machine.""

Read more at the release linked in the comments.

SME #GCode #Manufacturing #CNCMachine",https://www.linkedin.com/feed/update/urn:li:activity:7440426959467257857,Organic,,Rachael Thomas,03/19/2026,,,All followers,248,,,4,0.016129031777381897,5,3,1,,0.052419353276491165,
"""Digital twins, collaborative robots, additive manufacturing, augmented reality, machine vision and all the other terms under the Industry 4.0 umbrella—smart manufacturing, in other words—are here to help the small and midsize manufacturers on which America depends,"" writes SME Media Contributing Editor Kip Hanson.

SME #smartmanufacturing #internetofthings #artificialintelligence #manufacturing",https://www.linkedin.com/feed/update/urn:li:activity:7440419852147879937,Organic,,Cary Gitter,03/19/2026,,,All followers,162,,,0,0.0,1,1,0,,0.012345679104328156,
"#Manufacturing workers really like their jobs. They like them so much, they'd  recommend the industry to others. 

Those are two of the findings from a recent survey conducted by Women in Manufacturing and Xometry. 

The “2026 Career Advancement in Manufacturing Report” asked 1,022 people what they thought of their chosen careers. Of those who responded, 90% said they like where the industry is headed. 

Other insights: 

While women are still underrepresented in the industry, 91% of females who are in manufacturing are confident in its future. 

Men and women in manufacturing say they feel valued in their chosen careers.

#labortrends #gendergap #careersatisfaction ",https://www.linkedin.com/feed/update/urn:li:activity:7440411803945414656,Organic,,Michael McConnell,03/19/2026,,,All followers,913,,,6,0.006571741309016943,4,1,0,,0.012048192322254181,
"OnRobot will host the “Build Your Automation Roadmap” event in Reno on April 9, bringing practical automation solutions to Northern Nevada's manufacturing community.

SME #robotics #automation #laborshortage #manufacturing #Nevada",https://www.linkedin.com/feed/update/urn:li:activity:7440393838478737408,Organic,,Cary Gitter,03/19/2026,,,All followers,228,,,2,0.008771929889917374,3,1,0,,0.02631578966975212,
"""Smart tools are nice; efficient, well-organized tool cribs are mission critical."" SME Media Contributing Editor Kip Hanson spoke to experts from Iscar USA, HAIMER USA and ZOLLER Inc. about effective tool management. 

SME #tooling #toolholding #toolcribs #CNCmachining #manufacturing",https://www.linkedin.com/feed/update/urn:li:activity:7440130410061127680,Organic,,Cary Gitter,03/18/2026,,,All followers,4680,,,62,0.01324786338955164,15,1,4,,0.017521368339657784,
"Sight, smell, hearing and touch influence the decisions machinists make each day. But with seasoned veterans retiring, embedded sensor technology can deliver critical machining data, writes SME Media Contributing Editor Kip Hanson.

SME #CNCmachining #tooling #toolholding #sensors #manufacturing",https://www.linkedin.com/feed/update/urn:li:activity:7440102353644605440,Organic,,Cary Gitter,03/18/2026,,,All followers,238,,,6,0.02521008439362049,1,1,0,,0.03361344709992409,
"Beginning the 2026–2027 school year, students at Daniel Morgan Technology Center will have the opportunity to gain access to training in advanced manufacturing through the SME PRIME program. 

Through SME PRIME, students will receive early exposure to the skills and technologies that drive manufacturing, ensuring a strong pipeline of talent ready to support South Carolina’s critical industries. 

Daniel Morgan Technology Center will be the state’s first school to be awarded the recently developed comprehensive SME PRIME program.

Learn more about the expansion at the release linked in the comments. 

SME, SME Education Foundation #ManufacturingEducation #WorkforceDevelopment",https://www.linkedin.com/feed/update/urn:li:activity:7440055881175785472,Organic,,Rachael Thomas,03/18/2026,,,All followers,306,,,12,0.03921568766236305,3,1,1,,0.0555555559694767,
"A Michigan-based medical equipment #manufacturer suffered a #cyberattack that knocked out its ordering and shipping systems. An Iran-backed hacker has claimed responsibility.

#cybersecurity",https://www.linkedin.com/feed/update/urn:li:activity:7440046212533100544,Organic,,Michael McConnell,03/18/2026,,,All followers,291,,,2,0.006872852332890034,1,1,0,,0.013745704665780067,
"Metalworking machinery orders typically drop between December and January, and this year was no exception, according to the latest report from AMT - The Association For Manufacturing Technology.

SME #machineryorders #manufacturingtechnology #manufacturing",https://www.linkedin.com/feed/update/urn:li:activity:7439770442195771392,Organic,,Cary Gitter,03/17/2026,,,All followers,506,,,28,0.05533596873283386,3,1,0,,0.06324110925197601,
"Join SME Media Editor in Chief Steve Plumb and Associate Editor Cary Gitter as they sit down with Ethan Baehrend, founder and CEO of Creative 3D Technologies and a 2024 SME 30 Under 30 honoree, to talk about where additive manufacturing is heading next.

📅 Thursday, March 19, 1:00 PM ET
📍 Stream on our socials:
LinkedIn: https://lnkd.in/gTstvUr9 
YouTube: https://lnkd.in/gfTp887E
Facebook: https://lnkd.in/gMZWPhWz
X: https://x.com/SMEMediaNews

#SMEMedia #AdvancedManufacturing #MET #Innovation #AMLive",https://www.linkedin.com/feed/update/urn:li:activity:7439769280189153280,Organic,,Elizabeth Anderson,03/17/2026,,,All followers,1232,,,46,0.037337660789489746,19,1,2,,0.055194806307554245,
"Universal Robots has unveiled the UR AI Trainer, developed in collaboration with Scale AI, at NVIDIA GTC in Silicon Valley.

SME #robots #robotics #AI #artificialintelligence",https://www.linkedin.com/feed/update/urn:li:activity:7439763919663149056,Organic,,Cary Gitter,03/17/2026,,,All followers,220,,,2,0.00909090880304575,6,1,0,,0.040909089148044586,
"G.S. Precision, Inc., a manufacturer of complex, highly engineered products used in mission critical aerospace, defense and semiconductor systems, has acquired Lush Heat Treatment Ltd. and the assets of Headwater Precision.

https://lnkd.in/gZx5JHhH
",https://www.linkedin.com/feed/update/urn:li:activity:7439762507159805953,Organic,,Rachael Thomas,03/17/2026,,,All followers,212,,,0,0.0,0,0,0,,0.0,
"Hypertherm Associates, a U.S.-based manufacturer of industrial cutting systems and software, has announced the launch of the newest Powermax plasma cutting system: the Powermax33 XP.

Engineered for metalworkers who require high-quality cuts, greater capacity and portability, the new air plasma system delivers more power, more value and a six-year power supply warranty.

Learn more about the Powermax33 XP in the release linked in the comments.",https://www.linkedin.com/feed/update/urn:li:activity:7439739838276448256,Organic,,Rachael Thomas,03/17/2026,,,All followers,178,,,4,0.02247191034257412,1,1,0,,0.033707864582538605,
"""Advanced tooling and precision equipment often take center stage when it comes to elevating machining performance,"" pens Dustin Krueger, director of engineering at Jorgensen Conveyor and Filtration Solutions. ""Yet one of the most critical elements driving accuracy, efficiency and part longevity remains out of sight: a quality coolant filtration system.""

Learn more about understanding the material, coolant type and application to maintain your filtration system in the article linked in the comments.",https://www.linkedin.com/feed/update/urn:li:activity:7439717191656304643,Organic,,Rachael Thomas,03/17/2026,,,All followers,224,,,6,0.02678571455180645,0,1,0,,0.03125,
"Recent developments have made automatic tool changers more robust, capable and economical, opening up new possibilities for end users.

SME #tooling #workholding #automatictoolchangers #toolchangers #automation #manufacturing",https://www.linkedin.com/feed/update/urn:li:activity:7439376725735776256,Organic,,Cary Gitter,03/16/2026,,,All followers,218,,,2,0.00917431153357029,0,0,0,,0.00917431153357029,
"For manufacturers, ""the next competitive advantage lies in an unlikely place: attention to detail of the entire facility, including restrooms and break rooms,"" writes Mike Kapalko, regional manager, industrial segment, at Tork.

SME #restrooms #breakrooms #facilities #leanmanufacturing #manufacturing",https://www.linkedin.com/feed/update/urn:li:activity:7439350779280261120,Organic,,Cary Gitter,03/16/2026,,,All followers,376,,,6,0.01595744676887989,3,0,1,,0.026595745235681534,
"Steel pipe and tube manufacturer Zekelman Industries has announced that Jean-Marc Athanassiadis will take over as division president for the company’s Sharon Tube business unit. 

SME #steelpipe #steeltube #manufacturing",https://www.linkedin.com/feed/update/urn:li:activity:7439325584377262081,Organic,,Cary Gitter,03/16/2026,,,All followers,202,,,2,0.009900989942252636,0,0,0,,0.009900989942252636,
"""Today’s robotic wire-arc additive manufacturing (WAAM) systems open the door to a wider range of AM part-production possibilities for manufacturers,"" write One-Off Robotics' Nick Johnson and KUKA's Charles Adams.

SME #additivemanufacturing #3Dprinting #wirearcadditivemanufacturing #robotics",https://www.linkedin.com/feed/update/urn:li:activity:7438227851037970432,Organic,,Cary Gitter,03/13/2026,,,All followers,224,,,8,0.0357142873108387,1,0,0,,0.0401785708963871,
"The deadline is March 30 to submit your comments on the National Strategic Plan for Advanced Manufacturing. Manufacturing USA says that this your opportunity to give your opinion on how to improve America's manufacturing industry. 

https://lnkd.in/gyhuTugW

#manufacturing ",https://www.linkedin.com/feed/update/urn:li:activity:7437958115909795840,Organic,,Michael McConnell,03/12/2026,,,All followers,276,,,8,0.028985507786273956,1,0,0,,0.032608695328235626,
"It used to be that sulfur-based oil was the de facto standard for turning and #machining operations. Skin rashes were common. A fine mist of smoke and #oil hung in the air and machinists left work reeking of it, clothes stained beyond all recall. 

What a difference a few decades make. 

Water-based cutting fluids now dominate the #CNCmachining landscape.

Kip Hanson's latest feature Oil, Water and Everything In Between,"" is a lesson on #cuttingfluids and the emerging #technologies that could one day make them obsolete.",https://www.linkedin.com/feed/update/urn:li:activity:7437932117076041729,Organic,,Cameron Kerkau,03/12/2026,,,All followers,428,,,14,0.032710280269384384,6,3,0,,0.053738318383693695,
"Control Station, Inc., a provider of process optimization and control performance-monitoring solutions, announced that Chris Christie has joined the company as director of services.

SME #processoptimization #processcontrol #manufacturing",https://www.linkedin.com/feed/update/urn:li:activity:7437923477229113345,Organic,,Cary Gitter,03/12/2026,,,All followers,248,,,0,0.0,2,0,0,,0.008064515888690948,
"FUJIFILM Biotechnologies has announced the appointment of Christiane Bardroff as chief business officer, effective June 1.

SME #biotechnology #biopharmaceuticals #manufacturing",https://www.linkedin.com/feed/update/urn:li:activity:7437899796213911552,Organic,,Cary Gitter,03/12/2026,,,All followers,6158,,,58,0.009418642148375511,14,0,0,,0.011692107655107975,
"#ThrowbackThursday to our conversation with Nush A. and Karlie Hahn on our Advanced Manufacturing Now podcast. 🎙️ As CEO and COO, respectively, of Sisterhood of Trades, the two talk about their budding manufacturing careers and the rewards of building a community for their peers. 

➡️ Give it a listen: https://lnkd.in/gwK6kT22

Like Nush and Karlie, the honorees of SME's annual 30 Under 30 program are also young trailblazers, forging new paths in the manufacturing industry. (Nush is also a 2025 30 Under 30 honoree!)

🌟 Help us recognize the next generation of manufacturing talent by nominating someone for the 2026 30 Under 30 program. Nominations close on April 17: https://lnkd.in/ghaxAqQh",https://www.linkedin.com/feed/update/urn:li:activity:7437865834678657024,Organic,,Rachael Thomas,03/12/2026,,,All followers,1074,,,22,0.02048417180776596,13,5,6,,0.04283054172992706,
"BMW Group says it's now using additive manufacturing components in production vehicles across all its brands, from Mini to Rolls-Royce.

SME #additivemanufacturing #3Dprinting #automotive",https://www.linkedin.com/feed/update/urn:li:activity:7437849934604783616,Organic,,Cary Gitter,03/12/2026,,,All followers,400,,,2,0.004999999888241291,3,0,0,,0.012500000186264515,
"""The factories that will define the next decade of discrete manufacturing will not simply contain more robots or more dashboards,"" writes SME Media Contributing Editor Meaghan Ziemba. ""They will operate on intentional infrastructure where machines, software and people function as coordinated systems.""

SME #smartfactory #automation #digitaltwin #manufacturing ",https://www.linkedin.com/feed/update/urn:li:activity:7437547794833227776,Organic,,Cary Gitter,03/11/2026,,,All followers,600,,,12,0.019999999552965164,3,1,0,,0.02666666731238365,
"Zoox, Amazon’s autonomous vehicle company, is expanding its robotaxi services to Arizona and Texas.

The company announced it’s launching in Phoenix and expanding to Dallas. Zoox will now operate in 10 U.S. markets, including San Francisco; Las Vegas; Seattle; Austin, Texas; Miami; Los Angeles; Atlanta; and Washington, D.C.

The company will begin in Phoenix and Dallas by deploying a small number of its retrofitted Toyota Highlander SUVs. Zoox vehicles will initially have a human driver behind the wheel before transitioning to fully autonomous testing, officials said.

https://lnkd.in/g5AYmEDS

SME #AV #robotaxis",https://www.linkedin.com/feed/update/urn:li:activity:7437542892631650304,Organic,,Rachael Thomas,03/11/2026,,,All followers,312,,,2,0.006410256493836641,3,0,1,,0.01923076994717121,
"Advances in micro-3D printing have made feasible what was once impractical or too expensive, writes SME Media Contributing Editor Kip Hanson.

SME #3Dprinting #micro3Dprinting #additivemanufacturing #manufacturing",https://www.linkedin.com/feed/update/urn:li:activity:7437488535613448192,Organic,,Cary Gitter,03/11/2026,,,All followers,422,,,10,0.02369668334722519,6,2,0,,0.04265403002500534,
"Falcon Electronics announced it has successfully achieved Cybersecurity Maturity Model Certification (CMMC) Level 2, a significant milestone that places the company among the first in its industry to meet the U.S. Department of Defense's cybersecurity requirements.

https://lnkd.in/gaGcKq3H",https://www.linkedin.com/feed/update/urn:li:activity:7437235664502276097,Organic,,Rachael Thomas,03/10/2026,,,All followers,208,,,0,0.0,0,0,0,,0.0,
"Hyster has launched a pedestrian detection event dashboard, which uses data from the company’s Hyster Reaction pedestrian-awareness camera system to track pedestrian presence near a lift truck in both indoor and outdoor applications.

SME #pedestriandetection #lifttruck #materialhandling",https://www.linkedin.com/feed/update/urn:li:activity:7437215348313071616,Organic,,Cary Gitter,03/10/2026,,,All followers,1260,,,18,0.014285714365541935,8,0,1,,0.02142857201397419,
"Isembard has raised $50 million in Series A funding, which will be used to accelerate the company’s plan to open 25 factories by the end of 2026, and expand its engineering teams while launching into Germany, France and Ukraine.

https://lnkd.in/gbzSMQXv",https://www.linkedin.com/feed/update/urn:li:activity:7437150283803234304,Organic,,Rachael Thomas,03/10/2026,,,All followers,328,,,2,0.006097560748457909,2,0,0,,0.012195121496915817,
"Future Form today announced the addition of 3D-printing services to its portfolio of manufacturing solutions.

SME #3Dprinting #additivemanufacturing #manufacturing",https://www.linkedin.com/feed/update/urn:li:activity:7436872162906624002,Organic,,Cary Gitter,03/09/2026,,,All followers,351,,,4,0.011396011337637901,2,0,1,,0.01994301937520504,
"How do you expand a manufacturing business in one of the most expensive cities in the world?

That was the question facing Christos Yerolemou, owner of AXOS Designs, a Queens, N.Y.-based company specializing in high-end, custom residential and commercial millwork.

Founded nearly three decades ago by Yerolemou’s father, Axos has since grown to occupy a 10,000-sq-ft (929-sq-m) plant just across the East River from Manhattan. The company employs about 60 team members, including master and apprentice cabinetmakers; finish, spray and stain specialists; front-office and project managers; and installation crews.

Read more about Axos Design and Yerolemou's plans to expand and grow the business. 

https://lnkd.in/g_ks5RjE",https://www.linkedin.com/feed/update/urn:li:activity:7436863384240926720,Organic,,Rachael Thomas,03/09/2026,,,All followers,226,,,2,0.008849557489156723,0,0,0,,0.008849557489156723,
"ABB Robotics is integrating tech giant NVIDIA’s Omniverse libraries into its RobotStudio software “to help manufacturers deploy physical AI in real-world robotics applications,” ABB announced Monday.

SME #robotics #AI #physicalAI #manufacturing",https://www.linkedin.com/feed/update/urn:li:activity:7436861182738747392,Organic,,Cary Gitter,03/09/2026,,,All followers,304,,,2,0.00657894741743803,3,0,0,,0.016447369009256363,
"Amid accelerating socioeconomic and environmental pressures, global #industry faces a moment of pivotal transformation, writes Ashley Eckhoff of Siemens Digital Industries Software.

With #additive #manufacturing (AM) and a seamless #digitalthread, companies can design, produce and deliver products in ways that are more efficient and resilient.

Read More: https://lnkd.in/gc2B5i3A",https://www.linkedin.com/feed/update/urn:li:activity:7436848289607536641,Organic,,Cameron Kerkau,03/09/2026,,,All followers,300,,,0,0.0,6,0,1,,0.023333333432674408,
"Yesterday was #InternationalWomensDay, established in 1911 to celebrate women’s voices and achievements, as well as raise awareness about the discrimination and barriers many face to achieve #leadership roles.

It’s a time to take stock of progress and the work needed to achieve gender equity, writes Contributing Lead Editor Amy Bryson. 

Supply chain volatility, talent attraction and retention, digital transformation and change management are some of the things keeping #manufacturing leaders up at night. 

The solutions to these challenges lie in the ideas, actions and risk-taking of people with diverse perspectives.",https://www.linkedin.com/feed/update/urn:li:activity:7436820466947829761,Organic,,Cameron Kerkau,03/09/2026,,,All followers,2345,,,54,0.02302771806716919,26,1,2,,0.03539445623755455,
"Alex Cairns, managing director of Move Marketing, pens an article on the transition from a sales-led to a buyer-led approach when it comes to manufacturer marketing. 

""One of the most useful ways to rethink marketing is through the lens of marginal gains,"" Cairns writes. ""Small improvements, compounded over time, can dramatically reduce friction across the buying system. Stop asking, 'What big campaign should we run?' Instead ask, 'Where is one small improvement likely to reduce friction across the entire buyer journey?'”

⬇️ Read more of his insights at AdvancedManufacturing.org.

https://lnkd.in/gMH6A_Dx",https://www.linkedin.com/feed/update/urn:li:activity:7436138612448059395,Organic,,Rachael Thomas,03/07/2026,,,All followers,412,,,8,0.019417475908994675,1,0,1,,0.02427184395492077,
"The AMUG (Additive Manufacturing Users Group) announced the recipients of its scholarships:

🔸Li Yang, an associate professor in the Department of Industrial and Systems Engineering at the University of Louisville, has been awarded the Randy Stevens Scholarship for educators in additive manufacturing. 

🔸Abby Stamper, who is pursuing a bachelor's degree in mechanical engineering at Boise State University, has been awarded the Guy E. Bourdeau Scholarship for students in additive manufacturing.

As scholarship recipients, Stamper and Yang will attend the AMUG Conference to engage with additive manufacturing users. They are scheduled to take the main stage to present their work on Tuesday, March 17. The AMUG Conference will be held in Reno, Nev., from March 15-19.

Read more about the scholarship recipients in the release linked in the comments.",https://www.linkedin.com/feed/update/urn:li:activity:7435787142594965504,Organic,,Rachael Thomas,03/06/2026,,,All followers,3853,,,116,0.03010641038417816,53,5,0,,0.04515961557626724,
"Mastercam Canada, an affiliate of Mastercam, the CAD/CAM software provider and part of the Sandvik Group, has announced the close of its strategic acquisition of In-House Solutions Inc.

SME #CAD #CAM #software #manufacturing",https://www.linkedin.com/feed/update/urn:li:activity:7435767862780313600,Organic,,Cary Gitter,03/06/2026,,,All followers,1802,,,36,0.01997780241072178,9,0,0,,0.024972252547740936,
"#ICYMI: Nominations are still open for the 2026 edition of SME's 30 Under 30 program. 🌟 We're highlighting another round of 30 outstanding leaders, 30 years old or younger, who are forging new paths in manufacturing.

If you know someone who fits the below criteria, nominate them today:
🔹 Young professional working in manufacturing, conducting manufacturing research or teaching manufacturing trades or manufacturing engineering
🔹 Student (K-12 and above) making an impact through, or in, manufacturing

This year's honorees will be recognized in a special issue of Manufacturing Engineering & Technology magazine later this year.

➡️ Submit your nomination: https://lnkd.in/ghaxAqQh

#30Under30 #Nominations #Innovation #ManufacturingLeaders",https://www.linkedin.com/feed/update/urn:li:activity:7435761546603102208,Organic,,Rachael Thomas,03/06/2026,,,All followers,1255,,,42,0.03346613422036171,12,0,6,,0.04780876636505127,
"JBF Consulting's Tara Buchler shares 10 common ways advanced manufacturing technology buyers get it wrong before the RFP even begins—and how a strategy-first approach produces better results.

SME #advancedmanufacturing #technology #RFP #manufacturing",https://www.linkedin.com/feed/update/urn:li:activity:7435743124188164096,Organic,,Cary Gitter,03/06/2026,,,All followers,246,,,0,0.0,0,0,0,,0.0,
"""For many manufacturers attempting to scale beyond prototyping, progress often slows after (metal 3D) printing is complete,"" writes Amir Ben Assa of Plataine. ""The real constraint frequently appears in post-processing.""

SME #additivemanufacturing #3Dprinting #metalAM",https://www.linkedin.com/feed/update/urn:li:activity:7435731985349763072,Organic,,Cary Gitter,03/06/2026,,,All followers,328,,,0,0.0,1,0,0,,0.0030487803742289543,
"Manufacturers’ current spending on cybersecurity may be ""misplaced,"" suggests new data from Macrium Software in partnership with research company NewtonX.

SME #cybersecurity #cyberattacks #downtime #manufacturing",https://www.linkedin.com/feed/update/urn:li:activity:7435719279141953537,Organic,,Cary Gitter,03/06/2026,,,All followers,168,,,0,0.0,1,0,0,,0.0059523810632526875,
"Metrology is no longer confined to the end of the line. 

It’s moving closer to the process itself, reshaping how quality, automation and decision making intersect on the shop floor.

A generation ago, inspection lived comfortably at the edge of manufacturing. 

Parts were produced, moved into a quality lab, measured and documented. 

If something went wrong, teams adjusted the process and tried again. 

That model worked when parts were simpler, production timelines were more forgiving and the cost of rework was manageable.

That rhythm no longer holds.

Read Meaghan Ziemba's feature on the latest metrology technology now.

#metrology #manufacturing #inspection #quality ",https://www.linkedin.com/feed/update/urn:li:activity:7435706599488290816,Organic,,Cameron Kerkau,03/06/2026,,,All followers,3834,,,96,0.025039123371243477,24,4,2,,0.03286384791135788,
"Are you struggling to find manufacturing talent? You're not alone. Demand for skills is rising faster than supply can keep up. 

Jim Pagliero, president of Engineering, Energy and Manufacturing at The Planet Group, has some ideas on how to solve this persistent problem. 

https://lnkd.in/gVs6PjTj #workforcedevelopment #hiring #talentgap
",https://www.linkedin.com/feed/update/urn:li:activity:7435693193767292928,Organic,,Michael McConnell,03/06/2026,,,All followers,296,,,0,0.0,2,0,0,,0.006756756920367479,
"Wire harness manufacturing is getting more complex. But many production floors are still running on formboards, manual drawings, and tribal knowledge. That gap is where mistakes happen.

In this webinar, we break down how manufacturers are digitizing wire harness production to eliminate guesswork and bring real time, guided build instructions directly to the shop floor.

You will learn where harness errors actually originate, how teams are catching them earlier in the build process, and what scalable execution looks like when design data drives production.

Hear from Andrew Armstrong, Co Founder and CTO of Re:Build Cadonix, and Henry Leonardo Lopez-Mejia, Senior Field Applications Engineer, as they share how manufacturers are reducing rework, shortening technician training time, and increasing throughput without adding labor.

Register here: https://lnkd.in/gjQjHhbJ",https://www.linkedin.com/feed/update/urn:li:activity:7435670603757559808,Organic,,Elizabeth Anderson,03/06/2026,,,All followers,1814,,,98,0.05402425676584244,31,0,4,,0.07331863045692444,
"Wire harness manufacturing is getting more complex. But many production floors are still running on formboards, manual drawings, and tribal knowledge. That gap is where mistakes happen.

In this webinar, we break down how manufacturers are digitizing wire harness production to eliminate guesswork and bring real time, guided build instructions directly to the shop floor.

You will learn where harness errors actually originate, how teams are catching them earlier in the build process, and what scalable execution looks like when design data drives production.

Hear from Andrew Armstrong, Co Founder and CTO of Re:Build Cadonix, and Henry Leonardo Lopez-Mejia, Senior Field Applications Engineer, as they share how manufacturers are reducing rework, shortening technician training time, and increasing throughput without adding labor.

Register here: https://lnkd.in/gjQjHhbJ",https://www.linkedin.com/feed/update/urn:li:activity:7435670603757559808,Sponsored,"Boost Post Brand Awareness March 6, 2026 at 7:02 PM",Elizabeth Anderson,03/06/2026,03/06/2026,03/11/2026,All followers,885125,,,215,0.00024290353758260608,0,0,0,0.0,0.00024290353758260608,
"Wire harness manufacturing is getting more complex. But many production floors are still running on formboards, manual drawings, and tribal knowledge. That gap is where mistakes happen.

In this webinar, we break down how manufacturers are digitizing wire harness production to eliminate guesswork and bring real time, guided build instructions directly to the shop floor.

You will learn where harness errors actually originate, how teams are catching them earlier in the build process, and what scalable execution looks like when design data drives production.

Hear from Andrew Armstrong, Co Founder and CTO of Re:Build Cadonix, and Henry Leonardo Lopez-Mejia, Senior Field Applications Engineer, as they share how manufacturers are reducing rework, shortening technician training time, and increasing throughput without adding labor.

Register here: https://lnkd.in/gjQjHhbJ",https://www.linkedin.com/feed/update/urn:li:activity:7435670603757559808,Total,,Elizabeth Anderson,03/06/2026,,,All followers,886939,,,313,0.00035289913648739457,31,0,4,0.0,0.0003923607000615448,
"3D-printing giant Stratasys released its fourth-quarter and full-year earnings results Thursday that fell short of market expectations.

SME #3Dprinting #additivemanufacturing",https://www.linkedin.com/feed/update/urn:li:activity:7435446986834591744,Organic,,Cary Gitter,03/05/2026,,,All followers,250,,,6,0.024000000208616257,1,0,0,,0.02800000086426735,
"SME Media Senior Editor Michael McConnell, Editor Rachael Thomas and Associate Editor Cary Gitter sit down for an industry update, discussing economic expansion in the manufacturing sector, a visit to Autotool Tech Day in Ohio and the latest news on tariffs. ",https://www.linkedin.com/feed/update/urn:li:activity:7435383814752800768,Organic,,Craig Veltri,03/05/2026,,,All followers,1247,194.0,,104,0.08340016007423401,12,2,5,,0.09863673150539398,Video
"J.F. Lehman & Company, a leading alternative asset manager focused on the aerospace, defense, government, maritime, environmental and infrastructure sectors, announced the acquisition of Forged Solutions Group (FSG).

With roots dating back to 1836, FSG provides high specification forgings for the aerospace, defense and space end markets with a particular focus on flight-critical, rotating aeroengine components. 

⬇️ Read more about the acquisition in the full release. 

https://lnkd.in/gHQGPWiv
",https://www.linkedin.com/feed/update/urn:li:activity:7435349989876326400,Organic,,Rachael Thomas,03/05/2026,,,All followers,784,,,10,0.012755102477967739,5,0,0,,0.01913265325129032,
"In the latest episode of Advanced Manufacturing Now, Steve Plumb sits down with Dave Evans, CEO of MISUMI USA and founder of Fictiv, to unpack findings from the 11th Annual State of Manufacturing and Supply Chain Report.

LISTEN NOW: https://lnkd.in/gY7AYWMA

#manufacturing #podcast #report #supplychain",https://www.linkedin.com/feed/update/urn:li:activity:7435339882367033344,Organic,,Cameron Kerkau,03/05/2026,,,All followers,256,,,6,0.0234375,2,0,0,,0.03125,
" SME Media Senior Editor Michael McConnell, Editor Rachael Thomas and Associate Editor Cary Gitter sit down for an industry update, discussing economic expansion in the manufacturing sector, a visit to Autotool Tech Day in Ohio and the latest news on tariffs.

Tune in and join the conversation tomorrow, March 5th, at 1:00 pm!

📍 Stream on our socials:
LinkedIn: https://lnkd.in/gTstvUr9 
YouTube: https://lnkd.in/gfTp887E
Facebook: https://lnkd.in/gMZWPhWz
X: https://x.com/SMEMediaNews

#SMEMedia #AdvancedManufacturing #MET #Innovation #AMLive",https://www.linkedin.com/feed/update/urn:li:activity:7435082045678092290,Organic,,Elizabeth Anderson,03/04/2026,,,All followers,605,,,32,0.05289256200194359,10,1,1,,0.072727270424366,
"In an article for our 2026 Additive Manufacturing Industry Report, John Barnes, president of The Barnes Global Advisors and founder/CEO of Metal Powder Works, discusses the evolutions—and limitations—of #casting and #additivemanufacturing.

""For 20 years, the story around castings and AM has been told in the language of threat: offshoring, plant closures, disruptive technologies waiting in the wings,"" Barnes writes. ""And yet here we are: foundry tonnage comparable with two decades ago, a more profitable and consolidated base, and a metal AM sector that has proven it can deliver certified, high‑performance hardware.""

https://lnkd.in/gc3Q_An4",https://www.linkedin.com/feed/update/urn:li:activity:7435081644295995392,Organic,,Rachael Thomas,03/04/2026,,,All followers,586,,,18,0.030716722831130028,15,0,2,,0.059726960957050323,
"Automation innovation came alive during Autotool Tech Day, held Feb. 25-26, at Autotool Inc.'s Ohio facility. The event was made possible by KUKA Connexions, an ongoing initiative by KUKA. 

From autonomous mobile robots to AI-powered vision software for bin picking, the event was packed with #automation technologies shaping the future of manufacturing. 

Attendees connected with nearly 20 technology partners during the event's open house, as well as heard keynotes from professionals at KUKA, JCB, the Center for Design and Manufacturing Excellence at The Ohio State University and EWI. 

SME Media Editor Rachael Thomas attended the first day of the event and penned a recap of all the action. Head to comments for the link to the article.",https://www.linkedin.com/feed/update/urn:li:activity:7435060620686757888,Organic,,Rachael Thomas,03/04/2026,,,All followers,360,,,10,0.02777777798473835,10,3,0,,0.06388889253139496,
"Programming taking longer than it should?

Mastercam 2026.R2 is here with faster simulation, smarter automation, and smoother multiaxis workflows designed for real shop challenges.

In this webinar, Applications Engineer Thomas Minor walks through the latest features and shows how they work in real world machining scenarios so you can reduce friction and boost accuracy.

Save your spot: https://lnkd.in/gCxS8M-w",https://www.linkedin.com/feed/update/urn:li:activity:7435041095216103424,Organic,,Elizabeth Anderson,03/04/2026,,,All followers,1945,,,40,0.02056555263698101,29,0,6,,0.0385604128241539,
"The U.S. Department of Labor last month announced a funding opportunity of up to $145 million for organizations interested in administering its Pay-for-Performance Incentive Payments Program to further expand the national apprenticeship system.

The department’s Employment and Training Administration will award up to five cooperative agreements to organizations for a four-year period of performance focusing on the expansion of newly developed Registered Apprenticeships, as well as the growth of existing programs across industries.

Read more about the program at the link in the comments.",https://www.linkedin.com/feed/update/urn:li:activity:7435014702465908737,Organic,,Rachael Thomas,03/04/2026,,,All followers,298,,,10,0.033557046204805374,3,1,0,,0.0469798669219017,
"Siemens announced the Questa One Agentic Toolkit, which brings domain-scoped #agenticAI workflows to its Questa One smart verification software portfolio to accelerate creation, verification planning, execution, debugging and closure to achieve trusted RTL sign-off faster while transforming how engineers approach integrated circuit (IC) design and verification tasks.

The verification productivity gap continues to widen as design complexity explodes with 3D ICs, chiplet-based architectures and software-defined systems. 

The Questa One Agentic Toolkit transforms verification and design from isolated tool interactions into intelligent, domain-scoped multi-step, framework-agnostic workflows powered by agentic AI—autonomous systems operating within the verification domain under customer-defined governance boundaries that can reason, plan and execute complex tasks while maintaining configurable human oversight at critical decision points directly within engineers' existing environments.

Find the link to the full release in the comments.",https://www.linkedin.com/feed/update/urn:li:activity:7434694921481138176,Organic,,Rachael Thomas,03/03/2026,,,All followers,260,,,0,0.0,3,1,0,,0.015384615398943424,
"Manufacturers nationwide are facing a structural shortage of skilled maintenance technicians.

Traditional hiring and training approaches are no longer sufficient to meet the growing complexity of modern industrial systems or the speed at which employers must build technical capability.  

In an upcoming webinar, Phillips Workforce, a new workforce development division of Phillips Corporation will explore how leading employers are addressing this challenge by investing in accelerated, employer-aligned workforce development programs that deliver measurable operational and financial returns.

Drawing on proven outcomes, including 44 percent average ROI, up to 26 percent production increases, and significantly improved retention, this session will demonstrate why workforce development should be viewed as critical operational infrastructure rather than a discretionary expense.  

Attendees will receive an exclusive overview of the workforce development programs offered at the new Phillips Workforce Training Center opening in Portsmouth, Virginia, and learn how employers can build direct talent pipelines through structured onboarding, incumbent upskilling, registered apprenticeships, and pre-hire training.

Register for the webinar now: https://lnkd.in/ggMNuwwf",https://www.linkedin.com/feed/update/urn:li:activity:7434670187037147136,Organic,,Simran Saini,03/03/2026,,,All followers,438,,,16,0.03652967885136604,7,0,0,,0.052511416375637054,
"The 2026 C-Suite Stress Index Survey by Sentry shows that while more than half of business leaders are more optimistic about their businesses’ survival and growth this year, many feel under greater stress than last year.

SME #csuite #stressindex #2026outlook
",https://www.linkedin.com/feed/update/urn:li:activity:7434658810146979840,Organic,,Cary Gitter,03/03/2026,,,All followers,1938,,,26,0.013415892608463764,11,0,0,,0.01909184642136097,
"The United States Department of the Air Force has awarded an $8.6 million contract to Istari Digital to establish Industry One, an initiative designed to break down digital engineering barriers and accelerate digital transformation across the Defense Industrial Base.

⬇️ Read more in the release.

SME #DigitalEngineering #DigitalTransformation",https://www.linkedin.com/feed/update/urn:li:activity:7434629621683249154,Organic,,Rachael Thomas,03/03/2026,,,All followers,220,,,0,0.0,0,0,0,,0.0,
"Hirebotics, a provider of collaborative robot (cobot) solutions for the metal-fabrication industry, announced that co-founder and Chief Operating Officer Matthew Bush has been appointed chief executive officer.

SME #robotics #cobots #automation #manufacturing",https://www.linkedin.com/feed/update/urn:li:activity:7434620763602632704,Organic,,Cary Gitter,03/03/2026,,,All followers,230,,,0,0.0,0,0,0,,0.0,
"The manufacturing sector expanded in February for the second month in a row—though only the third time in 40 months—according to the latest report from the Institute for Supply Management.

SME #manufacturingsector #manufacturingeconomy #manufacturing",https://www.linkedin.com/feed/update/urn:li:activity:7434309516348809216,Organic,,Cary Gitter,03/02/2026,,,All followers,278,,,2,0.007194244768470526,2,0,0,,0.014388489536941051,
"Mazak North America has announced it will be hosting the inaugural Discover More With Mazak Phoenix Open House, from April 28-29, at the company's Phoenix Technical Center. 

Attendees can expect conversations with industry experts on the latest innovations in manufacturing as well as live cutting demonstrations on a wide range of advanced machining technology. 

Read more in Mazak's release ⬇️ 

https://lnkd.in/gjargRxS",https://www.linkedin.com/feed/update/urn:li:activity:7434297925188624384,Organic,,Rachael Thomas,03/02/2026,,,All followers,288,,,2,0.0069444444961845875,0,0,0,,0.0069444444961845875,
"Two leading initiatives in the additive manufacturing industry have announced the creation of the Additive Manufacturing Alliance, an umbrella bringing together Leading Minds and the AM I Navigator.

SME Materialise #additivemanufacturing #3Dprinting #manufacturing",https://www.linkedin.com/feed/update/urn:li:activity:7432894497359040513,Organic,,Cary Gitter,02/26/2026,,,All followers,322,,,8,0.02484472095966339,2,0,0,,0.03105590119957924,
"The March 2026 edition of #𝘔𝘢𝘯𝘶𝘧𝘢𝘤𝘵𝘶𝘳𝘪𝘯𝘨 #𝘌𝘯𝘨𝘪𝘯𝘦𝘦𝘳𝘪𝘯𝘨 𝘢𝘯𝘥 #𝘛𝘦𝘤𝘩𝘯𝘰𝘭𝘰𝘨𝘺 📖 is just around the corner. 

In the latest episode of 𝘈𝘥𝘷𝘢𝘯𝘤𝘦𝘥 𝘔𝘢𝘯𝘶𝘧𝘢𝘤𝘵𝘶𝘳𝘪𝘯𝘨 𝘕𝘰𝘸, we break down this issue's featured articles on advances in wire EDM technology, #AI integration, #cybersecurity and #workforce development, as well as our #Aerospace and #Defense Industry Report. 

🎧 Listen now: https://lnkd.in/g3tZYYuT",https://www.linkedin.com/feed/update/urn:li:activity:7432843153734287360,Organic,,Cameron Kerkau,02/26/2026,,,All followers,274,,,4,0.014598540030419827,2,0,0,,0.021897809579968452,
"Sculpteo, a company specializing in industrial on-demand 3D printing services, has launched HP Metal Jet technology for 3D-printed metal parts, offering customers across Europe and the U.S. fast, high-quality and cost-competitive manufacturing at scale.

https://lnkd.in/dqnScDAY

SME #3DPrinting #BinderJetting #AdditiveManufacturing",https://www.linkedin.com/feed/update/urn:li:activity:7432826727464280065,Organic,,Rachael Thomas,02/26/2026,,,All followers,258,,,2,0.007751937955617905,0,0,0,,0.007751937955617905,
"Methods Machine Tools, Inc., a supplier of precision machine tools and automation solutions, has hired Jon Casten as vice president of aftermarket.

SME #machinetools #automation #CNCmachining #manufacturing",https://www.linkedin.com/feed/update/urn:li:activity:7432515240958906368,Organic,,Cary Gitter,02/25/2026,,,All followers,326,,,8,0.024539876729249954,4,1,0,,0.03987729921936989,
"The Manufacturing & Automation eXchange - MAX will make its debut March 24-26 at the Nashville Music City Center, bringing together manufacturing, automation and quality professionals from across the Southern U.S. region.

SME BNP Media #manufacturing #automation #quality",https://www.linkedin.com/feed/update/urn:li:activity:7432487370136035328,Organic,,Cary Gitter,02/25/2026,,,All followers,384,,,12,0.03125,4,0,0,,0.0416666679084301,
"Should you buy a 3D printer?

We reached out to the LinkedIn community to find out. 

People shared their experiences about wanting easier, faster ways to deliver prototypes. 

Others justified the purchase as a way to print fixtures and 5S accessories for the shop floor, or as a segue into metal-3D printing, or just because they were curious about the technology.

Kip Hanson explores their use-cases so you can decide if the technology is right for you. Find the full article in the comments below.

#3dprinting #additivemanufacturing #usecases #AM",https://www.linkedin.com/feed/update/urn:li:activity:7432468838249840640,Organic,,Cameron Kerkau,02/25/2026,,,All followers,742,,,26,0.03504043072462082,18,3,3,,0.06738544255495071,
"The manufacturing industry is undergoing a major transformation driven by advanced technologies and shifting global demands. As companies pursue smarter, more resilient production models, CES® 2026 highlights the innovations and partnerships shaping the future.

Read the article below to learn more.

https://lnkd.in/gerrE8RR",https://www.linkedin.com/feed/update/urn:li:activity:7432073080178618368,Organic,,Simran Saini,02/24/2026,,,All followers,428,,,8,0.018691588193178177,5,0,0,,0.0303738322108984,
"The U.S. Supreme dealt a loss to the White House today when it ruled 6-3 that the widespread, open-ended #tariffs imposed on trading partners last year exceeded presidential authority. 

Although the existing tariffs were declared unconstitutional, President Donald Trump says he has other avenues to maintain the levies and the billions in revenue they have generated. 

https://lnkd.in/gKqidXeu",https://www.linkedin.com/feed/update/urn:li:activity:7430740501730926593,Organic,,Michael McConnell,02/20/2026,,,All followers,362,,,12,0.033149171620607376,0,0,0,,0.033149171620607376,
"Manufacturers are heading into the year with tighter margins, leaner teams, and zero tolerance for initiatives that don’t deliver measurable ROI. So where are leaders actually investing — and what are they cutting?

In this data-backed session based on CADDi’s 2026 Industry Report, Aaron Lober, Chris Cope, and Patrick Harrigan break down how top manufacturers are competing in a constrained environment:

• Why 69% are doubling down on physical assets over headcount
 • Why data access is emerging as the real productivity multiplier
 • How “selective improvement” is replacing broad transformation
 • What this shift means for ROI, resilience, and speed

If you’re making investment decisions in 2026, this conversation will help you focus on what actually moves the needle.

Register now: https://lnkd.in/gkzCbNff

#SMEMedia #ManufacturingOutlook #SmartManufacturing #ManufacturingLeadership #IndustrialAI",https://www.linkedin.com/feed/update/urn:li:activity:7430699346452697088,Organic,,Elizabeth Anderson,02/20/2026,,,All followers,796,,,16,0.02010050229728222,16,0,2,,0.04271356761455536,
"Jennifer Coyne, director of programs at The Barnes Global Advisors and an advisor on SME's AM Technical Community Leadership Committee, joins Senior Editor Michael McConnell and Editor Rachael Thomas for a conversation on workforce development and advocacy within the additive manufacturing industry as well as holistic approaches to technology adoption.",https://www.linkedin.com/feed/update/urn:li:activity:7430340622986784768,Organic,,Craig Veltri,02/19/2026,,,All followers,1266,283.0,,44,0.03475513309240341,22,3,2,,0.05608214810490608,Video
"Join us for a can’t-miss conversation! Jennifer Coyne, Director of Programs at The Barnes Global Advisors and an advisor on SME's AM Technical Community Leadership Committee, joins Senior Editor Michael McConnell and Editor Rachael Thomas for a conversation on workforce development and advocacy within the additive manufacturing industry as well as holistic approaches to technology adoption.


📅 Thursday, February 19th, 3PM ET
📍 Stream on our socials:
Advanced Manufacturing: https://lnkd.in/gBzPhZxf
LinkedIn: https://lnkd.in/gTstvUr9 
YouTube: https://lnkd.in/gfTp887E
Facebook: https://lnkd.in/gMZWPhWz
X: https://x.com/SMEMediaNews

#SMEMedia #AdvancedManufacturing #MET #Innovation #AMLive",https://www.linkedin.com/feed/update/urn:li:activity:7429932765883813888,Organic,,Elizabeth Anderson,02/18/2026,,,All followers,1428,,,50,0.03501400724053383,23,2,5,,0.05602240934967995,
"In the spring of 1943, 17-year-old Mae Krier trekked to Seattle with one of her sisters and a friend to support the war effort in their own way.

They joined The Boeing Co., as part of an estimated 6 million women across the nation who collectively became known as “Rosie the Riveters.” 

The women produced aircraft, ships, vehicles, weaponry and ammunition for American and allied troops.

The North Dakota trio originally only planned to stay the summer in Seattle, but they ended up working there for about two years, sharing a patriotic, hard-working adventure that helped America win the war and forever changed the rules of engagement for women in the workforce.

Our Editor-in-Chief Steve Plumb recently sat down with Mae for an in-depth conversation about her life, legacy and ongoing effort to inspire young girls and women across the country. 

#RosietheRiveter #WWIIWomen #Leadership #History",https://www.linkedin.com/feed/update/urn:li:activity:7429571094690529280,Organic,,Cameron Kerkau,02/17/2026,,,All followers,1723,,,194,0.11259431391954422,28,8,12,,0.14045269787311554,
"The aerospace and defense (A&D) industry is in a period of accelerated change. Advanced technologies, including #AI and #additivemanufacturing, as well as pending changes to the National Security Strategy and ongoing trade uncertainty, have implications on manufacturing and procurement processes. Meanwhile, as with other manufacturing sectors, A&D faces its own set of workforce challenges due to a lack of multidisciplinary skills needed to move the industry forward.

So, how are companies managing these challenges? And what are the opportunities that will enable innovation?

We asked executives from several major suppliers to offer their opinions on the state of the industry and how their companies plan to tackle challenges now and into the future. We’d like to thank the following experts who provided their candid insights on a host of topics:

🔸Trevor Campbell of ZEISS Industrial Quality Solutions
🔸Daniel Cleary of Mitsui Seiki
🔸Tom Funke of Sandvik Coromant
🔸Andreas Lackner of CERATIZIT
🔸Dan Skulan of Renishaw
🔸Charles Starrett of L.S. Starrett Co.

Find the link to the full story in the comments.",https://www.linkedin.com/feed/update/urn:li:activity:7429229351809839104,Organic,,Rachael Thomas,02/16/2026,,,All followers,1258,,,30,0.02384737692773342,18,1,4,,0.04213036596775055,
"Insights from early AI deployments in CAD modeling from Tanmay Aggarwal, Founder & CEO, Lambda Function Inc. in the Advanced Manufacturing Showcase on the #CES2026 showfloor.

https://lnkd.in/gJd35G9T",https://www.linkedin.com/feed/update/urn:li:activity:7427101567394291712,Organic,,Simran Saini,02/10/2026,,,All followers,894,,,28,0.031319908797740936,8,0,1,,0.04138702526688576,
"Do you have a career plan -- or do you just see where the industry takes you? Dick Schenkel explains why you need career benchmarks to achieve your professional goals. 

https://lnkd.in/gYHC7QAW #workforcedevelopment #careerplanning ",https://www.linkedin.com/feed/update/urn:li:activity:7426991555619745792,Organic,,Michael McConnell,02/10/2026,,,All followers,362,,,4,0.01104972418397665,2,0,0,,0.016574585810303688,
"Dennis Schunigl of Ingenics Corporation USA walks us through the process and logistics of onshoring and inshoring successfully at the Advanced Manufacturing Showcase on the CES 2026 showfloor.

https://lnkd.in/gQGBCiiK",https://www.linkedin.com/feed/update/urn:li:activity:7426991539236708352,Organic,,Simran Saini,02/10/2026,,,All followers,1164,,,42,0.036082472652196884,11,1,2,,0.04810996726155281,
"Manufacturing risk isn’t just one problem at a time. It’s everything happening at once.

Supply chain disruptions, inventory swings, pricing pressure, and customer concentration all interact—and traditional “what if” planning doesn’t show the full picture. In this webinar, Glen Justis of Acclaim Strategies, LLC breaks down how manufacturers are using Monte Carlo methods to actually see how risks compound and make better decisions because of it.

If you want clearer insight, smarter mitigation strategies, and fewer surprises, this session is for you. Don't miss it!

📅 Wednesday, February 11th at 2PM ET
🔗 Register now: https://lnkd.in/gDKdv_sd",https://www.linkedin.com/feed/update/urn:li:activity:7426709840422653954,Organic,,Elizabeth Anderson,02/09/2026,,,All followers,362,,,6,0.016574585810303688,6,0,0,,0.033149171620607376,
"Are you keeping up with SME Media's Advanced Manufacturing Now podcasts? 

In our latest episode, SME Media Editor-in-Chief Steve Plumb talks to Paul Boris of UiPath about the state of #agenticAI and separates the hype from real-world use. #artificialintelligence #manufacturing #robots

https://lnkd.in/gU2Z3fKr",https://www.linkedin.com/feed/update/urn:li:activity:7425546515709976576,Organic,,Michael McConnell,02/06/2026,,,All followers,854,,,10,0.011709601618349552,9,2,2,,0.026932084932923317,
"Justin Baucum, who’s leading Isembard’s U.S. expansion, joins SME Editor-in-Chief Steve Plumb to discuss the company’s unique business model of establishing contract manufacturing franchises.",https://www.linkedin.com/feed/update/urn:li:activity:7425267205598191617,Organic,,Craig Veltri,02/05/2026,,,All followers,624,2182.0,,38,0.06089743599295616,8,1,1,,0.07692307978868484,Video
"Dalton Williams, VP of business development at Terragrit, explains the benefit and cost reduction of using the company's Adaptive Ops platform to run virtual pilots of complex physical operations on at the Advanced Manufacturing Showcase on the CES 2026 show floor.

https://lnkd.in/gZFnXvfu",https://www.linkedin.com/feed/update/urn:li:activity:7425183203885510656,Organic,,Simran Saini,02/05/2026,,,All followers,1961,,,88,0.04487506300210953,13,0,2,,0.052524223923683167,
"Chad Schron, VP of Tooling U-SME, breaks down the importance of access to a skilled workforce, and what can be done to acquire it, at the Advanced Manufacturing Showcase on the #CES2026 show floor.

https://lnkd.in/geniXXrp",https://www.linkedin.com/feed/update/urn:li:activity:7424931014445211648,Organic,,Simran Saini,02/04/2026,,,All followers,1506,,,62,0.041168659925460815,27,2,2,,0.06175298988819122,
"This Thursday at 3 PM ET, join SME Editor-in-Chief Steve Plumb for a live conversation with Justin Baucum, who is leading Isembard’s U.S. expansion.

They’ll dive into Isembard’s unique contract manufacturing franchise model and what it could mean for the future of advanced manufacturing.

📅 Thursday, 2/5/2026, 3 PM ET
 📍 Stream on our socials:
LinkedIn: https://lnkd.in/gTstvUr9 
YouTube: https://lnkd.in/gfTp887E
Facebook: https://lnkd.in/gMZWPhWz
X: https://x.com/SMEMediaNews

#SMEMedia #AdvancedManufacturing #MET #Innovation #AMLive",https://www.linkedin.com/feed/update/urn:li:activity:7424887062409064448,Organic,,Elizabeth Anderson,02/04/2026,,,All followers,724,,,24,0.033149171620607376,9,1,2,,0.049723755568265915,
"Virginia has the most pressurized labor market for manufacturers, according to a new study by MIE Solutions. At 2.83 job postings per 1,000 jobs, the commonwealth’s Job Posting Intensity Index was more than five times the national baseline of 0.5, and more than double the next nearest state, Montana (1.14).

At the opposite end of the spectrum, Alaska and Hawaii tied for being the least stressed at 0.23 postings per 1,000 job, according to MIE. The analysis is part of the software controls’ company’s Labor Shortages Report for 2026.

Scores were calculated by syncing manufacturing job postings for each state on Indeed to state-level manufacturing employment figures from the Bureau of Labor Statistics.

This index shows how aggressively employers are hiring relative to the size of each state’s manufacturing workforce. Half of the states exceeded the 0.50 benchmark.

The report also shows a widening gap between labor demand and available talent. Small and midsized manufacturing states are experiencing higher hiring pressure than states with a stronger manufacturing presence.

“The findings from our Labor Shortages Report show that the fight for manufacturing talent is no longer confined to the traditional industrial hubs,” Dean Dunagan, vice president of sales at MIE Solutions, said in a press release. “In many states, employers are competing for a shrinking pool of skilled workers at the same time as production demands are increasing. That tension is only going to intensify as we move through 2026.”

Click on the link in the comments for the full story.",https://www.linkedin.com/feed/update/urn:li:activity:7424870610901733376,Organic,,Rachael Thomas,02/04/2026,,,All followers,488,,,6,0.012295082211494446,3,2,0,,0.02254098281264305,
"Dassault Systèmes and NVIDIA yesterday announced a long-term strategic partnership to establish a shared industrial architecture for mission-critical artificial intelligence across industries.

Combining Dassault Systèmes’ Virtual Twin technologies with Nvidia AI infrastructure, open models and accelerated software libraries will establish science-validated Industry World Models, and new ways of working through skilled virtual companions on the agentic 3DEXPERIENCE platform, that empower professionals with new expertise.

“We are entering an era where artificial intelligence does not just predict or generate, but understands the real world. When AI is grounded in science, physics and validated industrial knowledge, it becomes a force multiplier for human ingenuity,” said Pascal Daloz, CEO of Dassault Systèmes. “Together with Nvidia, we are building Industry World Models that unite Virtual Twins and accelerated computing to help industry design, simulate and operate complex systems in biology, materials science, engineering and manufacturing with confidence.”

Head to the comments for the link to the full release.",https://www.linkedin.com/feed/update/urn:li:activity:7424852724535549954,Organic,,Rachael Thomas,02/04/2026,,,All followers,544,,,14,0.025735294446349144,2,1,0,,0.03125,
"Rob Sims, founder and CTO of Alchemi Data Management Inc.,walks you through securing the digital workflow at the Advanced Manufacturing Showcase at #CES2026.

https://lnkd.in/gSASsK8u",https://www.linkedin.com/feed/update/urn:li:activity:7424823683262844928,Organic,,Simran Saini,02/04/2026,,,All followers,278,,,6,0.02158273383975029,7,0,0,,0.04676258936524391,
"Nand Shivkumar, chief innovation officer of Mastercam, leads a discussion on AI-driven manufacturing at the Advanced Manufacturing Showcase on the CES 2026 show floor.

https://lnkd.in/gvNYGJsF",https://www.linkedin.com/feed/update/urn:li:activity:7424568621689122816,Organic,,Simran Saini,02/03/2026,,,All followers,2194,,,34,0.015496809035539627,16,0,3,,0.02415679208934307,
"The Manufacturing Price Managers Index (PMI) registered 52.6% in January, showing growth for the first time in 12 months, according to the latest Institute for Supply Management Manufacturing PMI Report.

This comes after two years of economic contraction for the manufacturing sector.

January’s PMI is a 4.7-percentage-point increase from the seasonally adjusted reading of 47.9% in December 2025. The overall economy has continued in expansion for 15 straight months, the institute said. A Manufacturing PMI above 50% indicates general expansion, while figures below 50% mean the sector is contracting.

The report found three of the five subindexes that directly factor into Manufacturing PMI are in expansion: New orders, production and 
supplier deliveries. 

Click the link in the comments for the full story.",https://www.linkedin.com/feed/update/urn:li:activity:7424522704801693696,Organic,,Rachael Thomas,02/03/2026,,,All followers,356,,,18,0.05056179687380791,1,1,1,,0.05898876488208771,
"Jeremey Thomas, Ryan Schuette and Danny Langan of PAR Systems discuss automated installation and vision AI operations enhancements in the Advanced Manufacturing Showcase on the #CES2026 show floor.

https://lnkd.in/gMhzENpJ",https://www.linkedin.com/feed/update/urn:li:activity:7424470478783664128,Organic,,Simran Saini,02/03/2026,,,All followers,542,,,22,0.04059040546417236,7,1,0,,0.05535055324435234,
"Marposs Corporation, the North American headquarters of Marposs S.p.A. (located in Bentiviglio, Italy), has announced the appointment of Luca Matteucci as its new president.

In this role, Matteucci will be responsible for defining and executing company strategy in alignment with Marposs S.p.A., providing leadership for the North American organization, overseeing budgets and personnel, and evaluating overall performance to ensure achievement of corporate objectives.

Matteucci brings nearly 20 years of experience with Marposs to the position. He joined the company in 2007 as a Final Check Engineer, and later relocated to Marposs UK, where he served as Service & Quality Manager, overseeing post-process gauging systems and leak test machines.

Click the link in the comments for the full release.",https://www.linkedin.com/feed/update/urn:li:activity:7423055202045583360,Organic,,Rachael Thomas,01/30/2026,,,All followers,412,,,11,0.02669902890920639,7,1,2,,0.05097087472677231,
"Amid continued tariff uncertainty and a domestic manufacturing push from the Trump administration, General Motors Corp. announced it’s moving production of its Buick Envision SUV from China to a Kansas City, Kan., plant beginning in 2028. 

The Buick Envision has been manufactured exclusively by China-U.S. joint venture SAIC General Motors Motors Corp. Ltd. since 2014, and been sold in the U.S. since 2017, American Machinist reported. In recent years, the vehicle has been one of the top-selling Buick models in the U.S. 

“This decision further strengthens GM’s domestic manufacturing footprint and supports U.S. jobs, building on $5.5 billion in new investments announced across our U.S. manufacturing sites in the last year,” GM spokesperson Kevin Kelly said in a statement. 

The production relocation is part of GM’s larger plan to boost its U.S. manufacturing capacity, mitigate tariff impacts and increase production of its more profitable full-size truck and SUV models, Supply Chain Dive reported. The publication added that production of the Buick Envision is subject to a combined 47.5% tariff as part of the Trump administration’s ongoing trade war with China and pressure for companies to invest in U.S. manufacturing. 

Click the link in the comments for the full story.",https://www.linkedin.com/feed/update/urn:li:activity:7422703005776498689,Organic,,Cameron Kerkau,01/29/2026,,,All followers,479,,,10,0.020876826718449593,6,1,0,,0.03549060598015785,
"STLE - Society of Tribologists and Lubrication Engineers has released its new, free digital special report, ""Sustainable Lubricants: A Stewardship-Driven Approach to Effective Outcomes.""

The report covers how continued improvements in lubricants and their applications have made sustainable formulations more accessible and affordable.

SME #IndustryReport #Sustainability",https://www.linkedin.com/feed/update/urn:li:activity:7422390609421844480,Organic,,Rachael Thomas,01/28/2026,,,All followers,419,,,5,0.01193317398428917,2,0,0,,0.016706444323062897,
"Wintriss Controls Group, LLC has appointed former Wintriss General Manager Keith Magnant as the company's new president. 

News of this appointment comes weeks after Wintriss announced the acquisition of ISB to form WintrissISB.  

https://lnkd.in/gQwc3XXC
",https://www.linkedin.com/feed/update/urn:li:activity:7422329312667725824,Organic,,Rachael Thomas,01/28/2026,,,All followers,2640,,,112,0.042424242943525314,56,17,0,,0.07007575780153275,
"Vention, provider of an AI-powered software and hardware platform for automation and robotics, today announced it has raised $110 million in financing.

SME #physicalAI #artificialintelligence #robotics #automation
",https://www.linkedin.com/feed/update/urn:li:activity:7421996169683456000,Organic,,Cary Gitter,01/27/2026,,,All followers,182,,,7,0.03846153989434242,4,0,0,,0.06043956056237221,
"Intelligent power-management company Eaton today announced that it intends to pursue a separation of its Vehicle and eMobility segments into an independent, publicly traded company.

SME #powermanagement #mobility #manufacturing",https://www.linkedin.com/feed/update/urn:li:activity:7421744578480852993,Organic,,Cary Gitter,01/27/2026,,,All followers,216,,,3,0.013888888992369175,1,0,0,,0.018518518656492233,
SME Media Senior Editor Michael McConnell and Associate Editor Cary Gitter take a look at what companies are doing to develop the future manufacturing workforce—from hiring veterans to bridging the skills gap and building innovative career and learning centers.,https://www.linkedin.com/feed/update/urn:li:activity:7420193816470609920,Organic,,Craig Veltri,01/22/2026,,,All followers,551,263.0,,37,0.06715063750743866,12,0,4,,0.0961887463927269,Video
"Rob Ortiz, national sales director at Formlabs, explains why your idea of 3D printing technology is antiquated at the Advanced Manufacturing Showcase on the show floor of CES 2026. Click below to watch the full video!

https://lnkd.in/g4We79kB",https://www.linkedin.com/feed/update/urn:li:activity:7420185996966703104,Organic,,Simran Saini,01/22/2026,,,All followers,295,,,4,0.013559321872889996,8,0,0,,0.04067796468734741,
"Seventy-nine percent of manufacturing executives say the skilled-labor shortage continues to be their biggest challenge, according to new research from AI data company CADDi.

SME #laborshortage #skilledlabor #workforce #manufacturing",https://www.linkedin.com/feed/update/urn:li:activity:7420142859519119360,Organic,,Cary Gitter,01/22/2026,,,All followers,202,,,8,0.039603959769010544,3,0,0,,0.05445544421672821,
"Don't miss our second episode of Advanced Manufacturing LIVE📽️ 

Stream on our socials tomorrow at 3PM ET:
LinkedIn: https://lnkd.in/gTstvUr9 
YouTube: https://lnkd.in/gfTp887E
Facebook: https://lnkd.in/gMZWPhWz 
X: https://x.com/SMEMediaNews

SME Media Senior Editor Michael McConnell and Associate Editor Cary Gitter take a look at what companies are doing to develop the future manufacturing workforce—from hiring veterans to bridging the skills gap and building innovative career and learning centers.

#SMEMedia #AdvancedManufacturing #MET #Innovation #AMLive",https://www.linkedin.com/feed/update/urn:li:activity:7419857348057407488,Organic,,Elizabeth Anderson,01/21/2026,,,All followers,698,,,40,0.05730659142136574,23,1,5,,0.09885387122631073,
"INDEX Corporation, a global provider of CNC turning technology, has named Ross Kenyon director of applications and Tyler Economan director of sales.

SME #cncmachining #cncturning #manufacturing",https://www.linkedin.com/feed/update/urn:li:activity:7419841704842776576,Organic,,Cary Gitter,01/21/2026,,,All followers,152,,,0,0.0,2,0,0,,0.01315789483487606,
"Cutting-tool shipments reached $206.1 million in November 2025, according to the Cutting Tool Market Report compiled by AMT - The Association For Manufacturing Technology and the United States Cutting Tool Institute.

SME #cuttingtools #machining #manufacturing",https://www.linkedin.com/feed/update/urn:li:activity:7419826983880171520,Organic,,Cary Gitter,01/21/2026,,,All followers,267,,,1,0.00374531839042902,6,0,0,,0.026217227801680565,
"What if hiring, onboarding and manufacturing training could happen under one roof to provide a holistic workforce-development pipeline? This was the guiding vision behind aircraft manufacturer Textron Aviation’s Career & Learning Center.
 
The facility aims to be a ""one-stop shop,"" featuring four dedicated areas for individualized support during recruitment, new-hire and technical training and more.

https://lnkd.in/gu74vqyW

SME #WorkforceDevelopment #AviationManufacturing",https://www.linkedin.com/feed/update/urn:li:activity:7419800987600576512,Organic,,Rachael Thomas,01/21/2026,,,All followers,483,,,5,0.010351967066526413,8,0,1,,0.028985507786273956,
"OMRON Robotics has expanded its TM S Series collaborative robot portfolio with three new models and a major software update, supporting manufacturers facing labor shortages and increasing requirements for flexible, high-mix production.

https://lnkd.in/gxPDw4Vr

SME #Cobots #Automation",https://www.linkedin.com/feed/update/urn:li:activity:7419785888714514432,Organic,,Rachael Thomas,01/21/2026,,,All followers,261,,,6,0.02298850566148758,1,0,0,,0.026819923892617226,
"Japanese semiconductor manufacturer Tekscend Photomask Corp. is increasing capacity at its production facility in Round Rock, Texas.

SME #semiconductor #photomask #texas #manufacturing",https://www.linkedin.com/feed/update/urn:li:activity:7419768657829900288,Organic,,Cary Gitter,01/21/2026,,,All followers,153,,,0,0.0,0,0,0,,0.0,
"With manufacturers across North Texas struggling to hire and retain production workers, OnRobot will host the “Build Your Automation Roadmap” event in Dallas on Feb. 19, bringing practical automation solutions to the region’s manufacturing community.

SME #automation #robotics #laborshortage #manufacturing",https://www.linkedin.com/feed/update/urn:li:activity:7419488189918355456,Organic,,Cary Gitter,01/20/2026,,,All followers,147,,,6,0.040816325694322586,1,0,0,,0.0476190485060215,
"Seco Tools has released the 335.18 disc milling cutter, a slotting solution with more than 70 standard variants and full customization.

SME #discmilling #slotting #manufacturing",https://www.linkedin.com/feed/update/urn:li:activity:7419481458324553728,Organic,,Cary Gitter,01/20/2026,,,All followers,140,,,2,0.014285714365541935,1,0,0,,0.02142857201397419,
"The 2025 Pipeline Report recently released by the Aviation Technician Education Council found the FAA issued more than 9,000 new mechanic certificates last year, just 4% below 2023's record year of certifications. 

This and other findings in the report show a growing interest in this crucial career field. 

https://lnkd.in/gfhJ_TfV

SME #IndustryReport #AircraftManufacturing",https://www.linkedin.com/feed/update/urn:li:activity:7419476339512094722,Organic,,Rachael Thomas,01/20/2026,,,All followers,169,,,4,0.023668639361858368,1,0,0,,0.02958579920232296,
"Greene Tweed, a global provider of advanced materials and high-performance solutions, has appointed Thomas (T.J.) Castle as its new chief operating officer.

SME #advancedmaterials #manufacturing",https://www.linkedin.com/feed/update/urn:li:activity:7419474000432619520,Organic,,Cary Gitter,01/20/2026,,,All followers,1697,,,45,0.026517383754253387,31,0,3,,0.046552740037441254,
"The recent death of 20-year-old Amber Czech follows a disturbing pattern of violence against women in manufacturing and the trades.

If we want women to enter these industries, we must confront this reality.

As Meaghan Ziemba writes, safer workplaces don’t happen because one leader decides to care. 

They happen because communities of people refuse to settle and begin holding each other accountable.

When someone raises a concern, the very least we can do is listen.

https://lnkd.in/gpR_x778",https://www.linkedin.com/feed/update/urn:li:activity:7419457442461245440,Organic,,Cameron Kerkau,01/20/2026,,,All followers,369,,,11,0.02981029823422432,9,0,0,,0.054200541228055954,
"Witt Gas Controls, a global provider of gas safety, control and analysis solutions, has announced the appointment of Norm Phelps as president.

SME #gas #gassafety #gascontrol #manufacturing",https://www.linkedin.com/feed/update/urn:li:activity:7419451810035249152,Organic,,Cary Gitter,01/20/2026,,,All followers,102,,,0,0.0,1,0,0,,0.009803921915590763,
"""In the high-stakes world of manufacturing, a new paradigm is emerging: agentic manufacturing,"" pens Karan Talati, founder and CEO of First Resonance. ""This AI-driven approach is not just a technological upgrade; it’s a strategic transformation that empowers shops and factories to operate smarter, faster and more autonomously.""
 
Talati shares more about the benefits of agentic AI systems in one of our latest articles on AdvancedManufacturing.org

https://lnkd.in/gvK8f-vD
 
SME #AgenticAI",https://www.linkedin.com/feed/update/urn:li:activity:7419438612410314754,Organic,,Rachael Thomas,01/20/2026,,,All followers,161,,,1,0.006211180239915848,1,0,0,,0.012422360479831696,
"Mazak North America's new Phoenix Technical Center has officially opened and is providing service for manufacturers throughout the western part of the country. 

Dan Janka, Mazak's president, said in a release that the new facility ""will center on the manufacturing needs of the area’s key industrial sectors that include semiconductor, aerospace and defense, electronics and several others.""

https://lnkd.in/g4E782Fr

SME #Manufacturing #Expansion",https://www.linkedin.com/feed/update/urn:li:activity:7419418508222193665,Organic,,Rachael Thomas,01/20/2026,,,All followers,196,,,2,0.010204081423580647,1,0,0,,0.015306122601032257,
"Andreas Letsch, director of factory automation at Bosch, explains how automation and smart factories can reliably, safely and efficiently recycle used electric vehicle batteries. Check out SME Media’s conversation with him at CES 2026.",https://www.linkedin.com/feed/update/urn:li:activity:7419387636232007680,Organic,,Simran Saini,01/20/2026,,,All followers,4395,949.0,,143,0.03253697231411934,50,2,5,,0.04550625756382942,Video
"Automation Alley kicks off its 2026 Integr8 Series next month. The series will feature six roundtables focused on the technologies and strategies shaping the future of digital transformation.

https://lnkd.in/gke33nQh",https://www.linkedin.com/feed/update/urn:li:activity:7418054643932479488,Organic,,Rachael Thomas,01/16/2026,,,All followers,185,,,2,0.010810811072587967,2,0,0,,0.021621622145175934,
"A quick look at the coolest innovations, automation, and next-gen tech spotted at CES. The future is closer than you think 🚀",https://www.linkedin.com/feed/update/urn:li:activity:7418041865180037120,Organic,,Simran Saini,01/16/2026,,,All followers,245,118.0,,15,0.06122449040412903,9,1,2,,0.11020407825708389,Video
"North Carolina State University has announced a new partnership with METAL for America to enhance and scale up industry-driven training opportunities for current and prospective metalworking and manufacturing professionals.

SME #manufacturing #metalworking #workforcedevelopment",https://www.linkedin.com/feed/update/urn:li:activity:7418041152936783872,Organic,,Cary Gitter,01/16/2026,,,All followers,228,,,4,0.017543859779834747,2,0,0,,0.02631578966975212,
"More complex part geometries, tighter quality tolerances and higher production volumes means metrology tools need to better than ever. Jeff Igarashi, product sales manager for ZEISS Industrial Quality Solutions Industrial Metrology, provides some precise advice at CES in Las Vegas.",https://www.linkedin.com/feed/update/urn:li:activity:7418007891401486336,Organic,,Simran Saini,01/16/2026,,,All followers,699,634.0,,34,0.048640914261341095,25,1,2,,0.0886981412768364,Video
"Manufacturers have a year to meet new cybersecurity maturity model certification for DoD work. Alchemi Data Management Inc. introduced its new Nexus tool to help contractors meet CMMC requirements, including operator authentication and limiting exposure to controlled unclassified information. CTO Rob Sims shares his insight with SME Media Editor-in-Chief Steve Plumb at CES in Las Vegas.",https://www.linkedin.com/feed/update/urn:li:activity:7417928670578876416,Organic,,Simran Saini,01/16/2026,,,All followers,245,323.0,,8,0.03265305981040001,7,0,2,,0.0693877562880516,Video
"Orders of metalworking machinery came in at $437.9 million in November 2025, according to AMT - The Association For Manufacturing Technology.

SME #metalworking #machinery #machineryorders #manufacturing",https://www.linkedin.com/feed/update/urn:li:activity:7417680402963943424,Organic,,Cary Gitter,01/15/2026,,,All followers,249,,,10,0.0401606410741806,6,0,0,,0.06425702571868896,
"The nature of cyber threats is shifting, with “account compromise and identity-based threats … now the dominant attack vector in cybersecurity,” according to a new report from eSentire.

SME #cybercrime #cybersecurity #cyberthreats",https://www.linkedin.com/feed/update/urn:li:activity:7417675772573724672,Organic,,Cary Gitter,01/15/2026,,,All followers,198,,,16,0.08080808073282242,3,1,0,,0.10101009905338287,
"Get a preview of next month's Manufacturing, Engineering & Technology in this new podcast. SME Media editor Rachael Thomas talks to senior editor Michael McConnell about the #opportunities and challenges of recruiting military veterans for #manufacturing careers. 

https://lnkd.in/gxqcYDNu

#workforcedevelopment #cooljobs",https://www.linkedin.com/feed/update/urn:li:activity:7417671942519939073,Organic,,Michael McConnell,01/15/2026,,,All followers,439,,,8,0.0182232353836298,7,1,1,,0.038724374026060104,
"Northeast Ohio’s MAGNET: The Manufacturing Advocacy and Growth Network—formerly the largest of the state’s six Manufacturing Extension Partnership (MEP) offices—is no longer an MEP.

SME #MEP #ManufacturingExtensionPartnership #NortheastOhio",https://www.linkedin.com/feed/update/urn:li:activity:7417650921985413120,Organic,,Cary Gitter,01/15/2026,,,All followers,331,,,10,0.03021148033440113,1,1,0,,0.03625377640128136,
"Pete Briguet, vice president of advanced manufacturing sales for PAR Systems, discusses the latest trends in automation, #AI, onshoring and the synergies of traditional industrial manufacturing with the consumer electronics market at #CES.",https://www.linkedin.com/feed/update/urn:li:activity:7417626631034564609,Organic,,Simran Saini,01/15/2026,,,All followers,315,177.0,,6,0.01904761977493763,6,0,1,,0.04126984253525734,Video
Data is king. But companies need better tools to collect and understand all the information available to them. Orases’ Philip Prescott explains how AI can help during a conversation with SME Media at #CES2026.,https://www.linkedin.com/feed/update/urn:li:activity:7417566302590128128,Organic,,Simran Saini,01/15/2026,,,All followers,543,207.0,,23,0.042357273399829865,16,2,0,,0.07550644874572754,Video
"Alaska Airlines just placed a big order with Boeing for 737 Max Jets: 

https://lnkd.in/guCgqc8V

#aviationmanufacturing #boeing  ",https://www.linkedin.com/feed/update/urn:li:activity:7417314345954471936,Organic,,Michael McConnell,01/14/2026,,,All followers,194,,,0,0.0,1,1,0,,0.010309278033673763,
Take a quick look at even more cutting-edge robots showcased at #ces2026.,https://www.linkedin.com/feed/update/urn:li:activity:7417272824777633793,Organic,,Simran Saini,01/14/2026,,,All followers,265,125.0,,12,0.04528301954269409,12,2,1,,0.1018867939710617,Video
"The Dignity Act, a bipartisan immigration-reform bill, could help U.S. manufacturers address their hiring challenges, writes John Dorer, CEO of eb3.work.

SME #manufacturing #workforce #hiring #immigration #EB3visa",https://www.linkedin.com/feed/update/urn:li:activity:7417227680150114305,Organic,,Cary Gitter,01/14/2026,,,All followers,330,,,8,0.024242423474788666,6,0,1,,0.04545454680919647,
"All batteries are not created equally. As many as 8% of today’s lithium-ion batteries have a dangerous defect, and it’s more important than ever to detect such issues through CT scanning. According to Lumafield. Check out our conversation with Technical Product Manager Alex Hao at CES.",https://www.linkedin.com/feed/update/urn:li:activity:7417222757119180802,Organic,,Simran Saini,01/14/2026,,,All followers,318,1078.0,,9,0.028301887214183807,10,2,2,,0.07232704758644104,Video
JR Automation’s Andrew Mills shares some onshoring success stories with SME Media Editor-in-Chief at CES 2026 in Las Vegas.,https://www.linkedin.com/feed/update/urn:li:activity:7416954701390168064,Organic,,Simran Saini,01/13/2026,,,All followers,2132,1067.0,,114,0.0534709207713604,47,2,1,,0.07692307978868484,Video
"Surface Solutions Group, a global company specializing in functional coating technologies for medical devices, is developing a new operation in Costa Rica.

The project includes the construction of a new facility, which will begin this year. 

https://lnkd.in/grQWeK8b

SME #MedicalDevices #CoatingTechnlogies #Manufacturing",https://www.linkedin.com/feed/update/urn:li:activity:7416946985594736640,Organic,,Rachael Thomas,01/13/2026,,,All followers,364,,,14,0.03846153989434242,11,0,0,,0.06868132203817368,
"Wintriss Controls Group, LLC has announced that it has acquired all of the assets of ISB, a manufacturer of safety equipment for the metal forming industry based in Montreal, as of October 2025. 

Wintriss has formed a new company in Canada named Wintriss Controls Group ULC, DBA Wintriss ISB.

https://lnkd.in/gKPnF33f

SME #Acquisition #SafetyEquipment #MetalForming",https://www.linkedin.com/feed/update/urn:li:activity:7416928278554259456,Organic,,Rachael Thomas,01/13/2026,,,All followers,457,,,12,0.026258205994963646,9,0,2,,0.05032822862267494,
"AURA Technologies, LLC creates an ""air gap"" to help companies segment their IT and OT networks and protect trusted networks from vulnerabilities. Another tip from Senior Director Leo Cruz: Build information sharing centers with similar types of manufacturers and work with local law enforcement.",https://www.linkedin.com/feed/update/urn:li:activity:7416907024531210240,Organic,,Simran Saini,01/13/2026,,,All followers,212,103.0,,7,0.033018868416547775,6,0,0,,0.06132075563073158,Video
"Dart Controls has announced the appointment of John Burch as president.

SME #motorcontrols #manufacturing",https://www.linkedin.com/feed/update/urn:li:activity:7416896201993670656,Organic,,Cary Gitter,01/13/2026,,,All followers,243,,,7,0.02880658395588398,4,0,0,,0.045267488807439804,
"A quick look at the incredible robots showcased at CES 2026 in Las Vegas. The future of automation, AI and robotics is here.

#CES2026 #Robotics #FutureIsNow #TechExpo",https://www.linkedin.com/feed/update/urn:li:activity:7416611189201231872,Organic,,Simran Saini,01/12/2026,,,All followers,252,140.0,,19,0.075396828353405,9,0,1,,0.115079365670681,Video
"A look back at CES last week, where emerging tech, automation, and innovation took center stage. Here’s a quick glimpse at the ideas shaping the future. Consumer Technology Association

#CES #CES2026 #Innovation #EmergingTech #AdvancedManufacturing #Automation #FutureOfTech
",https://www.linkedin.com/feed/update/urn:li:activity:7416597294898126848,Organic,,Elizabeth Anderson,01/12/2026,,,All followers,2125,790.0,,62,0.029176469892263412,38,0,1,,0.04752941057085991,Video
"The U.S. economy added an estimated 50,000 jobs in December, down from 56,000 in November, according to data released Thursday by the Bureau of Labor Statistics.

SME #jobs #jobgrowth #economy #manufacturing",https://www.linkedin.com/feed/update/urn:li:activity:7416575427986608128,Organic,,Cary Gitter,01/12/2026,,,All followers,164,,,0,0.0,0,0,0,,0.0,
Driving innovation and optimizing existing technologies. lowering barriers of entry to defense manufacturing. Terragrit’s Lindsey Davis and SME Media Editor-in-Chief Steve Plumb talk about how to reshore manufacturing and lowering barriers of entry for maritime defense contractors.,https://www.linkedin.com/feed/update/urn:li:activity:7416560354740060160,Organic,,Simran Saini,01/12/2026,,,All followers,1983,735.0,,182,0.09178013354539871,34,2,6,,0.11296015977859497,Video
"Phillips Corporation's Federal Division has entered a contract with the U.S. Army to deliver advanced hybrid manufacturing systems through its Hybrid division.

https://lnkd.in/gUZ2PqhH

SME",https://www.linkedin.com/feed/update/urn:li:activity:7416514298924990464,Organic,,Rachael Thomas,01/12/2026,,,All followers,227,,,3,0.013215859420597553,1,0,0,,0.017621144652366638,
"The consumer goods market is a major opportunity for additive manufacturing. Fabian Alefeld, director of business development for EOS, explains why in a conversation with SME Media at #CES2026 in Las Vegas.",https://www.linkedin.com/feed/update/urn:li:activity:7416510705677340672,Organic,,Simran Saini,01/12/2026,,,All followers,2095,1005.0,,73,0.03484486788511276,29,0,1,,0.049164678901433945,Video
"Alexander Heizler has assumed the role of CEO at diaphragm pump manufacturer KNF.

SME Martin Becker #diaphragmpumps #manufacturing",https://www.linkedin.com/feed/update/urn:li:activity:7416496003773616128,Organic,,Cary Gitter,01/12/2026,,,All followers,189,,,2,0.010582010261714458,2,0,0,,0.021164020523428917,
"SME 's Advanced Manufacturing Showcase Knowledge Bar at #CES2026 featured expert perspectives on critical issues shaping the manufacturing sector. Sheldon Hurst, PhD of AURA Technologies discussed emerging threats to production data and intellectual property, Rob Sims of Alchemi Data Management outlined key considerations for manufacturers preparing for CMMC, and Tanmay Aggarwal of Lambda Function. shared practical insights on deploying AI in machining environments.",https://www.linkedin.com/feed/update/urn:li:activity:7415508929796808705,Organic,,Simran Saini,01/09/2026,,,All followers,731,,,263,0.3597811162471771,24,0,2,,0.39534884691238403,
"SME Chief Manufacturing Officer Brett Conner joins Editor-in-Chief Steve Plumb to discuss AI, automation and other highlights from #CES2026.",https://www.linkedin.com/feed/update/urn:li:activity:7415471256344379392,Organic,,Simran Saini,01/09/2026,,,All followers,2458,1273.0,,124,0.05044751986861229,80,0,7,,0.08584214746952057,Video
"According to recent data, 55% of surveyed industrial product manufacturers are leveraging AI tools in their operations, and over 40% plan to increase investment in AI and machine learning over the next three years.
 
As manufacturers face mounting pressure to reduce their environmental footprint, Dave Duncan of PTC writes, AI is emerging as a critical tool—not just for efficiency, but for enabling a more sustainable and circular approach to industrial operations.

https://lnkd.in/guPYjaKm
 
SME #SustainableManufacturing",https://www.linkedin.com/feed/update/urn:li:activity:7415458071822405632,Organic,,Rachael Thomas,01/09/2026,,,All followers,183,,,2,0.01092896144837141,3,0,0,,0.027322404086589813,
"BIG DAISHOWA-Americas has announced the promotion of Edgar Argueta to regional sales manager – West.

SME #tooling #metalcutting #manufacturing",https://www.linkedin.com/feed/update/urn:li:activity:7415444360852541440,Organic,,Cary Gitter,01/09/2026,,,All followers,350,,,16,0.04571428522467613,9,0,0,,0.0714285746216774,
"Day 3 of #CES2026 delivered meaningful conversations and inspiring innovation across the floor. Excited to see what insights and opportunities Day 4 has in store.

#sme #lasvegas #ces",https://www.linkedin.com/feed/update/urn:li:activity:7415432914647040000,Organic,,Simran Saini,01/09/2026,,,All followers,390,,,401,1.028205156326294,20,1,0,,1.0820512771606445,
"At #CES2026, Orases experts will detail how the company embeds custom AI and software solutions into core systems and operational workflows, aligning suppliers, production goals and customer demand to drive lasting business impact. ",https://www.linkedin.com/feed/update/urn:li:activity:7415398306987524096,Organic,,Simran Saini,01/09/2026,,,All followers,331,128.0,,11,0.03323262929916382,11,1,0,,0.06948640197515488,Video
"SME’s Jake Volcsko and Steve Plumb tour the first-ever event at CES, highlighting American innovation, tech and talent with 12 leading industry partners: Aura, Alchemi Data, EOS, Formlabs, JR Automation, Lumafield, Mastercam, Orases, PAR Systems, Terragrit, Universal Robots and ZEISS Group.",https://www.linkedin.com/feed/update/urn:li:activity:7415211611814043648,Organic,,Simran Saini,01/09/2026,,,All followers,1036,975.0,,122,0.11776062101125717,39,5,5,,0.16505791246891022,Video
"PAR Systems is showcasing tailored automation solutions that bring together robotics, vision and machine learning to support industries ranging from micro-electronics to aerospace. Visit us at #CES2026, LVCC Central Hall, Booth #15425.",https://www.linkedin.com/feed/update/urn:li:activity:7415151796739964928,Organic,,Simran Saini,01/08/2026,,,All followers,961,281.0,,43,0.044745057821273804,8,0,1,,0.05411030352115631,Video
"Ford Motor Company announced auto sales rose 6% in 2025, crediting consumer demand for its hybrid models and less expensive pickup trucks. The Detroit automaker finished the year as the third-largest automaker in the U.S.

https://lnkd.in/giYD62Rk

SME #USAutoIndustry #Ford #EV #HybridVehicles",https://www.linkedin.com/feed/update/urn:li:activity:7415142766139330561,Organic,,Rachael Thomas,01/08/2026,,,All followers,166,,,4,0.024096384644508362,0,0,0,,0.024096384644508362,
President Russ Bukowski shares some initial successes of the company’s AI-based Copilot technology and previews the upcoming EverPath toolpath suite at Mastercam’s first visit to #ces2026  as part of SME’s Advanced Manufacturing Showcase.,https://www.linkedin.com/feed/update/urn:li:activity:7415125458645647362,Organic,,Simran Saini,01/08/2026,,,All followers,3149,2153.0,,181,0.057478565722703934,105,0,8,,0.0933629721403122,Video
"The U.S. trade deficit in October fell to its lowest level since June 2009, according to data released Thursday by the U.S. Department of Commerce.

SME #trade #tradedeficit #tariffs #economy",https://www.linkedin.com/feed/update/urn:li:activity:7415123287459938304,Organic,,Cary Gitter,01/08/2026,,,All followers,144,,,3,0.02083333395421505,2,0,0,,0.0347222238779068,
Spotted Dalton Williams from Terragrit at #CES2026 rocking a titanium guitar at the Mastercam booth.,https://www.linkedin.com/feed/update/urn:li:activity:7415101238096306176,Organic,,Simran Saini,01/08/2026,,,All followers,2434,849.0,,126,0.051766637712717056,39,2,2,,0.06943303346633911,Video
"Manufacturers can boost efficiency by applying physical AI directly into their processes including robots. WILL HEALY, product manager for Universal Robots, shares his insights on how to best use the technology within factories, including by small and midsize manufacturers.

#ces2026 #smemedia ",https://www.linkedin.com/feed/update/urn:li:activity:7415053435496173568,Organic,,Simran Saini,01/08/2026,,,All followers,375,639.0,,23,0.06133333221077919,12,1,1,,0.09866666793823242,Video
Day 2 on the #CES2026 show floor where ideas turn into execution.,https://www.linkedin.com/feed/update/urn:li:activity:7414811754288828416,Organic,,Simran Saini,01/07/2026,,,All followers,251,,,176,0.701195240020752,6,0,0,,0.7250996232032776,
"Discover how Mastercam uses AI-powered CAM, probing and deburring to streamline workflows and elevate machining performance. Visit us at #CES2026, LVCC Central Hall, Booth #15425.",https://www.linkedin.com/feed/update/urn:li:activity:7414790798241849344,Organic,,Simran Saini,01/07/2026,,,All followers,341,100.0,,10,0.029325513169169426,13,0,1,,0.07038123160600662,Video
"Lockheed Martin has signed an agreement with the U.S. Defense Department to boost production of its Patriot Advanced Capability-3 Missile Segment Enhancement interceptors.

SME #aerospace #defense #missiles #manufacturing",https://www.linkedin.com/feed/update/urn:li:activity:7414780038203539456,Organic,,Cary Gitter,01/07/2026,,,All followers,149,,,2,0.01342281885445118,0,0,0,,0.01342281885445118,
"Formlabs’ Rob Ortiz joins SME Editor-in-Chief Steve Plumb at #ces2026  in Las Vegas to discuss the latest advances in additive manufacturing and the technology’s role in reshoring jobs and production to the U.S.

#formlabs #ces #smemedia",https://www.linkedin.com/feed/update/urn:li:activity:7414727540763701248,Organic,,Simran Saini,01/07/2026,,,All followers,6521,3573.0,,156,0.023922711610794067,53,1,5,,0.032970402389764786,Video
"Discover ZEISS Group ZEN core software with #AI-powered automated image analysis for microscopy, enabling precise segmentation and faster insights.

Visit SME’s booth at LVCC Central Hall #15425 to see ZEISS Automated Defect Detection (ZAAD) for CT/X-ray applications.

#CES2026 #sme #smemedia #zeiss",https://www.linkedin.com/feed/update/urn:li:activity:7414699406131822592,Organic,,Simran Saini,01/07/2026,,,All followers,160,53.0,,6,0.03750000149011612,6,0,0,,0.07500000298023224,Video
"Discover how Acutec Precision Aerospace, Inc. and Sandvik Coromant collaborate on the precision machining of complex aerospace and defense parts.

SME #aerospace #defense #machining #cncmachining #precisionmachining",https://www.linkedin.com/feed/update/urn:li:activity:7414699392961622016,Organic,,Cary Gitter,01/07/2026,,,All followers,135,,,4,0.029629629105329514,1,0,0,,0.03703703731298447,
"#CES2026 Show floor Day 1. 

Kicking off an exciting week of innovation, insights and industry connections in Las Vegas. Visit SME at LVCC Central Hall booth #15425.",https://www.linkedin.com/feed/update/urn:li:activity:7414444879713316865,Organic,,Simran Saini,01/06/2026,,,All followers,1415,,,891,0.6296820044517517,32,0,5,,0.6558303833007812,
"Universal Robots, part of Teradyne Robotics, and Robotiq unveiled a robotic palletizing solution at #CES2026 today in collaboration with Siemens.

SME #robotics #palletizing #automation",https://www.linkedin.com/feed/update/urn:li:activity:7414424309978501120,Organic,,Cary Gitter,01/06/2026,,,All followers,172,,,8,0.04651162773370743,4,0,0,,0.06976744532585144,
"The Consumer Technology Association announced it will host America250 at #CES2026, leveraging the influential technology event as the first major national gathering to reflect on innovation in America's 250th year.

https://lnkd.in/gtjjfupz

SME #America250 ",https://www.linkedin.com/feed/update/urn:li:activity:7414417985970294784,Organic,,Rachael Thomas,01/06/2026,,,All followers,109,,,1,0.00917431153357029,1,0,0,,0.01834862306714058,
Day 1 of #CES2026 is in full swing here in Las Vegas..,https://www.linkedin.com/feed/update/urn:li:activity:7414416178204323840,Organic,,Simran Saini,01/06/2026,,,All followers,964,,,240,0.2489626556634903,18,0,2,,0.2697095572948456,
"Siemens and NVIDIA today announced an expansion of their strategic partnership to develop industrial and physical AI solutions.

SME #CES2026 #AI #artificialintelligence #industrialAI #automation",https://www.linkedin.com/feed/update/urn:li:activity:7414412857079037952,Organic,,Cary Gitter,01/06/2026,,,All followers,88,,,1,0.011363636702299118,0,0,0,,0.011363636702299118,
"The future #workforce won’t be defined by #AI replacing people, but by people who know how to use technology to work smarter, safer and faster. 

""We’re seeing a widening digital-skills gap that needs immediate attention. We must move beyond one-stop #training and foster a culture of lifelong learning to ensure the workforce can adapt, innovate and thrive in this dynamic environment,"" says Dora Smith senior director, global academic and startup strategy, at Siemens Digital Industries Software.

Here are the strategies #manufacturing is using to blend real-world experience with the digital mindset driving modern industry: https://lnkd.in/gnXcW2Je",https://www.linkedin.com/feed/update/urn:li:activity:7414400625242906625,Organic,,Cameron Kerkau,01/06/2026,,,All followers,208,,,4,0.01923076994717121,8,0,1,,0.0625,
"Stop by SME’s Advanced Manufacturing Showcase Knowledge Bar at #CES2026 to gain insights directly from industry leaders on key topics including automation, artificial intelligence, materials science, workforce development, plant selection, regulations and more.

https://lnkd.in/gz3KnEnw",https://www.linkedin.com/feed/update/urn:li:activity:7414335007655145472,Organic,,Simran Saini,01/06/2026,,,All followers,193,,,3,0.015544041059911251,9,0,0,,0.062176164239645004,
We are here getting setup at the Advanced Manufacturing Showcase at #ces presented by SME and Consumer Technology Association,https://www.linkedin.com/feed/update/urn:li:activity:7414072671615016960,Organic,,Jake Volcsko,01/05/2026,,,All followers,279,,,65,0.23297491669654846,11,0,1,,0.2759856581687927,
"As of Jan. 1, 2026, Richard E. Weber, long-standing CEO of REGO-FIX Group in Tenniken, Switzerland, has handed over operational leadership to Pascal Forrer. 

SME #manufacturing #tooling #toolholding",https://www.linkedin.com/feed/update/urn:li:activity:7414049245302796290,Organic,,Cary Gitter,01/05/2026,,,All followers,616,,,6,0.009740259498357773,19,1,0,,0.04220779240131378,
"New car sales in the U.S. climbed 2% in 2025 despite a swirl of economic and regulatory upheaval.

SME #automotive #cars #vehicles #automakers #autosales",https://www.linkedin.com/feed/update/urn:li:activity:7414038837238140928,Organic,,Cary Gitter,01/05/2026,,,All followers,81,,,0,0.0,0,0,0,,0.0,
"Experts suggest modest job gains for December, which would make 2025 one of the weakest years for employment growth.
 
Based on a survey from Bloomberg, economists predict nearly 60,000 jobs were added last month. This survey comes prior to the U.S. Bureau of Labor Statistics data for December 2025, which will be released Friday.

SME #USJobMarket #Employment",https://www.linkedin.com/feed/update/urn:li:activity:7414030981629698048,Organic,,Rachael Thomas,01/05/2026,,,All followers,137,,,1,0.007299270015209913,0,0,0,,0.007299270015209913,
"The U.S. manufacturing sector saw its 10th consecutive month of contraction in December, according to the latest report from the Institute for Supply Management. 

SME #manufacturing #manufacturingsector #manufacturingeconomy",https://www.linkedin.com/feed/update/urn:li:activity:7414001139655970816,Organic,,Cary Gitter,01/05/2026,,,All followers,116,,,1,0.008620689623057842,0,0,0,,0.008620689623057842,
"CES 2026, we're headed your way 🛫

Catch us at the most powerful tech event in the world this week. Visit SME at LVCC Central Hall booth #15425 to connect with top innovators and experience technologies that are accelerating onshoring across automation, materials, quality, software, and more. 

Photo: Consumer Technology Association (CTA)®

#SMEMedia #CES2026 #Vegas",https://www.linkedin.com/feed/update/urn:li:activity:7413981155915591680,Organic,,Elizabeth Anderson,01/05/2026,,,All followers,205,,,9,0.043902438133955,7,0,2,,0.08780487626791,
"Some of the most dangerous jobs are in #manufacturing, according to a recent study. Do you agree with what's on the list? 

https://lnkd.in/gwj7JKG2

#safetyfirst #staysafe ",https://www.linkedin.com/feed/update/urn:li:activity:7413266649849634817,Organic,,Michael McConnell,01/03/2026,,,All followers,178,,,4,0.02247191034257412,0,0,0,,0.02247191034257412,
"Global steel production is projected to decrease for the fourth year in a row, according to the latest data from the World Steel Association (worldsteel).

SME #steel #steelproduction #manufacturing",https://www.linkedin.com/feed/update/urn:li:activity:7412973801660977152,Organic,,Cary Gitter,01/02/2026,,,All followers,107,,,2,0.018691588193178177,2,0,0,,0.037383176386356354,
"CES kicks off next week on Jan. 6, and we have a snapshot of what to expect, including AI, the healthcare and automotive industries and more. 
 
And in partnership with the Consumer Technology Association, SME will participate at CES for the first time with the inaugural Advanced Manufacturing Showcase.

https://lnkd.in/g4r_pvbx
 
SME #CES2026 #AI #Healthcare #Automotive #AdvancedManufacturing",https://www.linkedin.com/feed/update/urn:li:activity:7412967401673293824,Organic,,Rachael Thomas,01/02/2026,,,All followers,180,,,8,0.04444444552063942,12,0,1,,0.11666666716337204,
"PROTECT3D, a company founded by three former Duke University football players, has developed custom 3D-printed braces to support athletes recovering from injuries.

SME #3Dprinting #additivemanufacturing #sportsmedicine",https://www.linkedin.com/feed/update/urn:li:activity:7412964899594670080,Organic,,Cary Gitter,01/02/2026,,,All followers,150,,,1,0.006666666828095913,1,0,0,,0.013333333656191826,
"The U.S. Department of Labor announced $98 million in funding will go towards supporting the development of pre-apprenticeships in high-demand industries including construction, advanced manufacturing, information technology and healthcare.

Funded through the department’s YouthBuild Program, the grants will help provide academic support, occupational skills training and employment services to young people, ages 16 to 24, in communities where many youths are not participating in the labor force.

https://lnkd.in/gNufrt4h

SME #WorkforceDevelopment #Education",https://www.linkedin.com/feed/update/urn:li:activity:7412937262726053888,Organic,,Rachael Thomas,01/02/2026,,,All followers,251,,,8,0.03187251091003418,1,0,3,,0.04780876636505127,
"Allison Transmission today announced it has completed its acquisition of the Off-Highway Drive & Motion Systems business of Dana Incorporated.

SME #drivetrain #propulsion #motionsystems #manufacturing",https://www.linkedin.com/feed/update/urn:li:activity:7412901583564275712,Organic,,Cary Gitter,01/02/2026,,,All followers,162,,,2,0.012345679104328156,3,0,0,,0.03086419776082039,
"The Advanced Manufacturing Showcase features the following exhibitors showcasing key manufacturing initiatives, products and services:

AURA Technologies, LLC
Alchemi Data Management Inc.
EOS
Formlabs
JR Automation
Lumafield
Mastercam
Orases
PAR Systems
Terragrit
Teradyne / Universal Robots
ZEISS Industrial Quality Solutions

Visit SME next week in 📍Las Vegas at LVCC Central Hall booth #15425 

Learn more: https://lnkd.in/ebniNfWu

#CES2026 #Technology #AdvancedManufacturing #ManufacturingInnovation 
#SME #Manufacturing #TechEvents",https://www.linkedin.com/feed/update/urn:li:activity:7412846472003637248,Organic,,Craig Veltri,01/02/2026,,,All followers,610,,,6,0.009836065582931042,5,0,1,,0.019672131165862083,
"Mitotec didn’t achieve overnight lights-out success by adding a single robot. 

They layered:
• tool-life tracking
•  remote monitoring
•  vision systems
• smarter workflows
• optimism in new tech

See how a small Wisconsin shop scaled like a big one—faster throughput, higher uptime, and a workforce freed from “babysitting” machines.

If you’re aiming for lights-out, build the ecosystem that supports it.

🔗 Keep reading: https://lnkd.in/gQRbrSmr 

#SmartShopEssentials #LightsOutManufacturing #CNC #AutomationSuccess",https://www.linkedin.com/feed/update/urn:li:activity:7412165747797557248,Organic,,Grady C.,12/31/2025,,,All followers,159,,,4,0.025157231837511063,1,0,0,,0.03144654259085655,
"Join SME next week at #CES2026 in Las Vegas.

Register now: https://lnkd.in/e_PbYhks

Learn more: https://lnkd.in/ekQp2MzZ

#Technology #AdvancedManufacturing #ManufacturingInnovation #SME #Manufacturing #TechEvents",https://www.linkedin.com/feed/update/urn:li:activity:7411502384838987776,Organic,,Craig Veltri,12/29/2025,,,All followers,446,154.0,,34,0.07623318582773209,19,2,6,,0.1367713063955307,Video
Sending warm holiday wishes from all of us at SME Media!,https://www.linkedin.com/feed/update/urn:li:activity:7410048770375352320,Organic,,Elizabeth Anderson,12/25/2025,,,All followers,219,,,10,0.04566210135817528,7,0,1,,0.08219178020954132,
"From tariffs to geopolitical tensions, companies have dealt with risks to their supply chains this year—and the hustle and bustle of the holiday season have caused even further strain.
 
Sarita Benjamin, general manager of supply solutions at Accuris, shares how companies can set up their supply chains for a more seamless 2026.
 
SME #supplychain #holidayseason

https://lnkd.in/ggtyKVQQ",https://www.linkedin.com/feed/update/urn:li:activity:7409239231786782720,Organic,,Rachael Thomas,12/23/2025,,,All followers,1035,,,19,0.01835748739540577,11,0,1,,0.02995169162750244,
"Ford Motor Co. announced it was discontinuing the F-150 Lightning, the all-electric version of its bestselling pickup truck. Instead, the automaker is increasing investments in hybrid and efficient gas-powered vehicles. 

https://lnkd.in/gXJKbDJ8

#Ford #electricvehicles #energyefficiency #F150",https://www.linkedin.com/feed/update/urn:li:activity:7409204906873712642,Organic,,Michael McConnell,12/23/2025,,,All followers,181,,,1,0.005524862091988325,2,0,0,,0.016574585810303688,
"Joby Aviation, a maker of electric air taxis, is partnering with applied-AI company Metropolis Technologies to develop 25 “vertiports” throughout the U.S.

SME #airtaxis #vertiports #aerospace #electricaircraft #AI",https://www.linkedin.com/feed/update/urn:li:activity:7408969100623851521,Organic,,Cary Gitter,12/22/2025,,,All followers,145,,,0,0.0,0,0,0,,0.0,
"Cutting-tool shipments reached $250.1 million in October, according to AMT - The Association For Manufacturing Technology and the United States Cutting Tool Institute.

SME #cuttingtools #manufacturing",https://www.linkedin.com/feed/update/urn:li:activity:7408967215892508672,Organic,,Cary Gitter,12/22/2025,,,All followers,177,,,3,0.016949152573943138,6,0,0,,0.050847455859184265,
"NKY Works has named Fives' Heather McClanahan, SHRM-CP, the 2025 Workforce Innovator of the Year.

SME #workforcedevelopment #machining #kentucky #manufacturing",https://www.linkedin.com/feed/update/urn:li:activity:7408917128831127552,Organic,,Cary Gitter,12/22/2025,,,All followers,225,,,6,0.02666666731238365,4,1,0,,0.04888888821005821,
"Integrated Systems Design (ISD) has announced the promotion of Tony Morgott to president, effective immediately.

SME #warehouse #automation #materialhandling #manufacturing",https://www.linkedin.com/feed/update/urn:li:activity:7408902744981291009,Organic,,Cary Gitter,12/22/2025,,,All followers,133,,,4,0.030075188726186752,2,0,0,,0.04511278122663498,
"Lockheed Martin and Hadrian have entered into a memorandum of understanding to accelerate advanced American manufacturing.

SME #aerospace #defense #manufacturing",https://www.linkedin.com/feed/update/urn:li:activity:7408886643085979649,Organic,,Cary Gitter,12/22/2025,,,All followers,211,,,1,0.004739336669445038,4,0,0,,0.02369668334722519,
"Rivian is using #additivemanufacturing throughout its design, development and manufacturing operations. Jonathan Dankenbring shares some of the company's latest advances and applications, including the electric vehicle maker's growing partnership with Stratasys during a joint press event at the company's engineering center in Plymouth, Mich. ",https://www.linkedin.com/feed/update/urn:li:activity:7408848456133492737,Organic,,Steve Plumb,12/22/2025,,,All followers,75,,,1,0.013333333656191826,2,0,1,,0.0533333346247673,
"Hyundai Motor Company, the South Korean automaker, is planning to ramp up its production capacity in the U.S.

SME #cars #automotive #georgia #electricvehicles #EVs",https://www.linkedin.com/feed/update/urn:li:activity:7407880328943611905,Organic,,Cary Gitter,12/19/2025,,,All followers,174,,,2,0.01149425283074379,2,0,0,,0.02298850566148758,
"Visit SME’s Advanced Manufacturing Showcase Knowledge Bar at #CES2026 to hear firsthand from industry leaders on critical issues such as automation, artificial intelligence, material science, workforce development, plant selection, regulations and metrology and inspection. 

https://lnkd.in/gz3KnEnw",https://www.linkedin.com/feed/update/urn:li:activity:7407860009302364160,Organic,,Simran Saini,12/19/2025,,,All followers,388,,,49,0.12628865242004395,18,0,7,,0.19072164595127106,
"Looking for a new job in the new year? Get tips on how to be a candidate recruiters love to work with from Dick Schenkel.

https://lnkd.in/gHTMV3aq

#newjob #workforcedevelopment #hiring #careertips",https://www.linkedin.com/feed/update/urn:li:activity:7407831401141633024,Organic,,Michael McConnell,12/19/2025,,,All followers,206,,,5,0.02427184395492077,2,0,0,,0.033980581909418106,
"Access to technology in the classroom is critical for the success of STEM education, and 3D printing plays a significant role in that. 

For the December 2025/January 2026 issue of Manufacturing Engineering & Technology, SME Media's Amy Bryson spoke with Andrea Zermeno, education product marketing manager at UltiMaker, about the work she and her team are doing to engage the next generation of the manufacturing workforce through 3D printing and hands-on learning.

SME #3DPrinting #STEM

https://lnkd.in/gErHkp3X",https://www.linkedin.com/feed/update/urn:li:activity:7407820343173709824,Organic,,Rachael Thomas,12/19/2025,,,All followers,677,,,5,0.007385524455457926,5,0,1,,0.016248153522610664,
"Jonathan Dankenbring explains how he went from CNC operator to supervising prototype development, what attracted him to Rivian, and his longtime interest in additive manufacturing. Recorded Dec. 4, 2025, during Rivian media day at the company's engineering center in Plymouth, Mich.",https://www.linkedin.com/feed/update/urn:li:activity:7407796911820357633,Organic,,Simran Saini,12/19/2025,,,All followers,1457,674.0,,129,0.08853809535503387,69,1,1,,0.13726836442947388,Video
"“Be humble and realize that you will always be learning. Be open to accepting feedback, both good and bad.”

This mindset has served Gavin Giguere since he started his manufacturing journey in 2011 at a vocational high school in Massachusetts.

A year later, he was a manual machinist at a small shop doing everything from sweeping floors to programming #CNCmachines.

At night he attended college, focusing on mechanical #engineering technology. 

Now Gavin champions advanced technology, whether on his podcast “Manufacturing Mindset” or during regular appearances on local news stations.

“Adopting #AI and #smart #technologies make our day-to-day tasks more efficient. The technologies are advancing so fast that we can barely keep up with it, but smart technologies interest me a ton and I am excited to be an advocate for AI in #manufacturing.”

Read more about SME 30 Under 30 Honoree Gavin Giguere: https://lnkd.in/erkv26kG",https://www.linkedin.com/feed/update/urn:li:activity:7407781832429195264,Organic,,Cameron Kerkau,12/19/2025,,,All followers,860,,,23,0.026744186878204346,26,2,1,,0.060465116053819656,
"JR Automation will demonstrate how its custom automation solutions are advancing smart manufacturing at #CES2026. Attendees can visit LVCC Central Hall, booth #15425, to see how the company applies robotics, machine vision and control systems to improve efficiency across industries. In collaboration with SME and Consumer Technology Association, JR Automation is supporting U.S. advanced manufacturing capabilities as manufacturers accelerate onshoring and reshoring initiatives.
 ",https://www.linkedin.com/feed/update/urn:li:activity:7407540184134627329,Organic,,Simran Saini,12/18/2025,,,All followers,1046,379.0,,50,0.047801148146390915,8,1,0,,0.05640535429120064,Video
"We’ve added a few new faces to our editorial team, so we thought it was the perfect time to reintroduce the crew as we wrap up 2025! 🎉 

Meet our squad: Michael McConnell, Rachael Thomas, Cameron Kerkau, Cary Gitter, Steve Plumb👊 Looking forward to bringing you more industry news in 2026.

 #SMEMedia #MeetTheTeam #AdvancedManufacturing",https://www.linkedin.com/feed/update/urn:li:activity:7407513742000893953,Organic,,Elizabeth Anderson,12/18/2025,,,All followers,921,507.0,,101,0.10966341197490692,40,10,4,,0.16829532384872437,Video
SME Media Senior Editor Michael McConnell and Associate Editor Cary Gitter discuss manufacturing forecasts for 2026 and some of the challenges and opportunities facing the industry today.,https://www.linkedin.com/feed/update/urn:li:activity:7407512394450546689,Organic,,Craig Veltri,12/18/2025,,,All followers,575,322.0,,53,0.09217391163110733,17,3,4,,0.1339130401611328,Video
"Zebra Technologies plans to “dispose of or exit its robotics automation solutions business,” the company announced in a Dec. 9 filing with the U.S. Securities and Exchange Commission.

SME #robotics #automation #AMR #autonomousmobilerobots",https://www.linkedin.com/feed/update/urn:li:activity:7407475222154686464,Organic,,Cary Gitter,12/18/2025,,,All followers,279,,,11,0.0394265241920948,2,0,0,,0.04659498110413551,
"#CES2026 is less than 3 weeks away! And I had the pleasure of talking with Gary Shapiro to get an inside peek at what's ahead in Las Vegas, including SME's partnership. Hope to see you there! ",https://www.linkedin.com/feed/update/urn:li:activity:7407427820936855553,Organic,,Steve Plumb,12/18/2025,,,All followers,148,,,22,0.14864864945411682,2,0,0,,0.1621621549129486,
"Excited for #CES2026? Make sure to bring your comfy shoes 👟

Gary Shapiro, CEO of the Consumer Technology Association, recently sat down with Steve Plumb to discuss how CES has evolved—and where it’s headed next. This includes a new partnership with SME, which is exhibiting at #CES2026 for the first time along with 12 top #advancedmanufacturing partners, highlighting the key role U.S. manufacturers play in innovation, economic development and national security. 

See you in Las Vegas!

#CES #Technology #Innovation #AI #Mobility #Healthcare #Leadership #Manufacturing #TechEvents

https://lnkd.in/gDnZEREg",https://www.linkedin.com/feed/update/urn:li:activity:7407423950143590400,Organic,,Cameron Kerkau,12/18/2025,,,All followers,427,,,15,0.03512880578637123,11,1,13,,0.09367681294679642,
Join us at #CES2026 in Las Vegas to explore the future of advanced manufacturing.,https://www.linkedin.com/feed/update/urn:li:activity:7407416380771307520,Organic,,Simran Saini,12/18/2025,,,All followers,155,,,4,0.025806451216340065,3,0,0,,0.04516129195690155,
The Ohio Manufacturing Extension Partnership (Ohio MEP) and other state MEPs play a vital role in rebuilding #America's manufacturing capabilities. ,https://www.linkedin.com/feed/update/urn:li:activity:7407398243271344128,Organic,,Steve Plumb,12/18/2025,,,All followers,123,,,1,0.008130080997943878,1,0,0,,0.016260161995887756,
"Not every robot task needs offline programming—sometimes the good old teach pendant is faster, simpler, and more practical.

But when you're juggling:
• multi-robot cells
• collision risks
• secondary operations
• or complex toolpaths

…simulation and OLP start paying for themselves fast.

The takeaway from Hypertherm: start simple, get confident, then optimize with the right tools—not all the tools.

🔗 Dive deeper in this month’s Smart Shop Essentials: 
https://lnkd.in/gQRbrSmr

#SmartShopEssentials #Robotics #OfflineProgramming #ManufacturingSoftware #AutomationTips",https://www.linkedin.com/feed/update/urn:li:activity:7407174599253188608,Organic,,Grady C.,12/17/2025,,,All followers,205,,,5,0.024390242993831635,0,0,0,,0.024390242993831635,
"SME Media Editor-in-Chief Steve Plumb discusses the state of additive manufacturing in the automotive industry with Fadi Abro, senior director of automotive and mobility for Stratasys. The interview was conducted Dec. 4, 2025, at the Rivian Engineering Center in Plymouth, Mich.",https://www.linkedin.com/feed/update/urn:li:activity:7407162687748710400,Organic,,Simran Saini,12/17/2025,,,All followers,386,412.0,,11,0.02849740907549858,12,0,2,,0.06476683914661407,Video
"Waymo is issuing a voluntary software recall for more than 3,000 of its self-driving vehicles, due to several incidents during which the robotaxis illegally passed stopped school buses.

SME #Waymo #AutonomousVehicles #Recall

https://lnkd.in/geX9ks7b",https://www.linkedin.com/feed/update/urn:li:activity:7407110738500259840,Organic,,Rachael Thomas,12/17/2025,,,All followers,254,,,6,0.023622047156095505,2,1,0,,0.035433072596788406,
"We are excited to be at #CES2026 as part of the inaugural Advanced Manufacturing Showcase, led by SME in collaboration with Consumer Technology Association. Visit Formlabs at LVCC Central Hall, Booth #15425 to learn more about 3D Printing, explore real-world applications and discover technologies transforming production today. Plus, the first visitors get a mystery gift to take home!",https://www.linkedin.com/feed/update/urn:li:activity:7407087216302366720,Organic,,Simran Saini,12/17/2025,,,All followers,686,1961.0,,32,0.04664723202586174,17,0,7,,0.08163265138864517,Video
"Drive-technology specialist NORD Gear Corporation is expanding production capacities at its Aurich facility in Germany. 

SME #drivetechnology #electroniccontrol #manufacturing #germany",https://www.linkedin.com/feed/update/urn:li:activity:7407086570685648897,Organic,,Cary Gitter,12/17/2025,,,All followers,696,,,7,0.010057471692562103,9,0,1,,0.024425286799669266,
"From design to production, manufacturing innovation is accelerating. At #CES2026, Lumafield will spotlight the next generation of American manufacturing. Visit booth #15425 in LVCC Central Hall to see how Lumafield’s advanced 3D X-ray technology is pushing manufacturing into new frontiers of speed, insight and possibility.",https://www.linkedin.com/feed/update/urn:li:activity:7406739955378532353,Organic,,Simran Saini,12/16/2025,,,All followers,330,103.0,,26,0.07878787815570831,10,1,1,,0.11515151709318161,Video
"Nissan Motor Corporation has named Victor Taylor division vice president, U.S. manufacturing, supply chain management and production engineering.

SME #automotive ",https://www.linkedin.com/feed/update/urn:li:activity:7406736365012312064,Organic,,Cary Gitter,12/16/2025,,,All followers,366,,,5,0.013661202043294907,4,1,0,,0.027322404086589813,
"Federal and state agencies have frozen all funding for the Ohio Manufacturing Extension Partnership (Ohio MEP).

SME Ohio Department of Development #ManufacturingExtensionPartnership #OhioMEP",https://www.linkedin.com/feed/update/urn:li:activity:7406439636534849536,Organic,,Cary Gitter,12/15/2025,,,All followers,190,,,4,0.021052632480859756,2,0,1,,0.03684210404753685,
"Future Form Manufacturing has announced the addition of Gil Amelio, former CEO of Apple, to its executive advisory board.

SME #manufacturing #datacenters",https://www.linkedin.com/feed/update/urn:li:activity:7406429949466898433,Organic,,Cary Gitter,12/15/2025,,,All followers,398,,,10,0.02512562833726406,13,0,1,,0.060301508754491806,
"💬 Thinking automation means robots? Think again.

In this month’s Smart Shop Essentials, we sit down with Midaco VP of Sales Mike Munao for a candid Q&A on one of the most overlooked, high-ROI automation tools in machining: aftermarket pallet changers.

Discover why pallet changers:
🔹 Boost spindle utilization from 35% to 80–90%
🔹 Provide a simpler, more cost-effective entry into automation
🔹 Excel in high-mix, short-run environments
🔹 Install in a day—with no complex programming
🔹 Even pair seamlessly with robots for full lights-out capability

If you’re exploring automation but want something practical, affordable, and easy to adopt…this Q&A is a must-read.

🔗 Check out the December issue to read the full interview here: https://lnkd.in/gQRbrSmr

#SmartShopEssentials #CNC #Automation #PalletChanger #ManufacturingEfficiency #OEE #CNCProgramming",https://www.linkedin.com/feed/update/urn:li:activity:7406402232516087808,Organic,,Grady C.,12/15/2025,,,All followers,182,,,2,0.010989011265337467,4,0,0,,0.032967034727334976,
"Manufacturing continues to drive innovation across industries. At CES 2026, EOS will highlight the future of American manufacturing alongside SME,  in partnership with Consumer Technology Association, showcasing advances in industrial 3D printing, #AI, automation and robotics. Visit SME’s booth at LVCC Central Hall #15425 to see how EOS is enabling responsible, high-performance manufacturing.",https://www.linkedin.com/feed/update/urn:li:activity:7406392626528178176,Organic,,Simran Saini,12/15/2025,,,All followers,1754,684.0,,90,0.05131128802895546,31,1,7,,0.07354617863893509,Video
"Lockheed Martin announced it is nearing completion on the construction of a new missile-defense facility in Courtland, Ala.

SME #defense #missiledefense #alabama #manufacturing",https://www.linkedin.com/feed/update/urn:li:activity:7406378931429335040,Organic,,Cary Gitter,12/15/2025,,,All followers,149,,,1,0.00671140942722559,2,0,0,,0.020134227350354195,
"Eli Lilly announced it's spending $6 billion to build a new drug manufacturing plant in Alabama: 

https://lnkd.in/g_bxUgn8

#EliLilly #AlabamaManufacturing #medical",https://www.linkedin.com/feed/update/urn:li:activity:7405330418205483008,Organic,,Michael McConnell,12/12/2025,,,All followers,142,,,1,0.007042253389954567,2,0,0,,0.0211267601698637,
"All aboard for additive manufacturing: the LEGO Group’s new, 956-piece Icons Holiday Express Train set features the first-ever 3D-printed Lego piece.

SME #lego #additivemanufacturing #3Dprinting",https://www.linkedin.com/feed/update/urn:li:activity:7404998667729920000,Organic,,Cary Gitter,12/11/2025,,,All followers,265,,,13,0.049056604504585266,12,1,1,,0.1018867939710617,
"ITT Inc. will acquire SPX FLOW, Inc., a provider of highly engineered equipment and process technologies for end markets including industrial, health and nutrition, for a total consideration of nearly $4.8 billion in cash an equity.

SME #Acquisitions #IndustrialMachinery

https://lnkd.in/gQ4J2khM",https://www.linkedin.com/feed/update/urn:li:activity:7404922033144385537,Organic,,Rachael Thomas,12/11/2025,,,All followers,526,,,5,0.00950570311397314,2,0,0,,0.013307984918355942,
We at SME are very excited to partner directly with Consumer Technology Association for the first time to showcase at CES 12 innovative companies as well as 14 presentations at our Knowledge Bar. See you in Vegas!,https://www.linkedin.com/feed/update/urn:li:activity:7404647508263755776,Organic,,Simran Saini,12/10/2025,,,All followers,206,,,5,0.02427184395492077,7,0,0,,0.058252427726984024,
"💡 Pro Tip for Shops Exploring Unattended Machining:

Unattended machining takes more than adding a robot or cobot. To run safely and reliably without an operator nearby, you also need:

✅ Tool-life management
✅ Remote monitoring
✅ Vision systems
✅ Broken-tool detection

These systems work together to catch issues early, protect your equipment, and keep production running through the night.

📈 If you’re planning automation, plan for the full ecosystem—not just the robot.

🔗 Explore the December issue of Smart Shop Essentials to learn more: https://lnkd.in/gQRbrSmr

#SmartShopEssentials #UnattendedMachining #Automation #CNC #ManufacturingTech #Industry40",https://www.linkedin.com/feed/update/urn:li:activity:7404636766948732928,Organic,,Grady C.,12/10/2025,,,All followers,201,,,0,0.0,3,1,0,,0.019900497049093246,
"Orders of metalworking machinery came in at $538.9 million in October—up 9% from September and 40.3% from October 2024—according to AMT - The Association For Manufacturing Technology.

SME #metalworking #machinery #machineryorders #manufacturing",https://www.linkedin.com/feed/update/urn:li:activity:7404623996073181184,Organic,,Cary Gitter,12/10/2025,,,All followers,157,,,4,0.025477707386016846,1,0,0,,0.03184713423252106,
"OGP – Optical Gaging Products has appointed Panos Angelopoulos as president, global sales.

SME #metrology #visionsystems #manufacturing",https://www.linkedin.com/feed/update/urn:li:activity:7404590737528442880,Organic,,Cary Gitter,12/10/2025,,,All followers,157,,,2,0.012738853693008423,1,0,0,,0.019108280539512634,
"Teradyne Robotics has announced it will open a new U.S. operations hub in Wixom, Mich., in 2026.

SME #robotics #robots #cobots #automation #Michigan",https://www.linkedin.com/feed/update/urn:li:activity:7404538392979353601,Organic,,Cary Gitter,12/10/2025,,,All followers,141,,,1,0.007092198356986046,1,0,0,,0.014184396713972092,
"We are super excited to have Orases as an exhibiting partner at our inaugural SME Advanced Manufacturing Showcase. Find us at LVCC Central Hall booth #15425 

Register today: https://lnkd.in/e_PbYhks

Learn more: https://lnkd.in/ebniNfWu",https://www.linkedin.com/feed/update/urn:li:activity:7404312649385234432,Organic,,Craig Veltri,12/10/2025,,,All followers,179,,,10,0.05586592108011246,10,2,1,,0.1284916251897812,
"The U.S. economy continues to show signs of weakness, according to data released by payroll company ADP. 

https://lnkd.in/gWWTZUNa

#employment #manufacturing #jobs",https://www.linkedin.com/feed/update/urn:li:activity:7404267735339180032,Organic,,Michael McConnell,12/09/2025,,,All followers,193,,,2,0.010362694039940834,0,0,0,,0.010362694039940834,
"Boeing announced it has completed its acquisition of Spirit AeroSystems.

SME #aerospace #defense #aircraft #airplanes #manufacturing",https://www.linkedin.com/feed/update/urn:li:activity:7404257734877196288,Organic,,Cary Gitter,12/09/2025,,,All followers,218,,,2,0.00917431153357029,0,0,0,,0.00917431153357029,
"🚨SME to Join CES, the Most Powerful Tech Event in the World!🚨

SME is excited to bring about the inaugural Advanced Manufacturing Showcase at CES. SME and Consumer Technology Association are collaborating to highlight and promote the advanced manufacturing resources and capabilities in the US, as more global manufacturers seek to onshore and reshore their operations.

SME is partnering with the following 12 exhibitors to showcase their innovative products and services within manufacturing:

AURA Technologies, LLC
Alchemi Data Management Inc.
EOS
Formlabs
JR Automation
Lumafield
Mastercam
Orases
PAR Systems
Terragrit
Teradyne / Universal Robots
ZEISS Industrial Quality Solutions

Visit us at LVCC Central Hall booth #15425 to meet leading innovators, see new technologies, and discover solutions that are transforming production today. Bold ideas. Real solutions at #CES2026, register now: https://lnkd.in/e_PbYhks 

Learn more: https://lnkd.in/ebniNfWu",https://www.linkedin.com/feed/update/urn:li:activity:7404255975269928960,Organic,,Craig Veltri,12/09/2025,,,All followers,1618,,,165,0.10197775065898895,33,4,6,,0.12855376303195953,
"Today, Apple Manufacturing Academy | MSU launched new virtual courses as part of Apple's longstanding commitment to strengthen America's advanced manufacturing sector. 

The program will cover a wide range of topics focused on advanced manufacturing, including automation, predictive maintenance, quality control optimization and machine learning with vision.

SME #Apple #AdvancedManufacturing #VirtualLearning

https://lnkd.in/gKMDhwa7",https://www.linkedin.com/feed/update/urn:li:activity:7404247966594600960,Organic,,Rachael Thomas,12/09/2025,,,All followers,519,,,18,0.034682080149650574,5,0,1,,0.04624277353286743,
"Squint CEO and founder Devin Bhushan discusses how the lack of AI software on the factory floor negatively impacts productivity, supply chains and industrial renewal. 
 
""Productivity stalls not because human ingenuity is lacking, but because our digital scaffolding stops at the factory door,"" Bhushan writes. ""It doesn’t have to. The hardware, connectivity and AI building blocks have finally matured to serve the deskless workforce at scale.""
 
SME #AI #FactoryFloor #ManufacturingInnovation

https://lnkd.in/gRqsd9xu",https://www.linkedin.com/feed/update/urn:li:activity:7404224939802865665,Organic,,Rachael Thomas,12/09/2025,,,All followers,172,,,3,0.01744186133146286,5,1,0,,0.05232558026909828,
"We have a winner! 🎉

Congratulations to Noah C., Digital Manufacturing Engineer at ATI, for winning our SME Media 3D printer giveaway!

Thank you to everyone who entered and to the manufacturers, engineers, and innovators who continue to move this industry forward. We appreciate you. 👊 

#SMEMedia #GiveawayWinner #Manufacturing #Engineering #3DPrinting #MFGTechSeries",https://www.linkedin.com/feed/update/urn:li:activity:7404193339668983809,Organic,,Elizabeth Anderson,12/09/2025,,,All followers,261,,,11,0.04214559495449066,8,1,0,,0.07662834972143173,
"Artificial intelligence will continue to transform the manufacturing industry in 2026, according to the “Future-Ready Manufacturing Study 2025,” conducted by Tata Consultancy Services in collaboration with Amazon Web Services (AWS).

SME #artificialintelligence #AI #agenticAI #manufacturing",https://www.linkedin.com/feed/update/urn:li:activity:7403893391035490305,Organic,,Cary Gitter,12/08/2025,,,All followers,129,,,1,0.007751937955617905,0,0,0,,0.007751937955617905,
"Fadi Abro, senior global director of automotive and mobility at Stratasys, explains what's the company's #additivemanufacturing technology can do during the Rivian press event Dec. 4 in Plymouth, Mich. 

#electricvehicles #Rivian #Stratasys #cooltechnology #3Dprinting",https://www.linkedin.com/feed/update/urn:li:activity:7402803898673262592,Organic,,Michael McConnell,12/05/2025,,,All followers,495,,,8,0.016161616891622543,5,0,0,,0.02626262605190277,
"
DIY Robot Automation? Proceed with Caution.

It’s easy to think you can bolt a robot to a CNC and call it a day—but real integration is far more complex. Power, air, fencing, EOAT, communication protocols, calibration, and safety compliance (ANSI/RIA R15.06) all matter. Miss one, and your shop owns the risk.

That’s why many manufacturers rely on certified integrators—they protect your people, your machines, and your uptime. DIY can work, but it often costs more time, money, and stress than expected.

💡 Pro Tip: Automation should save time—not consume it.

🔗 Learn more in this month’s Smart Shop Essentials: https://lnkd.in/gQRbrSmr

#SmartShopEssentials #Automation #Robotics #CNC #ManufacturingSafety #Industry40",https://www.linkedin.com/feed/update/urn:li:activity:7402803285117829121,Organic,,Grady C.,12/05/2025,,,All followers,135,,,0,0.0,2,0,0,,0.014814814552664757,
"The American Welding Society has announced a new partnership with NARSA / IDEA. Together, the two organizations will develop specialized welding education and certifications.

SME #WorkforceDevelopment #Welding

https://lnkd.in/gzKmb4mY",https://www.linkedin.com/feed/update/urn:li:activity:7402744717735825408,Organic,,Rachael Thomas,12/05/2025,,,All followers,94,,,2,0.021276595070958138,2,0,0,,0.042553190141916275,
"President Donald Trump announced Wednesday that the White House would be rolling back Biden-era fuel-efficiency standards for vehicles.

SME #fuelefficiency #cars #vehicles #automakers",https://www.linkedin.com/feed/update/urn:li:activity:7402737875110326272,Organic,,Cary Gitter,12/05/2025,,,All followers,98,,,0,0.0,0,0,0,,0.0,
"During today's Rivian press event, Jonathan Dankenbring, senior manager of prototype manufacturing, talks about how the automaker uses the Stratasys H350 powder bed fusion printer in its #electricvehicle design processes. 

#additivemanufacturing #3Dprinting #rivian #Stratasys",https://www.linkedin.com/feed/update/urn:li:activity:7402475115734863872,Organic,,Michael McConnell,12/04/2025,,,All followers,6050,,,278,0.04595041275024414,147,1,8,,0.07173553854227066,
"LIFT, the national advanced materials manufacturing innovation institute, today announced it has launched three initiatives as part of the Advanced Materials Challenge.

SME #materials #advancedmaterials #manufacturing",https://www.linkedin.com/feed/update/urn:li:activity:7402421675344211968,Organic,,Cary Gitter,12/04/2025,,,All followers,402,,,19,0.04726368188858032,7,0,0,,0.06467662006616592,
"The impact of escalating trade pressures, climate events, labor issues and cyber threats is at the forefront of EcoVadis’ latest sustainability report.

The company, which provides sustainability ratings and performance improvement tools for global supply chains, released the second part of its 2025 U.S. Business Sustainability Landscape Outlook. 

SME #Tariffs #SupplyChain #Sustainability #IndustryReport

https://lnkd.in/eR8TyayB",https://www.linkedin.com/feed/update/urn:li:activity:7402365669025153024,Organic,,Rachael Thomas,12/04/2025,,,All followers,108,,,0,0.0,2,0,0,,0.018518518656492233,
"meviy USA, the on-demand custom-parts manufacturing service, has announced the immediate availability of its new manual quote priority feature.

SME #manufacturing #customparts #quoting #CNC #machining",https://www.linkedin.com/feed/update/urn:li:activity:7402103867783733248,Organic,,Cary Gitter,12/03/2025,,,All followers,329,,,17,0.05167173221707344,7,0,4,,0.08510638028383255,
"Discover the future of U.S. manufacturing at #CES2026 in Las Vegas! Visit SME at LVCC central hall booth #15425 to meet leading innovators and explore technologies accelerating onshoring. 

Read more: https://lnkd.in/ebniNfWu",https://www.linkedin.com/feed/update/urn:li:activity:7402095557080678403,Organic,,Simran Saini,12/03/2025,,,All followers,352,,,12,0.034090910106897354,12,1,1,,0.07386363297700882,
"Lang Technik USA joined us at Manufacturing Technology Series SOUTHWEST in Dallas, to showcase what’s new in workholding. Tony Turner, Regional Sales Manager, shared updates on their enhanced rail system, the flexible Combo Plate, and their new micro vises designed for precise, small-part clamping.

#SMEMedia #LANGTechnikUSA #Workholding #CNCmachining #ComboPlate #RailSystem #MicroVices #MTSeries",https://www.linkedin.com/feed/update/urn:li:activity:7402051518696370178,Organic,,Elizabeth Anderson,12/03/2025,,,All followers,839,312.0,,22,0.02622169256210327,15,1,1,,0.04648390784859657,Video
"An upcoming webinar where experts discuss how 3D printing is redefining how fast customized parts can move from idea to reality.

Protolabs Applications Engineer Alex Lothspeich shares how teams are accelerating development by turning early concepts into end-use printed parts. Alex will walk through best practices for partnering with a manufacturer, strategies to de-risk decisions, and how to scale patient-specific or uniquely engineered solutions with confidence.

🔗 Register here: https://lnkd.in/gxW7ZVHt 

 📅 Tuesday, December 9th | 2 PM ET

#SMEMedia #AdditiveManufacturing #3DPrinting #ProductDevelopment #MedTech #ManufacturingEngineering",https://www.linkedin.com/feed/update/urn:li:activity:7401998670650630144,Organic,,Elizabeth Anderson,12/03/2025,,,All followers,1442,,,58,0.040221914649009705,43,1,2,,0.07212205231189728,
"SME Media’s Rachael Thomas speaks with Matt Redden, Technical Sales Specialist at Hexagon Manufacturing Intelligence during Manufacturing Technology Series SOUTHWEST in Dallas. 

They explore how Hexagon’s offerings—including its Esprit CAM software—are helping manufacturers bridge the gap between design, production and inspection.

#SMEMedia #Hexagon #AdvancedManufacturing #Metrology #DigitalTwin #QualityControl #IndustrialTech #ManufacturingInnovation #MTSeries #DallasTX",https://www.linkedin.com/feed/update/urn:li:activity:7401712108062883840,Organic,,Elizabeth Anderson,12/02/2025,,,All followers,649,427.0,,40,0.06163328140974045,44,1,1,,0.13251155614852905,Video
"General Motors is cutting 1,140 jobs at a factory dedicated to producing electric vehicles. Slowing demand due to the end of federal tax incentives is partly to blame, the automaker says. 

https://lnkd.in/gfE766TF

#layoffs #generalmotors #electricvehicles ",https://www.linkedin.com/feed/update/urn:li:activity:7401691047359401985,Organic,,Michael McConnell,12/02/2025,,,All followers,286,,,5,0.017482517287135124,3,0,1,,0.03146853297948837,
"Airbus has found a quality issue with the metal fuselage panels on some of its A320 passenger jets, the company said Monday.

SME #airplane #aircraft #passengerjet #A320",https://www.linkedin.com/feed/update/urn:li:activity:7401666747424309248,Organic,,Cary Gitter,12/02/2025,,,All followers,107,,,0,0.0,0,0,0,,0.0,
"Happening today at 2 PM ET — don’t miss it.

Manufacturers are facing a silent crisis: decades of expertise are disappearing as senior engineers retire and turnover accelerates. Meanwhile, teams are buried in unstructured drawings, quotes, QC reports, and tribal process notes that make it nearly impossible to reuse past work or onboard new talent efficiently.

AI can change that — not by replacing experts, but by preserving and amplifying their knowledge.

Join Patrick Harrigan, VP of Partnerships at CADDi, and Chris Cope, CADDi’s VP of Engineering, for a deep-dive on how AI is being applied right now to:
- Capture and structure legacy engineering and supplier data
- Speed RFQs and eliminate repeat quality issues
- Support faster training and onboarding
- Build a long-term roadmap for preserving expertise

If you’re a manufacturing leader focused on future-proofing your organization, this is a must-attend session.

🔗 Register here: https://lnkd.in/gY_vidSh

📅 Today, December 2 | 2 PM ET

#SMEMedia #ManufacturingAI #SmartManufacturing #KnowledgeManagement #CADDi #EngineeringData #DigitalTransformation #ManufacturingInnovation",https://www.linkedin.com/feed/update/urn:li:activity:7401641284995874816,Organic,,Elizabeth Anderson,12/02/2025,,,All followers,1089,,,18,0.01652892492711544,19,1,10,,0.04407713562250137,
"Semiconductor memory technology is cutting-edge and critical to national security, and Yashvi Singh is playing a crucial role in bringing the segment’s manufacturing back to the U.S.
 
Yashvi currently is the senior front-end technology development capital supplier development manager at Micron Technology. At the forefront of U.S. memory manufacturing expansion, she drives strategic supplier partnerships in metrology and manages technology development co-investment and co-fund strategies. She enables first-of-its-kind equipment aligned with Micron’s roadmap and fosters global collaboration.
 
Looking ahead, Yashvi is eager to drive innovations that push the boundaries of memory scaling while improving cost competitiveness.
 
Read more about SME 30 Under 30 Honoree Yashvi Singh: https://lnkd.in/ekprvjtE",https://www.linkedin.com/feed/update/urn:li:activity:7401623986608054273,Organic,,Simran Saini,12/02/2025,,,All followers,213,,,5,0.023474179208278656,7,2,0,,0.06572769582271576,
"The U.S. manufacturing sector saw its ninth consecutive month of contraction in November, according to the ISM Manufacturing PMI Report, released Dec. 1 by the Institute for Supply Management.

SME #manufacturingsector #manufacturingeconomy ",https://www.linkedin.com/feed/update/urn:li:activity:7401324764503400448,Organic,,Cary Gitter,12/01/2025,,,All followers,166,,,4,0.024096384644508362,2,0,0,,0.03614457696676254,
"As a boy growing up in India, Dr. Yash Mittal was fascinated by technology, science and mathematical equations.
 
And this thirst for knowledge has continued throughout his life.
 
After receiving his doctorate from the Indian Institute of Technology, Bombay in Mumbai, Yash has continued working there as a postdoctoral researcher, focusing on additive manufacturing (AM).
 
In his short career, Yash is already making an impact. His accomplishments include co-authoring the Mittal-Agarwal equations, which aim to minimize overhangs in AM structures through material optimization, developing computational tools, novel experimental procedures to develop unique precision machines (such as parallel kinematic systems and wire robots), and targeted applications (e.g., metal casting and biomedical devices).
 
Read more about SME 30 Under 30 Honoree Yash Mittal: https://lnkd.in/enEw2y68",https://www.linkedin.com/feed/update/urn:li:activity:7401291248071909377,Organic,,Simran Saini,12/01/2025,,,All followers,5156,,,226,0.04383242875337601,131,16,1,,0.07253684848546982,
"Vamsi Krishna Reddy Kondapalli has a passion for #innovation at the intersection of #nanotechnology, energy systems and #semiconductor manufacturing.
 
His career has reflected this enthusiasm—and led to results.
 
He has spearheaded and contributed to several high-impact projects, such as the development of novel #nanocarbon #materials for dry-etch hard masks and semiconductor chamber protection, thermoelectric devices for energy harvesting and sensing, and #wearable cooling #technologies such as vests and helmets designed for first responders.
 
Vamsi’s work has resulted in multiple patents, numerous peer-reviewed publications and recognition at conferences. 
 
As a module development engineer at Intel Corporation, his current focus is on next-generation doping strategies to enable #advanced #manufacturing nodes with an eye to the future of high-performance semiconductor devices.
 
Read more about SME 30 Under 30 Honoree Vamsi Krishna Reddy Kondapalli: https://lnkd.in/gtMSGKVD",https://www.linkedin.com/feed/update/urn:li:activity:7400220686952165376,Organic,,Cameron Kerkau,11/28/2025,,,All followers,665,,,33,0.04962405934929848,19,0,0,,0.0781954899430275,
"⏰ Reminder! We’re drawing winners Monday for our giveaway, don’t miss your chance to win a 3D printer or $50 towards the SME store.

It’s our way of saying thank you to the manufacturers, engineers, and innovators driving the industry forward.

👉 Enter here: https://lnkd.in/g-FuZPbe 

#SMEMedia #Giveaway #Manufacturing #Engineering #Innovation #3DPrinting",https://www.linkedin.com/feed/update/urn:li:activity:7399526809744359425,Organic,,Elizabeth Anderson,11/26/2025,,,All followers,181,,,9,0.049723755568265915,3,0,0,,0.06629834324121475,
"EMUGE-FRANKEN USA's Evan Duncanson, Daniel Kelly and Craig Gosselin offer useful guidelines for successfully tooling up for milling blades, blisks and impellers.

SME #aerospace #machining #tooling #manufacturing",https://www.linkedin.com/feed/update/urn:li:activity:7399520201047883776,Organic,,Cary Gitter,11/26/2025,,,All followers,167,,,4,0.023952096700668335,4,0,0,,0.04790419340133667,
"We give thanks to the manufacturers, machinists, technicians, and innovators who keep American industry strong.

Enjoy the break and Happy Thanksgiving from SME Media! 🦃",https://www.linkedin.com/feed/update/urn:li:activity:7399499691027185664,Organic,,Elizabeth Anderson,11/26/2025,,,All followers,320,,,8,0.02500000037252903,16,0,4,,0.08749999850988388,
"""With Okuma America Corporation, Kencoa Aerospace has everything it needs to be successful as an aerospace solutions provider and to grow its business within a progressive, demanding industry,"" writes Luke Lofland, regional sales manager at Okuma. 

SME #aerospace #defense #aircraft #manufacturing",https://www.linkedin.com/feed/update/urn:li:activity:7399495333736607744,Organic,,Cary Gitter,11/26/2025,,,All followers,331,,,4,0.012084592133760452,4,0,0,,0.024169184267520905,
"Maxine Gorelick Ammirato has always wanted to leave a positive impact on the world. For her, that meant becoming an #engineer to solve real-world problems. 
 
After graduating from Duke University with a degree in mechanical engineering, Maxine joined the composite #materials group at Boeing Research & Technology, where she quickly earned new responsibilities, including leading the mechanical testing lab and participating in large-scale developmental, composite-fabrication projects.
 
Realizing she wanted to be closer to the product, Maxine moved from the lab to the production floor to support the fuselage fabrication and assembly for Boeing’s 787 #Dreamliner jet, all while pursuing a master’s degree in mechanical engineering with a focus on aerospace composite manufacturing at UCLA.
 
Read more about SME 30 Under 30 Honoree Maxine Gorelick Ammirato: https://lnkd.in/gCfvBy5r",https://www.linkedin.com/feed/update/urn:li:activity:7399487809746739200,Organic,,Cameron Kerkau,11/26/2025,,,All followers,198,,,4,0.020202020183205605,11,0,0,,0.07575757801532745,
"IFS, a provider of industrial AI software, has announced the appointment of Robi Gone as its new chief information officer.

SME #industrialAI #artificialintelligence #AI #informationtechnology #IT",https://www.linkedin.com/feed/update/urn:li:activity:7399481599819558912,Organic,,Cary Gitter,11/26/2025,,,All followers,93,,,1,0.01075268816202879,1,0,0,,0.02150537632405758,
"Seco Tools has announced the launch of the TS0501, a Duratomic finishing grade engineered for turning modern, high-hardness superalloys.

SME #turning #superalloys #machining #aerospace #manufacturing",https://www.linkedin.com/feed/update/urn:li:activity:7399461734371086336,Organic,,Cary Gitter,11/26/2025,,,All followers,160,,,4,0.02500000037252903,3,0,0,,0.04374999925494194,
"After being introduced to #additive #manufacturing through a Gulfstream Aerospace internship, Sean Dobson launched his research career at the University of Louisville, joining a NASA - National Aeronautics and Space Administration effort to evaluate laser-powder-bed-fusion (#LPBF) thin-wall structures.

He followed that with a Navy project developing a corrosion-resistant stainless steel for LPBF designed to eliminate the need for thermal treatment while maintaining mechanical properties.

Today, Sean supports the Navy’s AM qualification efforts at The Barnes Global Advisors. 

Read more about SME 30 under 30 Honoree Sean Dobson: https://lnkd.in/gnRCU4-q",https://www.linkedin.com/feed/update/urn:li:activity:7399197528933642241,Organic,,Cameron Kerkau,11/25/2025,,,All followers,1537,,,64,0.04163955897092819,32,1,0,,0.06310995668172836,
"NASA is reducing the number of planned missions on Boeing Co.’s Starliner spacecraft from six to four, after Starliner's failed 2024 test flight.

SME #NASA #Boeing #Starliner #spacecraft #spacestation",https://www.linkedin.com/feed/update/urn:li:activity:7399195756416598016,Organic,,Cary Gitter,11/25/2025,,,All followers,137,,,5,0.036496348679065704,2,0,0,,0.051094889640808105,
"Step inside the Mitsubishi Materials USA Corp booth with SME Media’s Rachael Thomas at the Manufacturing Technology Series SOUTHWEST in Dallas, Texas.

In this episode of Behind the Booth, Billy Pitts, District Manager at  Mitsubishi Materials USA Corp, discusses the company’s latest cutting tool innovations, performance solutions and what manufacturers are looking for as machining demands continue to evolve. Get a closer look at how their newest technologies are supporting shops nationwide. 

#MitsubishiMaterials #BehindTheBooth #SMEMedia #MTSeriesSouthwest #ManufacturingTechnologySeries #AdvancedManufacturing",https://www.linkedin.com/feed/update/urn:li:activity:7399185379960115200,Organic,,Elizabeth Anderson,11/25/2025,,,All followers,619,214.0,,26,0.04200322926044464,23,0,5,,0.08723747730255127,Video
"Pro Tip for CNC Shops:

Choose software that can plot roundness and feature geometry—it’s more than just data.

By visualizing form accuracy, operators can see exactly how the machine tool affects the bore’s shape, helping identify wear, misalignment, or setup issues before they impact part quality.

Smarter insights = better machining decisions.

Ready to see how measurement data can improve your machining performance? 

Read the latest issue of Smart Shop Essentials to learn more.
🔗 https://lnkd.in/gfNXKTVm

#SmartShopEssentials #CNC #QualityControl #SmartManufacturing #Metrology",https://www.linkedin.com/feed/update/urn:li:activity:7399159294061051904,Organic,,Grady C.,11/25/2025,,,All followers,83,,,0,0.0,1,0,0,,0.012048192322254181,
"""When conventional finishing techniques can no longer keep pace with quality standards, manufacturers can turn to automated surface-finishing systems,"" writes Cole Mathisen, sales and marketing manager at Mass Finishing, Inc.

SME #aerospace #defense #surfacefinish #additivemanufacturing",https://www.linkedin.com/feed/update/urn:li:activity:7399154285160226817,Organic,,Cary Gitter,11/25/2025,,,All followers,116,,,2,0.017241379246115685,1,0,0,,0.0258620698004961,
"Although overall U.S. business activity saw sturdy growth in November, manufacturing continues to lag, according to the S&P Global US Flash PMI.

https://lnkd.in/ggfYjqrs

#manufacturing #businessactivity ",https://www.linkedin.com/feed/update/urn:li:activity:7399135209562152961,Organic,,Michael McConnell,11/25/2025,,,All followers,98,,,1,0.010204081423580647,1,0,0,,0.020408162847161293,
"Hire Heroes USA, a national nonprofit that empowers U.S. military members, veterans and military spouses to succeed in the civilian workforce, released its Top Jobs for Veterans 2025 report. The report highlights the top industries, jobs and cities where veterans and military spouses are finding employment.

SME #Veterans #Employment #IndustryReport

https://lnkd.in/eb2yiS6V",https://www.linkedin.com/feed/update/urn:li:activity:7399117922272440320,Organic,,Rachael Thomas,11/25/2025,,,All followers,339,,,3,0.008849557489156723,1,0,0,,0.011799409985542297,
"Many Americans, especially the younger generations, still hold negative perceptions of manufacturing careers, according to new research from the Manufacturing Corporation of America (MCA). SME Media spoke to MCA's Jerry Bailey about how the industry can reach Gen Z.

SME #manufacturing #futureworkforce #GenZ",https://www.linkedin.com/feed/update/urn:li:activity:7399108784763199488,Organic,,Cary Gitter,11/25/2025,,,All followers,165,,,10,0.06060606241226196,3,0,0,,0.07878787815570831,
"Waymo is approved to operate fully autonomous vehicles across the entire Bay Area and most of Southern California. Its areas of operations will span nearly 250 cities across 18 counties.

SME #AutonomousVehicles #AV

https://lnkd.in/e2viHfr3",https://www.linkedin.com/feed/update/urn:li:activity:7399105439390666752,Organic,,Rachael Thomas,11/25/2025,,,All followers,80,,,1,0.012500000186264515,1,0,0,,0.02500000037252903,
"Did you hear? 👂 Staying ahead in manufacturing just got a whole lot easier. Get the Advanced Manufacturing app from SME Media for the latest news, tech updates, and industry trends, all in one place.

Download on Apple: https://lnkd.in/gFdR9B2a

Download on Android: https://lnkd.in/g2bdFQ4c

#SMEMedia #AdvancedManufacturing #Innovation",https://www.linkedin.com/feed/update/urn:li:activity:7398830535911059456,Organic,,Elizabeth Anderson,11/24/2025,,,All followers,138,,,9,0.06521739065647125,5,0,1,,0.10869564861059189,
"Critical Manufacturing has appointed Paul Straeten as vice president of life sciences. 

SME #lifesciences #medicaldevices #manufacturingexecutionsystems #MES",https://www.linkedin.com/feed/update/urn:li:activity:7398795606573506561,Organic,,Cary Gitter,11/24/2025,,,All followers,117,,,1,0.008547008968889713,4,0,0,,0.04273504391312599,
"Weiler Abrasives Group, a provider of abrasives and power brushes for surface conditioning, has introduced its Tiger Mill Scale wheel.

SME #abrasives #surfaceconditioning #manufacturing",https://www.linkedin.com/feed/update/urn:li:activity:7398788030477758464,Organic,,Cary Gitter,11/24/2025,,,All followers,92,,,0,0.0,0,0,0,,0.0,
"""As manufacturers push toward digitalization, automation and energy efficiency, one factor quietly determines success: thermal precision."" Learn more from Haber Ma, senior engineer in advanced ceramics at ADCERAX |Advanced Ceramic Solutions.

SME #ceramics #thermalstability #alumina #manufacturing",https://www.linkedin.com/feed/update/urn:li:activity:7398776106272813056,Organic,,Cary Gitter,11/24/2025,,,All followers,93,,,0,0.0,1,1,1,,0.032258063554763794,
"""In aerospace and defense manufacturing, precision is expected—but traceability is essential,"" writes Dan Skulan, head of metrology solutions at Renishaw.

SME #aerospace #defense #traceability #processcontrol #manufacturing",https://www.linkedin.com/feed/update/urn:li:activity:7398756441702060032,Organic,,Cary Gitter,11/24/2025,,,All followers,514,,,3,0.005836575757712126,5,0,0,,0.015564202331006527,
"Ross Zameroski loves learning about how things are made.
 
He describes earning his doctorate as his proudest accomplishment and a critical stage in his personal growth—one that reframed his thinking and taught him to approach problems from a holistic perspective.
 
Now he’s putting his education into practice as a senior research and development engineer at Davidson, N.C.-based MSC Industrial Supply Co. where he develops innovative solutions to help optimize machine performance.
 
Read more about SME 30 under 30 Honoree Ross Zameroski: https://lnkd.in/e37sB2nP",https://www.linkedin.com/feed/update/urn:li:activity:7397744370269184000,Organic,,Simran Saini,11/21/2025,,,All followers,143,,,0,0.0,7,0,1,,0.0559440553188324,
"Calling all additive manufacturing innovators! Submit your breakthrough for SME's Aubin AM Case Study Award by Feb. 6.

#additivemanufacturing #3Dprinting #manufacturing",https://www.linkedin.com/feed/update/urn:li:activity:7397710831045689344,Organic,,Cary Gitter,11/21/2025,,,All followers,319,,,8,0.025078369304537773,6,1,1,,0.050156738609075546,
"In today’s manufacturing world, quality isn’t just the goal—it’s the signal.

It guides hiring, training, production, and machine uptime. But as expectations for speed and precision rise, many shops face the same challenge: How do you modernize without disrupting what already works?

The smartest manufacturers aren’t overhauling everything at once—they’re starting small, transforming the quality room into a launchpad for smarter, more scalable processes.

Here’s how they’re doing it:
✅ Standardizing processes so every operator can inspect parts the same way—every shift.
✅ Automating repetitive tasks so skilled workers can focus on problem-solving, not paperwork.
✅ Connecting quality data across teams to spot patterns before they become problems.

The result? Fewer slowdowns, stronger trust in data, and a workforce that’s empowered—not replaced—by automation.
Automation done right doesn’t remove people from the process—it multiplies their impact.

Read the full story in the October issue of Smart Shop Essentials: https://lnkd.in/gfNXKTVm

#SmartShopEssentials #Automation #QualityControl #Scaling #ManufacturingInnovation #Industry40 #ProcessImprovement",https://www.linkedin.com/feed/update/urn:li:activity:7397395919480131585,Organic,,Grady C.,11/20/2025,,,All followers,192,,,1,0.0052083334885537624,2,0,0,,0.015625,
"Step behind the booth with ‪KEYENCE CORPORATION at Manufacturing Technology Series SOUTHWEST as Sales Specialist Will White details the company’s IM-X1000 Image Dimension Measurement System, which is designed to deliver fast and accurate inspections — even for large parts.

#Metrology #QualityControl #OpticalMeasurement #MultiSensor #Engineering #SmartManufacturing #FactoryAutomation",https://www.linkedin.com/feed/update/urn:li:activity:7397393312187506689,Organic,,Elizabeth Anderson,11/20/2025,,,All followers,1466,844.0,,67,0.04570259153842926,34,0,2,,0.0702592059969902,Video
"The Texas Manufacturing Assistance Center is developing a coalition to advance fusion energy through education and partnerships. Join Monica M. Cortez, director of business operations and Rodney Reddic, executive director of the TMAC, in this insightful discussion",https://www.linkedin.com/feed/update/urn:li:activity:7397378216539156481,Organic,,Simran Saini,11/20/2025,,,All followers,1116,560.0,,63,0.05645161122083664,39,0,6,,0.09677419066429138,Video
"Jay Vitha, vice president of strategy for MetOx International, talks about the importance of industry and academia partnerships to develop next-generation talent to help commercialize fusion energy, following a panel discussion at SME’s Manufacturing Technology Series SOUTHWEST in Dallas.",https://www.linkedin.com/feed/update/urn:li:activity:7397274278230126595,Organic,,Simran Saini,11/20/2025,,,All followers,2279,875.0,,171,0.07503291219472885,67,0,4,,0.10618692636489868,Video
"""As manufacturers modernize facilities and adopt new technology, ensuring that employees can work safely becomes even more essential,"" writes Shatrina Cosby, vice president at Purchasing Power.

SME #safety #wellness #workplace #employeebenefits #manufacturing",https://www.linkedin.com/feed/update/urn:li:activity:7396998179172319232,Organic,,Cary Gitter,11/19/2025,,,All followers,143,,,0,0.0,1,0,0,,0.00699300691485405,
"L3Harris Technologies and Arkansas Gov. Sarah Huckabee Sanders joined state and local leaders to break ground on the Arkansas Advanced Propulsion Facilities, an extensive solid-rocket-motor production campus.

SME #solidrocketmotor #Arkansas #aerospace #defense",https://www.linkedin.com/feed/update/urn:li:activity:7396928338583277570,Organic,,Cary Gitter,11/19/2025,,,All followers,103,,,1,0.009708737954497337,1,0,0,,0.019417475908994675,
"SME is taking a bold step toward transforming the future of manufacturing education with the acquisition of Milestone C, a Connecticut-based leader in K-12 STEM programs that brings technology, engineering and manufacturing to life in the classroom.

#education #STEM #workforcedevelopment #manufacturing",https://www.linkedin.com/feed/update/urn:li:activity:7396654344185536512,Organic,,Cary Gitter,11/18/2025,,,All followers,1115,,,64,0.05739910155534744,34,0,10,,0.09686098992824554,
"Looking for a gift this holiday season for the machinist in your life? Consider this recently released item that blends legacy with American craftsmanship.
 
In honor of H. Gerstner & Sons, Inc's 120th anniversary, and the ongoing partnership between the The L.S. Starrett Company and Gerstner, the two companies have teamed up to release the 200WCR Starrett | Gerstner Tool Chest, a limited-edition, 1950s-replica machinist tool chest. The chest is available to purchase now through Dec. 19, with an expected delivery in March 2026. 
 
SME #machinist #tools #americanmanufacturing #legacybrands

https://lnkd.in/eU-VuMQg",https://www.linkedin.com/feed/update/urn:li:activity:7396607146844663808,Organic,,Rachael Thomas,11/18/2025,,,All followers,238,,,13,0.054621849209070206,5,0,0,,0.07563025504350662,
"HEULE Precision Tools has introduced VEX tooling, which drills and chamfers in a single step for increased efficiency and precision, the company says.

SME #tooling #holefinishing #drilling #chamfering #manufacturing",https://www.linkedin.com/feed/update/urn:li:activity:7396600167073898497,Organic,,Cary Gitter,11/18/2025,,,All followers,159,,,1,0.006289307959377766,1,1,0,,0.01886792480945587,
"SME Media Editor-in-Chief Steve Plumb spoke to Michael Grieves, ""father of the digital twin,"" about the past, present and future of this game-changing technology.

SME #digitaltwin #productlifecyclemanagement #PLM #manufacturing",https://www.linkedin.com/feed/update/urn:li:activity:7396585050135252994,Organic,,Cary Gitter,11/18/2025,,,All followers,167,,,5,0.02994011901319027,2,0,0,,0.041916169226169586,
"Behind the Booth with Greenleaf Corporation.🔧🍃 

We caught up with Martin Dillaman at Manufacturing Technology Series SOUTHWEST to talk next-gen cutting tools, ceramic breakthroughs, and the innovation powering Greenleaf’s 80-year legacy.

#SMEMedia #MTSeries #BehindTheBooth #Manufacturing #Innovation #MadeInUSA",https://www.linkedin.com/feed/update/urn:li:activity:7396578255895613441,Organic,,Elizabeth Anderson,11/18/2025,,,All followers,888,446.0,,63,0.07094594836235046,25,0,5,,0.10472972691059113,Video
"Rootstock Software has announced its acquisition of Praxis Solutions LLC, a Salesforce consulting and implementation firm. Ohad Idan, founder and CEO of Praxis, will join Rootstock as its new vice president of product.
 
SME #acquisition #cloudERP

https://lnkd.in/eXyYqZKA",https://www.linkedin.com/feed/update/urn:li:activity:7396286948006588416,Organic,,Rachael Thomas,11/17/2025,,,All followers,360,,,4,0.011111111380159855,0,0,0,,0.011111111380159855,
"Bel Air Finishing Supply Corporation has announced the release of two next-generation CNC deburring holders designed to automate, streamline and elevate edge-finishing operations across modern manufacturing environments.

SME #CNC #machining #deburring #automation",https://www.linkedin.com/feed/update/urn:li:activity:7396248463442780161,Organic,,Cary Gitter,11/17/2025,,,All followers,655,,,21,0.03206107020378113,9,0,4,,0.05190839618444443,
"The three-month-long strike at Boeing is over. Workers voted to approve a five-year contract:

https://lnkd.in/eVntsuMK

#boeing #laborrelations #machinists ",https://www.linkedin.com/feed/update/urn:li:activity:7395177476819222528,Organic,,Michael McConnell,11/14/2025,,,All followers,134,,,2,0.014925372786819935,2,0,0,,0.02985074557363987,
"📏 Measure Twice, Cut Once — The October Issue of Smart Shop Essentials

Precision isn’t just a goal—it’s the foundation of smarter manufacturing. The October issue of Smart Shop Essentials dives deep into the role of calibration, metrology, and in-process inspection in shaping a more efficient, data-driven shop floor.

Machine Calibration Made Simple — Learn how regular calibration keeps machines accurate, reduces downtime, and builds a true culture of precision across your team.

CNC Machines That Measure as They Cut — Discover how modern probes, tool detection, and inspection software help shops move toward unattended, lights-out machining.

Metrology on the Shop Floor — Find out why coordinate measuring machines (CMMs) no longer belong only in the QC lab—and how today’s shop-hardened systems deliver real-time accuracy where it matters most.

Smarter Quality Rooms — Explore how incremental improvements in inspection and automation can transform the quality department into a launchpad for scalable growth.
It’s time to think beyond “good enough.” From calibration to automation, every measurement matters.

🔗 Read the full October issue here: https://lnkd.in/gfNXKTVm

#SmartShopEssentials #Metrology #Calibration #QualityControl #SmartManufacturing #PrecisionEngineering",https://www.linkedin.com/feed/update/urn:li:activity:7395140698255101952,Organic,,Grady C.,11/14/2025,,,All followers,190,,,1,0.005263158120214939,4,0,0,,0.02631578966975212,
"Materialise, a global provider of additive manufacturing software and services, announced the next phase of its open and secure software-ecosystem strategy today.

SME #additivemanufacturing #3Dprinting #software #automation",https://www.linkedin.com/feed/update/urn:li:activity:7395135305563095040,Organic,,Cary Gitter,11/14/2025,,,All followers,117,,,0,0.0,1,0,0,,0.008547008968889713,
"Scratches, noise, and downtime, solved.

Join Replacement Brush Tables (RBT) experts Jeff Fettig and Greg Gach as they share how tailored brush designs can improve your sheet metal fabrication process, enhance part protection, and keep production running smoothly.

🗓 Thursday, November 20 at 2 PM ET
 🔗 Register here: https://lnkd.in/g5ypn-Aj 

#SMEMedia #SheetMetalFabrication #ManufacturingInnovation #Metalworking #RBT #SmartManufacturing #FabricationEfficiency",https://www.linkedin.com/feed/update/urn:li:activity:7394849750459584512,Organic,,Elizabeth Anderson,11/13/2025,,,All followers,134,,,1,0.007462686393409967,4,0,3,,0.05970149114727974,
"Pedro Cupertino works at the intersection of digital design and #manufacturing, supporting industry projects and teaching students how to use advanced #CAD tools to solve real-world problems.

While Pedro has won national innovation competitions with Lockheed Martin and Airbus, he considers his teaching work among his most meaningful accomplishments.

This includes instructing more than 300 students and industry professionals while contributing to #digitaltwin projects for aircraft and unmanned aerial vehicles.

Read more about SME 30 under 30 Honoree Pedro Cupertino:

https://lnkd.in/gDfwDiB5",https://www.linkedin.com/feed/update/urn:li:activity:7394459841257328640,Organic,,Cameron Kerkau,11/12/2025,,,All followers,3033,,,72,0.02373887225985527,84,5,3,,0.054071877151727676,
"DMG MORI and HAIMER have announced an expansion of their strategic cooperation to accelerate toolroom digitization, automation and global software distribution.

SME #machining #tooling #automation #manufacturing",https://www.linkedin.com/feed/update/urn:li:activity:7394428472904851457,Organic,,Cary Gitter,11/12/2025,,,All followers,702,,,9,0.012820512987673283,25,0,0,,0.04843304678797722,
"BIG DAISHOWA-Americas has released new negative inserts for its SW rough boring and EWN fine boring heads. These series feature proprietary six-edge designs to help machinists realize major productivity gains.
 
SME #ManufacturingInnovation #MachineTools #Productivity

https://lnkd.in/e5g93JYY",https://www.linkedin.com/feed/update/urn:li:activity:7394379487565733888,Organic,,Rachael Thomas,11/12/2025,,,All followers,314,,,11,0.03503184765577316,7,0,1,,0.06050955504179001,
"Orders of metalworking machinery came in at $493.1 million in September—down 7.2% from August but up 11% from September 2024—according to AMT - The Association For Manufacturing Technology.

SME #metalworking #machinery #machineryorders #manufacturing",https://www.linkedin.com/feed/update/urn:li:activity:7394126928531787777,Organic,,Cary Gitter,11/11/2025,,,All followers,163,,,3,0.01840490847826004,0,0,0,,0.01840490847826004,
"This #VeteransDay, if you know of a veteran who is struggling to find a purpose or a rewarding career, let them know that welding provides the solace and new purpose that so many veterans seek. Forged By Valor, a nonprofit based in Rochester, N.Y., offers an 800-hour welding education program that is operated by two veterans who understand the struggles firsthand.
 
Applications for Forged by Valor's program are now open and accepted on a rolling basis. The first cohort will begin in January 2026. 
 
SME #VeteransDay #Welding 

https://lnkd.in/eJdH6bVY",https://www.linkedin.com/feed/update/urn:li:activity:7394120494246944769,Organic,,Rachael Thomas,11/11/2025,,,All followers,232,,,1,0.004310344811528921,6,0,2,,0.03879310190677643,
"From her days of playing with Hot Wheels in lieu of dolls, Nush A. has been into cars. 

When searching for a job a few years ago, she saw ads for high-paying CNC machinist positions, including one for fabricating parts for electric vehicles.

Her focus quickly shifted to the overall #manufacturing industry and has gone beyond viewing manufacturing as just a vocation. 

Today, Nush is a spirited influencer in the field, hosting her own podcast, “NextGenMFG Podcast,” in which she interviews young #trailblazers who share their stories and advice. 

She also co-hosts the “Sisterhood Takes the Mic” podcast, which spun out of a Sisterhood of Trades social media group with more than 800 women in a variety of trades throughout the world.

Read more about SME 30 under 30 Honoree Nush A.:

https://lnkd.in/gjhYi376",https://www.linkedin.com/feed/update/urn:li:activity:7394089894748471296,Organic,,Cameron Kerkau,11/11/2025,,,All followers,2789,,,40,0.014342058449983597,103,4,8,,0.055575475096702576,
"Today, we honor the veterans who have served our nation with courage and dedication. Their leadership, discipline, and bravery continue to inspire the manufacturing community and beyond.

Thank you for your service.

#VeteransDay #SMEMedia #Manufacturing #ThankYouVeterans",https://www.linkedin.com/feed/update/urn:li:activity:7394078038944235520,Organic,,Elizabeth Anderson,11/11/2025,,,All followers,402,,,6,0.014925372786819935,15,0,4,,0.06218905374407768,
"Prima Additive by Sodick Co., Ltd. today announced its new identity, AltForm | formerly Prima Additive by Sodick, expanding the company into advanced laser manufacturing and automation.

SME #additivemanufacturing #3Dprinting #laser #automation",https://www.linkedin.com/feed/update/urn:li:activity:7394046850342797312,Organic,,Cary Gitter,11/11/2025,,,All followers,146,,,0,0.0,3,0,0,,0.02054794505238533,
"Think automation requires robotics expertise, complex programming, or months of integration? Think again.

Join Diederik Van Tricht of ZEISS Industrial Quality Solutions for a practical webinar on how to easily automate the measurement and inspection of small, complex parts — from injection-molded and die-cast components to hairpins, stators, and orthopedic implants.

You’ll learn how to:
 ⚙️ Implement automated inspection — no robotics experience required
 📏 Measure small, complex parts with speed and accuracy
 🧠 Reduce operator workload and human error
 🚀 Scale inspection capacity with your production

👉 Register now to reserve your seat: https://lnkd.in/gr5hWT77

#Webinar #Automation #Manufacturing #QualityControl #Metrology #3DScanning #Inspection #SmartManufacturing #ProcessControl #Industry40",https://www.linkedin.com/feed/update/urn:li:activity:7394026213737955328,Organic,,Sam Weyer,11/11/2025,,,All followers,3085,,,43,0.013938412070274353,89,0,10,,0.04602917283773422,
"At Manufacturing Technology Series SOUTHWEST in Dallas, SME Media’s Rachael Thomas sat down with Richard Rose, president of Bad Ass Band Saws, LLC, to discuss how the Houston-based company is shaking up the world of precision cutting.

From innovation in design to the spirit of American manufacturing, this is one booth that truly lives up to its name.

#SMEMedia #MTSeries #BehindTheBooth #Manufacturing #MetalCutting #Innovation #MadeInUSA",https://www.linkedin.com/feed/update/urn:li:activity:7393780123864526848,Organic,,Elizabeth Anderson,11/10/2025,,,All followers,241,92.0,,2,0.008298755623400211,9,0,0,,0.0456431545317173,Video
"A small family-owned shop recently discovered a surprising bottleneck: its coordinate measuring machine (CMM) was too popular.

Everyone wanted to use it, creating delays and idle time.

The solution? They added a shop-hardened CMM right on the production floor—freeing the inspection room for complex checks and empowering operators to handle routine measurements themselves.

The result:
✅ No more QC bottlenecks
✅ Fewer trips to the inspection lab
✅ Faster setups and higher throughput

Today’s floor-ready CMMs are compact, durable, and built for real-world manufacturing conditions—dust, vibration, and all. And when paired with automation features like guided interfaces and zero-point fixturing, they deliver true hands-free precision that keeps work moving.

💡 Pro Tip: Choose a CMM with mechanical bearings—they’re a durable, reliable, and cost-effective choice for shop floor use.

From small shops to large manufacturers, moving inspection closer to production isn’t just convenient—it’s a smarter, more scalable approach to quality.

🔗 Read more in Smart Shop Essentials: https://lnkd.in/gfNXKTVm

#SmartShopEssentials #Metrology #CMM #QualityControl #Automation #ManufacturingEfficiency #Industry40",https://www.linkedin.com/feed/update/urn:li:activity:7393776288764817408,Organic,,Grady C.,11/10/2025,,,All followers,136,,,0,0.0,1,0,0,,0.007352941203862429,
"Boston-based Vicinity Energy has begun construction for a 35-megawatt river-based industrial heat pump.

SME Everllence DCO Energy, LLC #energy #renewableenergy #heatpump #decarbonization",https://www.linkedin.com/feed/update/urn:li:activity:7393666698870059008,Organic,,Cary Gitter,11/10/2025,,,All followers,597,,,11,0.018425460904836655,7,0,0,,0.030150754377245903,
"South Carolina Manufacturing Extension Partnership (SC-MEP) is accelerating its efforts to help industry partners innovate and enhance workforce development initiatives. Adrienne Temple and SME Media’s Steve Plumb discuss the latest advances at the Manufacturing Technology Series SOUTHEAST in #Greenville, S.C.

#Training #TrainingPrograms #ManufacturingInnovation  #MTSeriesSOUTHEAST #AdvancedManufacturing #SMEMedia #Manufacturing",https://www.linkedin.com/feed/update/urn:li:activity:7393650100876570624,Organic,,Craig Veltri,11/10/2025,,,All followers,949,864.0,,32,0.03371970355510712,39,2,2,,0.07903055846691132,Video
"Boeing has reached a plea deal and will avoid prosecution following a federal judge’s ruling to dismiss a criminal conspiracy charge regarding two fatal 737 Max jet crashes in 2018 and 2019.

https://lnkd.in/eH52Fmu9",https://www.linkedin.com/feed/update/urn:li:activity:7392680852364738560,Organic,,Rachael Thomas,11/07/2025,,,All followers,201,,,1,0.004975124262273312,4,0,0,,0.024875622242689133,
"Enter for a chance to win a 3D printer or $50 towards the SME store! It’s our way of saying thanks to the manufacturers, engineers, and innovators who keep the industry moving forward.

Enter by December 1st at 12PM ET! Winners will be contacted December 2nd by email.

👉 Enter now: https://lnkd.in/gUWzJWXN 

#SMEMedia #Giveaway #Manufacturing #Engineering #Innovation #3DPrinting",https://www.linkedin.com/feed/update/urn:li:activity:7392673890898046976,Organic,,Elizabeth Anderson,11/07/2025,,,All followers,269,,,13,0.048327136784791946,9,0,2,,0.08921933174133301,
"First American Nuclear is planning what could eventually amount to a $4-billion investment in Indiana. 

SME #energy #power #nuclear #indiana",https://www.linkedin.com/feed/update/urn:li:activity:7392575505386037248,Organic,,Cary Gitter,11/07/2025,,,All followers,641,,,10,0.015600623562932014,21,0,1,,0.049921996891498566,
"NIDEC MACHINE TOOL AMERICA LLC has announced that Todd Hughes has rejoined the company as regional sales manager for the U.S. West Coast.

SME #machinetools #gearcutting #gearmanufacturing",https://www.linkedin.com/feed/update/urn:li:activity:7392560039099756544,Organic,,Cary Gitter,11/07/2025,,,All followers,120,,,1,0.008333333767950535,5,0,0,,0.05000000074505806,
"It’s the final day of Manufacturing Technology Series #SOUTHWEST! While we’re sad to see it end, we’re proud of what we accomplished across our four shows this year. SME’s Dave Morton and Prereeta M. share highlights of the 2025 MT Series in our final wrap-up video of the show.",https://www.linkedin.com/feed/update/urn:li:activity:7392316111058259968,Organic,,Simran Saini,11/06/2025,,,All followers,440,593.0,,28,0.06363636255264282,18,1,3,,0.11363636702299118,Video
"Sandvik Coromant has appointed Steve Lind as vice president sales, Eastern U.S. 

SME #cuttingtools #tooling #metalcutting #manufacturing",https://www.linkedin.com/feed/update/urn:li:activity:7392285148911824896,Organic,,Cary Gitter,11/06/2025,,,All followers,149,,,0,0.0,4,0,0,,0.02684563770890236,
"Tokamak Energy’s Andrew Shone expects commercial fusion energy to be available in the next decade thanks in part to the company’s high-temperature magnet technology, as well as the Department of Energy’s roadmap and a wave of private-public partnerships. He shared his insights at the Manufacturing Technology Series in #Dallas.",https://www.linkedin.com/feed/update/urn:li:activity:7392278112417517568,Organic,,Simran Saini,11/06/2025,,,All followers,3488,1325.0,,215,0.06163990870118141,99,1,2,,0.09088302403688431,Video
"For decades, lubrication monitoring has depended on scheduled sampling and delayed lab results — often discovering problems only after costly damage occurred. That ends now.

Join Cole Turner Franco and Adam Rice of Castrol for a powerful webinar on how real-time lubrication condition monitoring is transforming maintenance from guesswork to intelligent, predictive precision.

You’ll learn:
 🔍 Why lubrication monitoring is critical for operational reliability
 ⚙️ The pitfalls of traditional methods (and why change is overdue)
 🧠 Why expertise matters as much as sensors
 🚀 How real-time insights empower operations teams and boost uptime

If operational excellence and asset reliability are your goals, this is one session you don’t want to miss.

👉 Register now and get ahead of the curve: https://lnkd.in/ghhZzXTm

#Webinar #PredictiveMaintenance #LubricationMonitoring #AssetReliability #IndustrialMaintenance #OperationsExcellence #ConditionMonitoring",https://www.linkedin.com/feed/update/urn:li:activity:7392250120970498048,Organic,,Sam Weyer,11/06/2025,,,All followers,1242,,,44,0.035426732152700424,27,1,6,,0.06280193477869034,
"Behind the Booth with Teradyne Robotics (Universal Robots) 👊 🤖 

We caught up with WILL HEALY III, Director of Product & Industry Marketing, at Manufacturing Technology Series SOUTHWEST in Dallas to talk about the latest in robotics and automation.

#BehindTheBooth #MTSeries #SMEMedia #ManufacturingTechnology #Automation #Robotics",https://www.linkedin.com/feed/update/urn:li:activity:7392242557059207168,Organic,,Elizabeth Anderson,11/06/2025,,,All followers,994,391.0,,23,0.023138832300901413,20,2,3,,0.04828973859548569,Video
"Paul Boris of UiPath shares great insights during our Day 2 Wrap-Up video at Manufacturing Technology Series SOUTHWEST! During his two sessions at today's show, Boris did a deep dive into the evolving technologies of the manufacturing industry, and offered ways to get out of your comfort zone and look at your business from a new perspective. 
 
Check out our video for some of his key takeaways! 
 
#ManufacturingInnovation #AI #Automation #Dallas #MTSeriesSOUTHWEST #AdvancedManufacturing #ManufacturingTechnology #SMEMedia
 ",https://www.linkedin.com/feed/update/urn:li:activity:7391992592382607360,Organic,,Craig Veltri,11/06/2025,,,All followers,679,314.0,,28,0.04123711213469505,22,3,2,,0.08100147545337677,Video
"Hurco Companies, Inc. and their BX40Ui on display here at Manufacturing Technology Series SOUTHWEST ⚒️🌍🤠

#SMEMedia #Manufacturing #Innovation #MTSeries #Dallas",https://www.linkedin.com/feed/update/urn:li:activity:7391960352688828416,Organic,,Elizabeth Anderson,11/05/2025,,,All followers,230,74.0,,0,0.0,5,0,0,,0.021739130839705467,Video
"Mohit R Khurana has an eye on the future.

As a senior packaging #engineer and architect with Intel Corporation’s Advanced Packaging Technology and Manufacturing group in Chandler, Ariz., he helps drive critical advances in semiconductor-packaging #manufacturing to meet the rapidly increasing demands of #AI-driven compute technology.

Mohit’s proudest achievement at the company thus far has been the development and deployment of novel methodologies that significantly enhanced #semiconductor-packaging defect detection and characterization.

Read more about SME 30 under 30 Honoree Mohit R Khurana: 

https://lnkd.in/gKxXnbEH",https://www.linkedin.com/feed/update/urn:li:activity:7391948398351802368,Organic,,Cameron Kerkau,11/05/2025,,,All followers,299,,,9,0.03010033443570137,3,0,1,,0.043478261679410934,
"Murata Machinery USA, Inc has appointed Keiji Yuasa president and CEO, effective Oct. 1.

SME #industrialautomation #machinery #manufacturing",https://www.linkedin.com/feed/update/urn:li:activity:7391895498258903040,Organic,,Cary Gitter,11/05/2025,,,All followers,578,,,18,0.031141867861151695,16,0,0,,0.05882352963089943,
"Day 2 at Manufacturing Technology Series SOUTHWEST is looking good 🤠 Lots of conversations, connections, and new ideas bouncing around in Dallas! 👊

#Manufacturing #SMEMedia #Innovation #MTSeries #Dallas #ManufacturingTechnology",https://www.linkedin.com/feed/update/urn:li:activity:7391894651907022848,Organic,,Elizabeth Anderson,11/05/2025,,,All followers,213,81.0,,0,0.0,14,1,1,,0.07511737197637558,Video
"Greg Nottoli, Senior Project Manager at NSK America Corp - Industrial, joins SME Media for a Behind the Booth conversation at the Manufacturing Technology Series SOUTHWEST in Dallas.

He shares insights on precision machining, innovation, and what’s next for the industry.

#BehindTheBooth #MTSeries #SMEMedia #ManufacturingInnovation #Dallas #ManufacturingTechnologySeries",https://www.linkedin.com/feed/update/urn:li:activity:7391706333856595968,Organic,,Elizabeth Anderson,11/05/2025,,,All followers,335,261.0,,13,0.038805969059467316,15,1,1,,0.08955223858356476,Video
"Who knew Harry Potter could teach us a thing or two about #AI image processing and automation? 
 
For our Day 1 Wrap-Up Video at Manufacturing Technology Series  SOUTHWEST, we spoke with WILL HEALY III about how small- and mid-sized businesses can better integrate automation into their companies, how AI image processing has grown at an accelerated pace, and what Healy has seen at all four of this year's Manufacturing Technology Series shows.
 
#ManufacturingInnovation #Dallas #MTSeriesSOUTHWEST #AdvancedManufacturing #ManufacturingTechnology #SMEMedia",https://www.linkedin.com/feed/update/urn:li:activity:7391652772695212032,Organic,,Craig Veltri,11/05/2025,,,All followers,450,235.0,,17,0.03777777776122093,19,3,3,,0.09333333373069763,Video
"Come check out what’s happening at Booth #838 here in Dallas! Grab some good reads on your first day at Manufacturing Technology Series SOUTHWEST 🤠🛠️⚙️🔩🦾

#SMEMedia #MET #Manufacturing #Innovation #MTSeries",https://www.linkedin.com/feed/update/urn:li:activity:7391567572439183360,Organic,,Elizabeth Anderson,11/04/2025,,,All followers,247,,,11,0.044534411281347275,6,0,1,,0.07287449389696121,
"We’re excited to announce our $50 SME Store Credit winner — Nelly Zavala, MBA, Lead Manufacturing Engineer at GE Vernova in Greenville, South Carolina!🎉

Nelly won the $50 SME Store Credit during SME Media’s Manufacturing Technology Series events — thank you to everyone who entered and connected with us on the show floor!

In the meantime, come visit us at Manufacturing Technology Series Southwest in Dallas, today through Thursday! We are located at Booth #838.

#ManufacturingTechnologySeries #SMEMedia #ManufacturingInnovation #MadeInAmerica #MTSeries",https://www.linkedin.com/feed/update/urn:li:activity:7391546750521532416,Organic,,Elizabeth Anderson,11/04/2025,,,All followers,253,,,2,0.007905138656497002,10,1,0,,0.05138339847326279,
"Day 1 of Manufacturing Technology Series SOUTHWEST is underway! 

Don’t forget to stop by SME Media’s booth (#838) to pick up some copies of Manufacturing Engineering & Technology 📖🛠️⚙️🤖, and enter to win a 3D printer!

#SMEMedia #Manufacturing #MTSeriesSOUTHWEST #MTSeries #Innovation #Technology #MET",https://www.linkedin.com/feed/update/urn:li:activity:7391528063114776576,Organic,,Elizabeth Anderson,11/04/2025,,,All followers,391,126.0,,1,0.0025575447361916304,16,0,1,,0.046035803854465485,Video
"#Leadership is at the core of Macey Salyer’s burgeoning career.

As project management lead at General Motors Co.’s Autonomous Robotics Center (ARC), she guides a team of #engineers developing #automation and #robotics solutions to optimize #manufacturing. 

Her first project at GM was to help transform the end-of-line area at the company’s Factory Zero plant from an empty building into a fully operational hub. Later, she was part of a six-person team that developed a robot from design to prototype in six months—leading to the creation of ARC.

Read more about SME 30 under 30 Honoree Macey Salyer: 

https://lnkd.in/gKcbERum",https://www.linkedin.com/feed/update/urn:li:activity:7391517497876918272,Organic,,Cameron Kerkau,11/04/2025,,,All followers,325,,,3,0.009230769239366055,5,1,0,,0.02769230678677559,
"Even the best machines drift over time—spindles loosen, axes wear, and accuracy slowly slips away. That’s why calibration isn’t optional—it’s essential.

Renishaw is helping shops simplify the process with smart, easy-to-use calibration tools that bring metrology to the shop floor. 

Systems like Renishaw’s AxiSet make it faster and more accurate to locate a rotary axis center of rotation—eliminating manual guesswork and reducing human error.

Once a machine is properly calibrated, that same probe can even handle in-machine inspection, allowing real-time verification without pulling parts off the table.

This level of precision doesn’t just improve accuracy—it builds trust in your data, strengthens operator confidence, and supports smarter automation down the line.

💡 Calibration doesn’t require a major investment. Start with a single machine and build from there.

🔗 Discover more in Smart Shop Essentials: https://lnkd.in/gfNXKTVm

#Renishaw #Calibration #PrecisionManufacturing #SmartShopEssentials #QualityControl #Industry40",https://www.linkedin.com/feed/update/urn:li:activity:7391223341778530304,Organic,,Grady C.,11/03/2025,,,All followers,139,,,0,0.0,0,0,0,,0.0,
"Mastercam has acquired key assets of QTE Manufacturing Solutions, a longtime channel partner.

SME #CAD #CAM #manufacturingsoftware",https://www.linkedin.com/feed/update/urn:li:activity:7391217084774608896,Organic,,Cary Gitter,11/03/2025,,,All followers,380,,,1,0.0026315790601074696,4,0,0,,0.01315789483487606,
"Urban Engineers has named Madhuri Subramaniam, AIA, LEED AP aviation market director.

SME #aviation",https://www.linkedin.com/feed/update/urn:li:activity:7391204089029812225,Organic,,Cary Gitter,11/03/2025,,,All followers,1003,,,29,0.028913259506225586,16,1,0,,0.04586241394281387,
"The U.S. manufacturing sector saw its eighth consecutive month of contraction in October, according to the ISM Manufacturing PMI Report, released today by the Institute for Supply Management.

SME Oxford Economics #manufacturingsector #manufacturingeconomy",https://www.linkedin.com/feed/update/urn:li:activity:7391193873286520832,Organic,,Cary Gitter,11/03/2025,,,All followers,226,,,2,0.008849557489156723,2,0,0,,0.017699114978313446,
"Next stop: Dallas.

Join us at Manufacturing Technology Series SOUTHWEST, Nov. 4–6 at the Kay Bailey Hutchison Convention Center Dallas, where innovation, automation, and advanced manufacturing come together under one roof. See you on the show floor!

#MTSouthwest #SMEMedia #AdvancedManufacturing #ManufacturingTech #Dallas #ManufacturingInnovation",https://www.linkedin.com/feed/update/urn:li:activity:7391190881854373888,Organic,,Elizabeth Anderson,11/03/2025,,,All followers,139,,,2,0.014388489536941051,5,0,0,,0.050359711050987244,
"Emerson and Interwell today announced the launch of the Adaptive Gas Lift System for the optimization of oil production.

SME #oilandgas #energy #automation ",https://www.linkedin.com/feed/update/urn:li:activity:7391186284632981504,Organic,,Cary Gitter,11/03/2025,,,All followers,2234,,,68,0.030438674613833427,35,0,0,,0.04610564187169075,
"Listen up: Sherry Bolds, plant controller at Dimontonate USA, LLC shares her insights about upskilling, micro-credentials cross-cultural training as the industry evolves. She speaks with SME Media at the Manufacturing Technology Series SOUTHEAST in Greenville.",https://www.linkedin.com/feed/update/urn:li:activity:7390903591961600001,Organic,,Simran Saini,11/03/2025,,,All followers,625,307.0,,29,0.04639999940991402,32,7,2,,0.1120000034570694,Video
"Ivan Kondeykin, Omax territory sales manager, demos the company’s latest abrasive water jet at the Manufacturing Technology Series SOUTHEAST in Greenville with SME Media Editor-in-Chief Steve Plumb.",https://www.linkedin.com/feed/update/urn:li:activity:7390119124644941824,Organic,,Simran Saini,10/31/2025,,,All followers,255,94.0,,5,0.019607843831181526,4,1,0,,0.03921568766236305,Video
"Happy Halloween from everyone here at SME Media 🎃👻💀🧙

A spooky throwback to FABTECH Expo 2025 in Chicago!

#SMEMedia #Halloween #Manufacturing #FABTECH2025",https://www.linkedin.com/feed/update/urn:li:activity:7390095803207438336,Organic,,Elizabeth Anderson,10/31/2025,,,All followers,263,,,16,0.06083650141954422,11,1,0,,0.10646387934684753,
"🔧 Calibration: The Foundation of Precision

Every machine tool changes over time—axes wear, spindles loosen, and tiny shifts start to add up. The result? Inconsistent quality, longer setups, and unexpected downtime.

Calibration is how manufacturers stay ahead of those changes. It’s not just about machines—it’s about confidence. When operators know their tools are dialed in, they can focus on production, not problem-solving.

And here’s the best part: you don’t need a metrology lab or massive budget to start. Tools like ballbars, laser systems, and probing setups make calibration quick, affordable, and incredibly effective—right on the shop floor.

✅ Reduce scrap
✅ Shorten setup times
✅ Improve first-pass yield

In a connected, data-driven industry, calibration ensures that digital insights are grounded in physical accuracy. It’s one of the simplest ways to improve quality, empower teams, and build a culture of precision.

📏 Start small—calibrate one machine. Build from there.

🔗 Read more in Smart Shop Essentials: https://lnkd.in/gfNXKTVm

#Calibration #SmartManufacturing #QualityControl #PrecisionEngineering #SmartShopEssentials",https://www.linkedin.com/feed/update/urn:li:activity:7390087940460331008,Organic,,Grady C.,10/31/2025,,,All followers,175,,,1,0.0057142856530845165,2,0,0,,0.017142856493592262,
"Taylor Powell has learned the family business from the ground up and now serves as COO of Industrial Motor Service Inc. Now she’s passing on her experience to the next-generation of talent through internships, apprenticeships, cross-training and leadership programs.",https://www.linkedin.com/feed/update/urn:li:activity:7390073836299497473,Organic,,Simran Saini,10/31/2025,,,All followers,1337,541.0,,119,0.0890052393078804,34,4,3,,0.11967090517282486,Video
"We’re excited to announce our 3D Printer Giveaway winner — Randy Fox, Master Toolmaker at Sonoco Industrial Plastics in Union, South Carolina!🎉

Randy won the Creality K1 SE 3D Printer during SME Media’s Manufacturing Technology Series events — thank you to everyone who entered and connected with us on the show floor!

See you next at MT Series Southwest in Dallas, Nov. 4–6.

#ManufacturingTechnologySeries #SMEMedia #ManufacturingInnovation #MadeInAmerica #MTSeries",https://www.linkedin.com/feed/update/urn:li:activity:7390038264549826560,Organic,,Elizabeth Anderson,10/31/2025,,,All followers,185,,,6,0.0324324332177639,11,1,0,,0.0972972959280014,
"CNC Machines booth was a popular stop at SME’s Manufacturing Technology Series SOUTHEAST in Greenville, S.C. Sales Rep Nicholas Carpenter and SME Media Editor-in-Chief Steve Plumb talk technology, pricing and how to pull off wearing a BIG hat.

#cncmachining #cnc #manufacturingindustry",https://www.linkedin.com/feed/update/urn:li:activity:7390026087247880192,Organic,,Simran Saini,10/31/2025,,,All followers,197,74.0,,4,0.020304568111896515,9,1,0,,0.0710659921169281,Video
"Jake Okun believes in being bold. 
 
That's what led him to co-found myFacilities, a facilities management platform powered by artificial intelligence (AI) and built to simplify operations in a variety of domains, from engineering shops to manufacturing environments. 
 
The Arizona native recently earned a master’s degree in robotics and autonomous systems from Arizona State University (ASU), where he is now pursuing a PhD in systems engineering while also serving as a faculty member in the School of Manufacturing Engineering.
 
Recognized as a University Outstanding Graduate by ASU in 2025, Jake had the opportunity to deliver a convocation address to a crowd of nearly 10,000, which he calls “a humbling moment.”

Read more about SME 30 under 30 Honoree Jake Okun :

https://lnkd.in/erMmMwf7",https://www.linkedin.com/feed/update/urn:li:activity:7389771844494675969,Organic,,Simran Saini,10/30/2025,,,All followers,1249,,,13,0.010408326983451843,44,4,0,,0.04883906990289688,
"Rebecca Battle-Bryant, director of South Carolina’s Office of Statewide Workforce Development, highlights apprenticeships, internships and “pockets of brilliance” in meeting the state’s job challenges.",https://www.linkedin.com/feed/update/urn:li:activity:7389752969019154432,Organic,,Simran Saini,10/30/2025,,,All followers,563,461.0,,22,0.03907637670636177,26,5,3,,0.09946714341640472,Video
"Rowan University has launched its Digital Engineering Hub, which will merge smart technology with advanced manufacturing methods. Amongst its 3D printers and scanners, the lab's key piece of equipment is DMG MORI's LASERTEC 30 SLM US, the first metal additive manufacturing equipment of its kind.
 
SME #3Dprinting #additivemanufacturing

https://lnkd.in/evAnFjTy",https://www.linkedin.com/feed/update/urn:li:activity:7389713536475889664,Organic,,Rachael Thomas,10/30/2025,,,All followers,250,,,2,0.00800000037997961,2,0,0,,0.01600000075995922,
"AAM - American Axle & Manufacturing has announced a $133-million expansion of its plant in Three Rivers, Mich. 

SME Michigan Economic Development Corporation #automotive #reshoring #manufacturing",https://www.linkedin.com/feed/update/urn:li:activity:7389701604637106176,Organic,,Cary Gitter,10/30/2025,,,All followers,191,,,1,0.005235602147877216,2,0,0,,0.015706805512309074,
"At SME’s Manufacturing Technology Series SOUTHEAST in Greenville, S.C., ricardo lerner, COO of Priminer USA, announced plans to distribute the German company’s 3- and 5-Axis machine centers in the U.S.",https://www.linkedin.com/feed/update/urn:li:activity:7389681254473863169,Organic,,Simran Saini,10/30/2025,,,All followers,1435,989.0,,72,0.05017421767115593,37,5,7,,0.0843205600976944,Video
"To boost flexibility and efficiency, manufacturers need to switch their programming strategies to being more product-specific rather than focusing on the equipment itself, #FANUC America’s Aerospace Program Manager Rick Schultz tells attendees at the Manufacturing Technology Series SOUTHEAST in Greenville, S.C.",https://www.linkedin.com/feed/update/urn:li:activity:7389647732015071232,Organic,,Simran Saini,10/30/2025,,,All followers,1949,747.0,,34,0.01744484342634678,38,3,4,,0.040533605962991714,Video
"Accenture has launched its Physical AI Orchestrator, a solution to help manufacturers reinvent existing and future factories and warehouses to become software-defined. The cloud-based solution combines NVIDIA Omniverse, including the “Mega” NVIDIA Omniverse Blueprint, NVIDIA Metropolis and AI agents from Accenture’s AI Refinery platform.

https://lnkd.in/ewqyhYNX",https://www.linkedin.com/feed/update/urn:li:activity:7389402088373628928,Organic,,Rachael Thomas,10/29/2025,,,All followers,175,,,2,0.011428571306169033,3,0,0,,0.02857142873108387,
"Josh Mundhenke doesn’t shy away from a challenge. 

As a product delivery process manufacturing engineer at John Deere, he works on bringing in new production lines and assembly equipment for the company. 

Josh is also pursuing a master’s degree in systems engineering from The Johns Hopkins University to deepen his understanding of complex systems and fuel #innovation in the field.
 
Read more about SME 30 under 30 Honoree Josh Mundhenke:
 
https://lnkd.in/etFGXk2J",https://www.linkedin.com/feed/update/urn:li:activity:7389401898598113280,Organic,,Cameron Kerkau,10/29/2025,,,All followers,2532,,,25,0.009873617440462112,52,9,4,,0.035545025020837784,
"Accel-KKR, a technology-focused investment firm, has announced a strategic investment in LeanDNA, a provider of supply-planning and inventory-optimization software.

SME #supplychain #software #manufacturing",https://www.linkedin.com/feed/update/urn:li:activity:7389383089006940160,Organic,,Cary Gitter,10/29/2025,,,All followers,183,,,0,0.0,2,1,0,,0.016393441706895828,
"Climb aboard Kennametal’s Road Show Truck with Steve George, Senior Product Engineering Manager and Steve Plumb, SME Media’s Editor-in-Chief, at the Manufacturing Technology Series SOUTHEAST in Greenville, S.C.

#endmills #manufacturingindustry #kennametal",https://www.linkedin.com/feed/update/urn:li:activity:7389330253594128384,Organic,,Simran Saini,10/29/2025,,,All followers,550,801.0,,5,0.00909090880304575,13,2,2,,0.03999999910593033,Video
"Kennametal Inc. has announced the launch of its new ROCO burr and down-cut routers for composite materials.

SME #milling #machining #manufacturing",https://www.linkedin.com/feed/update/urn:li:activity:7389319628054786048,Organic,,Cary Gitter,10/29/2025,,,All followers,358,,,1,0.002793296007439494,9,0,0,,0.02793296054005623,
"At the Manufacturing Technology Series SOUTHEAST in #Greenville, S.C., Nand Shivkumar, Mastercam’s chief innovation officer, shares his views about how artificial intelligence is reshaping the #manufacturing industry, including instilling a “cool factor” to attract new talent into the industry.",https://www.linkedin.com/feed/update/urn:li:activity:7389289381771182080,Organic,,Simran Saini,10/29/2025,,,All followers,1537,1056.0,,37,0.02407286874949932,36,5,3,,0.052700065076351166,Video
"Sheku Kamara (AMUG🦕) Kamara, dean of applied research at Milwaukee School of Engineering talks about expanding educational opportunities in additive manufacturing at SME's Additive Manufacturing Technical Community Advisors meeting. 
",https://www.linkedin.com/feed/update/urn:li:activity:7389069709725339649,Organic,,Simran Saini,10/28/2025,,,All followers,3961,,,47,0.011865690350532532,135,7,2,,0.04822014644742012,
"Meet Gaurav Pandey, the engineer at the forefront of the future, working to build scalable and adaptable systems at Tesla.

Gaurav Pandey wants to bridge the gap between humans and machines.
 
As a manufacturing equipment engineer at Tesla, Gaurav has led cross-functional efforts to implement equipment solutions that contributed to the launch of the Cybertruck.
 
Outside of work, Gaurav develops educational tools for students interested in robotics and automation. He is involved in professional organizations such as SME and IEEE-RAS, and serves as a coordinator for Tau Beta Pi’s #NEST program for which he supports student engineering projects.
 
Read more about SME 30 under 30 Honoree Gaurav Pandey:

https://lnkd.in/ey_Z327J",https://www.linkedin.com/feed/update/urn:li:activity:7389039516537483264,Organic,,Simran Saini,10/28/2025,,,All followers,8722,,,267,0.030612245202064514,94,11,1,,0.04276541993021965,
"Jennifer Coyne of The Barnes Global Advisors welcomes attendees to the SME Additive Manufacturing Technical Community Advisors meeting Oct . 28 on Coronado Island near San Diego. 

#additivemanufacturing #technicalcommunity
",https://www.linkedin.com/feed/update/urn:li:activity:7389013092661248000,Organic,,Simran Saini,10/28/2025,,,All followers,378,,,15,0.0396825410425663,15,0,0,,0.0793650820851326,
"The Fantastic Four took center stage at the Manufacturing Technology Series SOUTHEAST in Greenville, S.C. Jamie Goettler (BTX Precision), Billy Bogue... MBA ( Matsuura Machinery USA, Inc. , Luis Solano (Google Cloud) and Ken Cowan (Paperless Parts) tackle some of the top issues in the industry—and how technology can be used to overcome challenges.",https://www.linkedin.com/feed/update/urn:li:activity:7388975391425855489,Organic,,Simran Saini,10/28/2025,,,All followers,2723,1962.0,,114,0.04186559095978737,74,1,4,,0.07087770849466324,Video
"⏰ Happening Tomorrow!

American manufacturing is at a turning point — and the innovators leading the charge are ready to share how they’re winning in the AI-powered era.
Join CADDi to learn how companies like Subaru, Kawasaki, Denso, Ebara, and others are transforming their operations by:

 ⚙️ Consolidating components across global supply chains
 🚀 Accelerating DFM to get products to market faster
 💡 Enforcing reuse to reduce duplication and costs

These are the AI-enabled strategies driving the next wave of manufacturing excellence — and you can apply them, too.

📅 It all happens tomorrow! https://lnkd.in/gxnP6rFW

#Webinar #Manufacturing #AI #Innovation #SupplyChain #DesignForManufacturing #QCD #DigitalTransformation",https://www.linkedin.com/feed/update/urn:li:activity:7388974521426329600,Organic,,Sam Weyer,10/28/2025,,,All followers,117,,,0,0.0,0,0,0,,0.0,
"Eric Gerringer, technical director for CERATIZIT USA, shares his insights about #automation and rising material costs at SME’s Manufacturing Technology Series SOUTHEAST in #Greenville, S.C.",https://www.linkedin.com/feed/update/urn:li:activity:7388939843055136769,Organic,,Simran Saini,10/28/2025,,,All followers,210,88.0,,4,0.01904761977493763,6,1,1,,0.05714285746216774,Video
"Arizona State University has opened a science and technology lab that will help train students to succeed in the industries of tomorrow.

https://lnkd.in/g7iT8kdF

#advancedmanufacturing #cleanenergy #robotics #additivemanufacturing #3Dprinting",https://www.linkedin.com/feed/update/urn:li:activity:7388932359183745025,Organic,,Michael McConnell,10/28/2025,,,All followers,188,,,1,0.005319148767739534,0,0,0,,0.005319148767739534,
"When Garrett Hawkins joined OPTISYS, the Utah-based antenna company was operating its #additivemanufacturing (AM) operations out of a 5,000-sq-ft (465-sq-m) garage. He was a process engineer at the time but dove headlong into learning about how the 3D printers worked, and how to make them run well.
 
Three years later, Optisys has grown into a 30,000-sq-ft (2,787-sq-m) facility, where Garrett runs pretty much everything AM-related. His contributions, work ethic and focus are key reasons that the firm has been nominated for 3D Printing Industry’s “3D Designer of the Year” two years running.
 
Beyond Optisys, Garrett is the founder of Building A.M.- Utah., a volunteer-run organization that facilitates opportunities to gain technical skills and network with the AM community

Read more about SME 30 under 30 Honoree Garrett Hawkins: 

https://lnkd.in/g4TuEi53
",https://www.linkedin.com/feed/update/urn:li:activity:7388923668128624642,Organic,,Cameron Kerkau,10/28/2025,,,All followers,296,,,3,0.010135134682059288,17,0,1,,0.07094594836235046,
"Want another pro tip? 

Choose a CMM with mechanical bearings–they’re a durable, reliable and cost–effective choice for shop floor use.

More insight in our downloadable October edition found at ➡️ https://lnkd.in/gfNXKTVm

#ManufacturingTips #SmartManufacturing #Industry40",https://www.linkedin.com/feed/update/urn:li:activity:7388684526971121665,Organic,,Grady C.,10/27/2025,,,All followers,155,,,1,0.006451612804085016,0,0,0,,0.006451612804085016,
"More than 3,000 Boeing Co. workers in the Midwest have voted to reject the company’s latest contract offer and continue a strike begun in August.

SME #aerodefense #defense #union #strike #Boeing",https://www.linkedin.com/feed/update/urn:li:activity:7388673784456785921,Organic,,Cary Gitter,10/27/2025,,,All followers,183,,,0,0.0,4,0,0,,0.02185792289674282,
"Eric Shnell, Co-founder of Craitor leveraged his background in #robotics and additive manufacturing to solve a critical challenge for the U.S. military: getting robust 3D printing capability into extreme environments.

His leadership as the sole mechanical designer of the FieldFab printer resulted in a solution that is now delivering mission-critical production for the Marine Corps, Army, Navy and Air Force.

Read more about SME 30 Under 30 Honoree Eric Shnell:

https://lnkd.in/g6wyksi5",https://www.linkedin.com/feed/update/urn:li:activity:7388631820113920000,Organic,,Simran Saini,10/27/2025,,,All followers,810,,,9,0.011111111380159855,24,4,0,,0.045679014176130295,
"ECI Software Solutions, a global provider of cloud-based business-management software and services, has announced the creation of its new Payments Division.

SME #software #businessmanagement #fintech #payments",https://www.linkedin.com/feed/update/urn:li:activity:7387537787065044992,Organic,,Cary Gitter,10/24/2025,,,All followers,230,,,1,0.004347825888544321,2,0,0,,0.01304347813129425,
"Can American manufacturing reclaim its edge?

30% of small and midsized manufacturers have vanished in the last 20 years — but a new wave of AI-driven innovators is changing the game.

Join CADDi as they walk through how leaders like Subaru, Kawasaki, and Denso are cutting costs, speeding DFM, and streamlining global supply chains.

Featuring an expert panel of:
📌 Yushiro Kato, CEO
📌 Aaron Lober, VP of Marketing
📌 Chris Cope, VP of Engineering
📌 Patrick Harrigan, VP of Partnerships

Secure your spot today! https://lnkd.in/gxnP6rFW

#Manufacturing #AI #Webinar #Innovation #SupplyChain #DesignForManufacturing #QCD #DigitalTransformation",https://www.linkedin.com/feed/update/urn:li:activity:7387510694889345024,Organic,,Sam Weyer,10/24/2025,,,All followers,190,,,1,0.005263158120214939,1,0,0,,0.010526316240429878,
"Sometimes it's good to be the middleman, especially when you're between two industry experts such as Dan Sage (SEW-EURODRIVE - USA) and Shean Heitz (Gorilla Mill). But the real star was Shean's sidekick, Sassy! Check out our recap of the Manufacturing Technology Series SOUTHEAST in Greenville, South Carolina. ",https://www.linkedin.com/feed/update/urn:li:activity:7387458000938016768,Organic,,Steve Plumb,10/24/2025,,,All followers,161,,,3,0.018633540719747543,1,0,0,,0.02484472095966339,
"Luke Kohler, CMTSE, territory sales manager for Crotts and Saunders Machine Tools & Metrology, shares his insights from the Manufacturing Technology Series SOUTHEAST. Luke discusses the latest trends in #automation, including Mazak turning centers and other industry trends from the Manufacturing Technology Series in #Greenville, South Carolina, with SME Media Editor-in-Chief Steve Plumb. ",https://www.linkedin.com/feed/update/urn:li:activity:7387241162748698625,Organic,,Simran Saini,10/23/2025,,,All followers,926,870.0,,24,0.02591792680323124,28,6,8,,0.0712742954492569,Video
That’s a wrap on Manufacturing Technology Series SOUTHEAST. Here’s a glimpse behind the scenes of our journey on the show!👏 ,https://www.linkedin.com/feed/update/urn:li:activity:7387231348773666816,Organic,,Simran Saini,10/23/2025,,,All followers,563,,,134,0.23801065981388092,18,2,1,,0.27531084418296814,
"Emmie Yao is combining cancer research with one of the most cutting-edge aspects of #advancedmanufacturing: 3D printing.

Yao is a PhD student at the Joan & Irwin Jacobs Center for Health Innovation @ UC San Diego Health, where she specializes in 3D bioprinting for everything from disease modeling to organ printing. 

She has built ovarian cancer models and, more recently, has been developing high-throughput, physiologically accurate glioblastoma (brain tumor) multiforme models for use with chemotherapy and radiotherapy testing.

Read more about SME 30 Under 30 Honoree Emmie Yao:

https://lnkd.in/gtAwhsBK",https://www.linkedin.com/feed/update/urn:li:activity:7387202201166929922,Organic,,Cameron Kerkau,10/23/2025,,,All followers,3082,,,79,0.02563270553946495,63,9,3,,0.049967553466558456,
"Boeing has received permission from the Federal Aviation Administration (FAA) to build up to 42 of its 737 Max jets per month. 

https://lnkd.in/g3Uw-ED6

#aviation #airlines ",https://www.linkedin.com/feed/update/urn:li:activity:7387200318926872576,Organic,,Michael McConnell,10/23/2025,,,All followers,194,,,0,0.0,1,0,0,,0.005154639016836882,
"Caracol AM, the Italian large-format robotic manufacturing company, has announced the closing of a $40-million Series B funding round.

SME #robotics #automation #additivemanufacturing #SeriesB",https://www.linkedin.com/feed/update/urn:li:activity:7387195385615851521,Organic,,Cary Gitter,10/23/2025,,,All followers,163,,,0,0.0,1,0,0,,0.0061349691823124886,
"CERATIZIT USA says its new MaxiMill - S-Power face milling cutters were designed to tackle the challenges of cast iron machining applications, including burr formation. 

https://lnkd.in/ghXH2eDY",https://www.linkedin.com/feed/update/urn:li:activity:7387185665677070336,Organic,,Michael McConnell,10/23/2025,,,All followers,1349,,,14,0.010378058068454266,8,0,1,,0.017049666494131088,
"ELEGOO is making #additivemanufacturing (also known as #3Dprinting) more accessible, particularly for women entering the field. The business' Elegoo With Her program helps women develop their skills and provides them with the tools needed to start their own business in additive manufacturing. 

When Emna Hussein heard about Elegoo With Her, she was eager to continue learning about 3D printing and take those skills to redefine her namesake apparel brand and celebrate her Tunisian culture. 

https://lnkd.in/eDTbhmJm",https://www.linkedin.com/feed/update/urn:li:activity:7387153578445918208,Organic,,Rachael Thomas,10/23/2025,,,All followers,357,,,8,0.02240896411240101,5,5,0,,0.05042016878724098,
"Jack Lin pre sales engineer from Tulip Interfaces shows how Tulip empowers operators with guided assembly instructions, partner technology #integrations and multilingual support. Real-time dashboards give supervisors actionable insights to monitor performance and improve efficiency. With pre-built templates and a flexible platform, Tulip makes it easy to scale and optimize #manufacturing operations.",https://www.linkedin.com/feed/update/urn:li:activity:7387149886221209600,Organic,,Simran Saini,10/23/2025,,,All followers,1377,605.0,,62,0.04502541571855545,27,2,3,,0.06826434284448624,Video
"Emmanuel Bamido believes directed-energy deposition (DED) holds immense promise for industrial applications, but that the #additive #manufacturing technology’s broader adoption has struggled.

A PhD candidate at the The University of Texas at Austin, where he conducts research in the school’s Nanoscale Design and Manufacturing Lab, Emmanuel says that geometrical defects caused by simplistic tool paths, static processing parameters and inadequate predictive models are plaguing DED’s wider adoption.

Read more about SME 30 Under 30 Honoree Emmanuel Bamido:

https://lnkd.in/gpCNB-d2",https://www.linkedin.com/feed/update/urn:li:activity:7387147985517776896,Organic,,Cameron Kerkau,10/23/2025,,,All followers,2787,,,88,0.031575169414281845,81,3,3,,0.06279153376817703,
"🚨 Today’s the Day! 🚨

Join Michael Ingman of The L.S. Starrett Company for an informative webinar on the next generation of precision gaging — don’t miss your chance to see how touchscreen indicator technology is transforming measurement accuracy and data automation.

From mechanical to digital to fully wireless, gaging has evolved — and this session will show you what’s next. Learn how to simplify your measurement process, automate data collection, and elevate quality control in your operation.

 🎯 Secure your spot before it’s too late!

👉 https://lnkd.in/gkhZvhAw

#Webinar #PrecisionGaging #QualityControl #ManufacturingInnovation #DataAutomation #Metrology",https://www.linkedin.com/feed/update/urn:li:activity:7387146147729010688,Organic,,Sam Weyer,10/23/2025,,,All followers,135,,,2,0.014814814552664757,1,0,0,,0.02222222276031971,
"Day 2 of the Manufacturing Technology Series SOUTHEAST wrapped up with powerful insights on the future of manufacturing from our very own Jake Volcsko, vice president, integrated media. On to Day 3!",https://www.linkedin.com/feed/update/urn:li:activity:7387122706829189120,Organic,,Simran Saini,10/23/2025,,,All followers,579,,,14,0.024179620668292046,28,0,1,,0.0742659792304039,
"Let’s talk about the 400-lb gorilla at Manufacturing Technology Series. Shean Heitz, national sales manager at Gorilla Mill, and Dan Sage, national corporate business development manager at SEW Eurodrive join SME Media Editor-in-Chief Steve Plumb to recap Day 2 of the show.

#manufacturinginnovation  #Greenville #MTSeriesSOUTHEAST #AdvancedManufacturing #ManufacturingTechnology #SMEMedia",https://www.linkedin.com/feed/update/urn:li:activity:7386897519642832896,Organic,,Craig Veltri,10/22/2025,,,All followers,327,189.0,,10,0.030581040307879448,11,0,2,,0.07033639401197433,Video
"Dhanashree Shinde is a lover of adventure, both professionally and personally.

After gaining two years of work experience as a design #engineer at Intralox, she embarked on her journey as a doctoral student in materials science and engineering at the University of Delaware, where her research centers on integrating artificial intelligence (#AI) into composite manufacturing, with a focus on injection molding.

Read more about SME 30 Under 30 Honoree Dhanashree Shinde:

https://lnkd.in/gMpfqbHu",https://www.linkedin.com/feed/update/urn:li:activity:7386853463567163392,Organic,,Cameron Kerkau,10/22/2025,,,All followers,5708,,,188,0.032936230301856995,122,5,1,,0.05536089837551117,
Manufacturing Technology Series SOUTHEAST: Day 2 and the momentum continues!,https://www.linkedin.com/feed/update/urn:li:activity:7386850085378211840,Organic,,Simran Saini,10/22/2025,,,All followers,231,,,81,0.350649356842041,6,0,0,,0.37662336230278015,
"We’re kicking off the afternoon at Manufacturing Technology Series Southeast in Greenville, SC with our moderator Rick Schultz (FANUC America Corporation) and panelists Michelle Leon (Cole) (Levil Technology), Errol Burrell (Matsuura Machinery USA, Inc.), and Tim Carl (SolidCAM)",https://www.linkedin.com/feed/update/urn:li:activity:7386811574570762240,Organic,,Jake Volcsko,10/22/2025,,,All followers,1004,,,19,0.018924303352832794,20,1,2,,0.04183267056941986,
"HEULE Precision Tools has introduced the Snap-X line for cross-hole deburring.

SME #cuttingtools #deburring #manufacturing",https://www.linkedin.com/feed/update/urn:li:activity:7386810598044520448,Organic,,Cary Gitter,10/22/2025,,,All followers,761,,,26,0.03416557237505913,5,1,1,,0.04336399585008621,
"Patrick Faulkner, lead engineer at Accu, discusses the different types of grub screws and how each is designed to deliver specific performance benefits for engineers.

SME #screws #grubscrews #engineering #manufacturing",https://www.linkedin.com/feed/update/urn:li:activity:7386802514039468032,Organic,,Cary Gitter,10/22/2025,,,All followers,125,,,5,0.03999999910593033,1,0,0,,0.04800000041723251,
"SME’s Brightminds Student Summit is now at the Manufacturing Technology Series SOUTHEAST, bringing the innovation of modern manufacturing to the next generation!

#sme #smebrightminds #manufacturingtechnologyseries #modernmanufacturing",https://www.linkedin.com/feed/update/urn:li:activity:7386758657902026752,Organic,,Simran Saini,10/22/2025,,,All followers,302,,,26,0.08609271794557571,15,0,1,,0.13907285034656525,
"The tool room of the future is already here, according to Manuel Merkt, Haimer’s COO and VP of marketing. In fact, HAIMER USA has demonstrated the concept at SME’s first three Manufacturing Technology Series, including this week in Greenville.

#manufacturinginnovation #Greenville #MTSeriesSOUTHEAST #AdvancedManufacturing #ManufacturingTechnology #SMEMedia",https://www.linkedin.com/feed/update/urn:li:activity:7386552272870141952,Organic,,Craig Veltri,10/22/2025,,,All followers,458,190.0,,2,0.0043668122962117195,28,1,0,,0.06768558919429779,Video
"Manufacturing Technology Series SOUTHEAST Day 1 brought the energy⚡ 

#manufacturingmagic #manufacturinginnovation

Our team hit the floor again to capture the people, ideas and innovations shaping the future of manufacturing here in #Greenville.",https://www.linkedin.com/feed/update/urn:li:activity:7386497783417053184,Organic,,Simran Saini,10/21/2025,,,All followers,160,79.0,,1,0.0062500000931322575,2,0,1,,0.02500000037252903,Video
"Derek Shaffer Ph.D. strives to stay at the forefront of his field. As a weld #engineer at Meadville, Pa.-based Phoenix Laser Solutions, he focuses on research and development of #laser-welding and #additive processes for customers.

With a PhD in materials science from Penn State University, where he also earned his bachelor’s and master’s degrees, Derek is also an active member of the American Welding Society.

Read more about SME 30 Under 30 Honoree Derek Shaffer Ph.D.: 

https://lnkd.in/eVJtVydU",https://www.linkedin.com/feed/update/urn:li:activity:7386497320860749826,Organic,,Cameron Kerkau,10/21/2025,,,All followers,2363,,,46,0.019466780126094818,83,3,1,,0.056284382939338684,
"Day 1 at Manufacturing Technology Series SOUTHEAST is in full swing!

 Stay tuned for innovation happening in #Greenville.

#manufacturinginnovation #smemedia #futureofmanfaturing",https://www.linkedin.com/feed/update/urn:li:activity:7386469010047152130,Organic,,Simran Saini,10/21/2025,,,All followers,273,,,20,0.07326007634401321,12,0,0,,0.11721611768007278,
"Countdown time! Only 10 days left before we announce our giveaway winners! 🎁

Mark your calendars — the big reveal happens on October 30th.

#giveaway #countdown #smemedia",https://www.linkedin.com/feed/update/urn:li:activity:7386458841502208000,Organic,,Simran Saini,10/21/2025,,,All followers,194,,,1,0.005154639016836882,5,1,0,,0.036082472652196884,
"AMUG (Additive Manufacturing Users Group) today announced Maxim Lobovsky, co-founder and CEO of Formlabs, as the recipient of its Innovators Award.

SME #additivemanufacturing #3Dprinting",https://www.linkedin.com/feed/update/urn:li:activity:7386419006137823233,Organic,,Cary Gitter,10/21/2025,,,All followers,3378,,,72,0.021314388141036034,76,1,0,,0.04410893842577934,
"Curiosity, exploration and continuous learning—these are the watchwords of Davis McGregor, PhD, assistant professor of mechanical engineering at the University of Maryland, College Park.

A founding director of the MIRAGE Lab and a Fischell Fellow at the Robert E. Fischell Institute for Biomedical Devices, University of Maryland, Davis investigates methods for #automating #metrology of diverse part geometries using computer vision and computational geometry, and is developing #machinelearning models for rapidly qualifying additively #manufactured parts.

Read more about SME 30 Under 30 Honoree Davis McGregor, PhD: https://lnkd.in/gaeEwmJ7",https://www.linkedin.com/feed/update/urn:li:activity:7386416677086773249,Organic,,Cameron Kerkau,10/21/2025,,,All followers,2995,,,62,0.020701168105006218,79,8,2,,0.05041736364364624,
"Precision Gaging Has Evolved — Are Your Tools Keeping Up? ⚙️

From mechanical to electronic to fully wireless, gages have come a long way — and the next leap is here. Join Michael Ingman, Director of Research & Development at The L.S. Starrett Company, for an inside look at the latest Touchscreen Indicator Innovation, designed for easy use, durability, and seamless data integration.

We’ll explore how automated, wireless data collection can transform your quality control process — boosting accuracy, efficiency, and traceability.

📏 What you’ll learn:
 • The evolution of precision gaging
 • Analog → Digital → Wireless transitions
 • How touchscreen indicators are redefining measurement
 • Why (and how) to automate your data collection
Don’t miss this look at the future of precision measurement.

👉 Register now to secure your spot! https://lnkd.in/gkhZvhAw

#mfg #touchscreens #data #datacollection",https://www.linkedin.com/feed/update/urn:li:activity:7386409513559646208,Organic,,Sam Weyer,10/21/2025,,,All followers,1089,,,23,0.02112029306590557,23,0,5,,0.04683195427060127,
"Belief is powerful.

But belief alone doesn't change anything. 

It's what we do with it that actually matters.

Meaghan Ziemba reflects on this year's Women in Manufacturing summit in Chicago. ⬇️ 

#womeninmanufacturing #manufacturingcareers #makeyourmark.",https://www.linkedin.com/feed/update/urn:li:activity:7386404698381115392,Organic,,Cameron Kerkau,10/21/2025,,,All followers,186,729.0,,3,0.016129031777381897,9,2,2,,0.08602150529623032,Video
"Rosie the Riveter visited SME’s Mission Critical Workforce 2030 booth this morning at Manufacturing Technology Series Southeast in Greenville, SC.",https://www.linkedin.com/feed/update/urn:li:activity:7386403494829690881,Organic,,Jake Volcsko,10/21/2025,,,All followers,541,,,26,0.04805915057659149,31,2,3,,0.11460258811712265,
"Tech giant NVIDIA introduced its first Blackwell wafer made in the United States on Friday. The wafer—the base material for semiconductors—was produced at TSMC's manufacturing facility in Phoenix.

SME #semiconductors #chips #AI #artificialintelligence",https://www.linkedin.com/feed/update/urn:li:activity:7386123414484348929,Organic,,Cary Gitter,10/20/2025,,,All followers,187,,,0,0.0,1,0,0,,0.005347593687474728,
"Want a peek at the process control covers at Sandvik Coromant’s Mebane production facility?  🤔Smart Shop Essentials offers a range of case studies that let you in on the good stuff. Learn more here!

https://lnkd.in/gvEa3vxS 

#Industry40 #AdvancedManufacturing #SmartManufacturing #ManufacturingProcess",https://www.linkedin.com/feed/update/urn:li:activity:7386089043073122304,Organic,,Grady C.,10/20/2025,,,All followers,132,,,0,0.0,1,0,1,,0.01515151560306549,
"Daniel Ayoub’s ambition is endless, and it often leads him to look up.

He was instrumental on a team that spent 70 days in Antarctica preparing for the launch of NASA - National Aeronautics and Space Administration’s GUSTO mission. Spending 57 days and seven hours in flight, that mission broke the record for the longest flight time by a heavy-lift, long-duration scientific balloon.

Now, Daniel is working on the Dragonfly mission to put a robotic dual-quadcopter on Titan, the largest of Saturn’s 274 moons.

Read more about SME 30 Under 30 Honoree Daniel Ayoub: 

https://lnkd.in/gD_Mqy85",https://www.linkedin.com/feed/update/urn:li:activity:7386070504383754240,Organic,,Cameron Kerkau,10/20/2025,,,All followers,474,,,6,0.012658228166401386,15,2,1,,0.050632912665605545,
"Innovation is coming to the SOUTHEAST!

 We will be in #Greenville, SC for Manufacturing Technology Series SOUTHEAST, connecting with the people and technologies driving manufacturing forward.
 See you October 21–23 👋

#SOUTHTEC2025 #AdvancedManufacturing #SMEMedia",https://www.linkedin.com/feed/update/urn:li:activity:7386041851583320067,Organic,,Simran Saini,10/20/2025,,,All followers,179,,,8,0.044692736119031906,3,0,1,,0.0670391097664833,
"The Machinist Training Institute at Focus: HOPE in Detroit has been preparing students for ""family-sustaining careers"" in advanced manufacturing since 1981.

SME Tooling U-SME AAM - American Axle & Manufacturing #workforcedevelopment",https://www.linkedin.com/feed/update/urn:li:activity:7385034433973760000,Organic,,Cary Gitter,10/17/2025,,,All followers,451,,,0,0.0,6,0,2,,0.017738359048962593,
"Orders for new metalworking machinery soared in August to more than $529 million, according to the latest U.S. Manufacturing Technology Orders Report published by AMT - The Association For Manufacturing Technology.

SME #machineorders #manufacturing",https://www.linkedin.com/feed/update/urn:li:activity:7385022283050000384,Organic,,Cary Gitter,10/17/2025,,,All followers,244,,,0,0.0,5,0,0,,0.02049180306494236,
"Clare Severance has helped build a rocket from the ground up. 

As senior manufacturing #engineer at Relativity Space, she has been involved with the Terran R next-generation launch vehicle since the program began. Her work at Relativity Space has spanned both #supplychain and #manufacturing, and she has helped shape company culture through activities such as founding the Pride Employee Resource Group.

Read more about SME 30 Under 30 Honoree Clare Severance: https://lnkd.in/gfK-Ynrd",https://www.linkedin.com/feed/update/urn:li:activity:7385006454627364864,Organic,,Cameron Kerkau,10/17/2025,,,All followers,12686,,,109,0.008592149242758751,91,5,0,,0.0161595456302166,
"Billy Bogue... MBA of Matsuura Machinery USA, Inc. discusses how the company’s five-axis automation and Japanese craftsmanship enable true lights-out manufacturing — 24/7 productivity without compromise.

 #Manufacturing #Automation #FiveAxis #CNCmachining #PrecisionEngineering",https://www.linkedin.com/feed/update/urn:li:activity:7384942992366661632,Organic,,Craig Veltri,10/17/2025,,,All followers,2027,1305.0,,58,0.02861371450126171,40,0,7,,0.0518006905913353,Video
"Need a quick primer on the unfamiliar terminology and acronyms related to Industry 4.0 and its advanced technologies? Here's a short introduction to some of the most common jargon, along with links to additional, more in-depth definitions.

➡️ https://lnkd.in/gXxiZ7iY

#Industry40 #AdvancedManufacturing #SmartManufacturing #DigitalTransformation",https://www.linkedin.com/feed/update/urn:li:activity:7384671580771012609,Organic,,Grady C.,10/16/2025,,,All followers,205,,,2,0.009756097570061684,1,0,0,,0.014634146355092525,
"Uday Kiran Balaga is eager to build on his numerous successes—both on the research front and in real-world applications.

His academic prowess spans three continents, including a bachelor’s degree in mechanical engineering from Jawaharlal Nehru Technological University in India, a master’s in materials engineering from Germany’s Department of Materials Science and Materials Testing, University of Applied Sciences Kaiserslautern and, now, a doctorate from the University of Delaware, which he is currently pursuing at the school’s Center for Composite Materials and Department of Mechanical Engineering.

Read more about SME 30 Under 30 Honoree Uday Kiran Balaga:
https://lnkd.in/g_wGszkJ",https://www.linkedin.com/feed/update/urn:li:activity:7384668666476425217,Organic,,Cameron Kerkau,10/16/2025,,,All followers,274,,,4,0.014598540030419827,8,3,1,,0.058394160121679306,
"Behind the Booth: We stopped by Mitsubishi Materials USA Corp at Manufacturing Technology Series WEST in Anaheim to check out their latest collection of drills — precision, performance, and innovation on full display.

#WESTEC2025 #ManufacturingWeek #SMEMedia #MitsubishiMaterials #AdvancedManufacturing #BehindTheBooth",https://www.linkedin.com/feed/update/urn:li:activity:7384615996713725952,Organic,,Elizabeth Anderson,10/16/2025,,,All followers,545,199.0,,15,0.027522936463356018,19,0,5,,0.07155963033437729,Video
"As a research and development metallurgist at ATI., Carolina Frey produces specialty alloys for use in #aerospace, #medical and #nuclear applications.

In pursuing her PhD, Carolina focused on developing new alloying strategies for niobium, a refractory metal used for structural applications that experience extreme temperatures, such as rocket propulsion.

Read more about SME 30 Under 30 Honoree Carolina Frey: https://lnkd.in/dnfu8AYn",https://www.linkedin.com/feed/update/urn:li:activity:7384603126282051584,Organic,,Cameron Kerkau,10/16/2025,,,All followers,321,,,5,0.015576324425637722,5,0,0,,0.031152648851275444,
"Utilizing Internet of Things (IoT) sensors can help manufacturers drive efficiency and safety, writes Sean Toohey. Check out the article to learn more.

SME #InternetofThings #IoT #smartmanufacturing #automation",https://www.linkedin.com/feed/update/urn:li:activity:7384586205662912513,Organic,,Cary Gitter,10/16/2025,,,All followers,159,,,5,0.03144654259085655,2,0,0,,0.044025156646966934,
"ANCA CNC Machines recently recognized the recipients of this year's Tool of the Year, Tool of the Year - Virtual Tool and Female Machinist of the Year awards.

SME #manufacturingawards #ANCA #ToolOfTheYear

https://lnkd.in/eD7ra_Pm",https://www.linkedin.com/feed/update/urn:li:activity:7384326437354303488,Organic,,Rachael Thomas,10/15/2025,,,All followers,169,,,2,0.011834319680929184,4,0,0,,0.03550295904278755,
"Methods Machine Tools, Inc., a supplier of precision machine tools and automation solutions, has released the newest version of the Sidekick, its latest solution for FANUC RoboDrill automation.

SME #automation #sidekick

https://lnkd.in/eDFH46uP",https://www.linkedin.com/feed/update/urn:li:activity:7384302505977081856,Organic,,Rachael Thomas,10/15/2025,,,All followers,663,,,12,0.018099548295140266,13,0,0,,0.03770739212632179,
"SME Media had a chance to sit down with Victor Reyes, managing director of human capital at Deloitte, to discuss Deloitte's new report on how agentic AI can transform the manufacturing industry. 

SME #manufacturing #AI #artificialintelligence #agenticAI",https://www.linkedin.com/feed/update/urn:li:activity:7384259207962972160,Organic,,Cary Gitter,10/15/2025,,,All followers,594,,,11,0.018518518656492233,12,2,1,,0.04377104341983795,
"At Oak Ridge National Laboratory, Brittany Rodriguez specializes in #CAD design and process development in advanced #manufacturing systems. Her work and research center around additive manufacturing (#AM) techniques with gantry and robotic extrusion systems for thermoplastic-polymer composites in small-scale to large-format AM.

Read more about SME 30 Under 30 Honoree Brittany Rodriguez: https://lnkd.in/dR_Vq9fe",https://www.linkedin.com/feed/update/urn:li:activity:7384247016832516096,Organic,,Cameron Kerkau,10/15/2025,,,All followers,2147,,,64,0.02980903536081314,71,9,6,,0.06986492872238159,
"To improve productivity, shops need to go faster. This means identifying and alleviating bottlenecks—and one of the primary solutions is automating the quoting process, notes Ken Cowan, vice president of Paperless Parts. 

#manufacturingtechnology #automation",https://www.linkedin.com/feed/update/urn:li:activity:7384218380821483520,Organic,,Craig Veltri,10/15/2025,,,All followers,2583,866.0,,112,0.04336043447256088,37,2,3,,0.05962059646844864,Video
"📌Register now: https://lnkd.in/gZUYHKqk

Aluminum isn’t just lightweight—it’s a key driver of sustainability in the next generation of mobility.

Join Marshall Jinlong Wang, Senior Manager, Sustainability Programs at The Aluminum Association, and Andreas Afseth, Technical Director Global Automotive at Constellium, for an exclusive look at how aluminum is helping reduce emissions and improve efficiency in battery electric vehicles (BEVs).

Based on findings from a new Life Cycle Assessment by Sphera and The Aluminum Association, this webinar will uncover how aluminum-optimized designs are shaping a cleaner, more efficient future for EV manufacturing.

#SMEMedia #Sustainability #EVs #ManufacturingInnovation #BatteryElectricVehicles #Lightweighting #CleanEnergy #Aluminum",https://www.linkedin.com/feed/update/urn:li:activity:7383979984366858240,Organic,,Elizabeth Anderson,10/14/2025,,,All followers,1916,,,32,0.016701461747288704,27,1,2,,0.032359082251787186,
"Powered by Siemens' Sinumerik One CNC, Ingersoll Machine Tools' MasterPrint Deployable is an application-specific, portable machine tool that combines high-speed additive manufacturing and five-axis milling.

SME #additivemanufacturing #3Dprinting #machining",https://www.linkedin.com/feed/update/urn:li:activity:7383944663617093634,Organic,,Cary Gitter,10/14/2025,,,All followers,134,,,1,0.007462686393409967,1,0,0,,0.014925372786819935,
"For many shops, “automation” sounds like a huge leap. But the reality? You don’t need to automate everything at once to see results.

In fact, Smart Shop Essentials highlights that the best path forward is targeted automation in the quality room—the place where consistency and accuracy matter most.

🔑 Key benefits of smart automation:

✅ Guided checklists keep operators on track
✅ Automated routines reduce variability across shifts
✅ Real-time dashboards flag issues before they impact delivery

By focusing on automation where it drives the most value, shops can boost efficiency without disrupting day-to-day operations.

📈 The takeaway: Scaling successfully isn’t about doing more—it’s about automating smarter.

🔗 Read the full story in Smart Shop Essentials: https://lnkd.in/gfNXKTVm

#SmartShopEssentials #Automation #ManufacturingInnovation #Scaling #Industry40",https://www.linkedin.com/feed/update/urn:li:activity:7383931919018749952,Organic,,Grady C.,10/14/2025,,,All followers,171,,,1,0.005847953259944916,3,0,2,,0.035087719559669495,
"Not many young #engineers have the opportunity to help save $1 million or more during their first few years of employment. But that’s exactly what Autumn Miller achieved—and she’s already on her way to doing it again.

Read more about SME 30 Under 30 Honoree Autumn Miller:

https://lnkd.in/gtJBBvFP",https://www.linkedin.com/feed/update/urn:li:activity:7383931293949939712,Organic,,Cameron Kerkau,10/14/2025,,,All followers,2345,,,46,0.019616205245256424,32,0,1,,0.03368869796395302,
"Akash Phadatare has a passion for innovation.

Akash is leading efforts in filament winding at Oak Ridge National Laboratory, helping to develop a #hybrid process by combining #AM with conventional filament winding to meet the growing demand for gas storage tanks in the hydrogen industry.

Read more about SME 30 Under 30 Honoree Akash Phadatare:

https://lnkd.in/gikqG_XQ",https://www.linkedin.com/feed/update/urn:li:activity:7383890674733154304,Organic,,Cameron Kerkau,10/14/2025,,,All followers,3478,,,178,0.051178839057683945,87,18,0,,0.08136860281229019,
"One of the biggest opportunities for generative AI to help manufacturers is in scheduling, Luis Solano, customer engineering manufacturing lead at Google, explains at the Manufacturing Technology Series WEST in Anaheim.

#manufacturing #supplychain #factoryautomation",https://www.linkedin.com/feed/update/urn:li:activity:7383852966505791488,Organic,,Craig Veltri,10/14/2025,,,All followers,259,146.0,,2,0.0077220075763762,6,1,1,,0.03861003741621971,Video
"Olivier Thenoz, Hexagon Manufacturing Intelligence’s product manager for CAM solutions, shares his insights about how AI and other emerging technologies can benefit traditional manufacturing systems. 

#ai #manufacturingindustry #automation #digitaltransformation",https://www.linkedin.com/feed/update/urn:li:activity:7383576408327090176,Organic,,Craig Veltri,10/13/2025,,,All followers,900,1261.0,,25,0.02777777798473835,35,1,7,,0.07555555552244186,Video
"Arina Poggioli wants to see more women pursuing #manufacturing careers.

A manufacturing engineer at Boeing's Salt Lake City facility, Arina specializes in high-rate production systems utilizing five-axis tight tolerance machining. Her projects at Boeing have optimized manufacturing layouts and led to #leanimplementation.

Read more about SME 30 Under 30 Honoree Arina Poggioli:

https://lnkd.in/gVQfANaH",https://www.linkedin.com/feed/update/urn:li:activity:7383559149822861312,Organic,,Cameron Kerkau,10/13/2025,,,All followers,1995,,,55,0.027568921446800232,48,3,2,,0.054135337471961975,
"Akash Deep is driven by a passion for using data to make things better.

As an assistant professor at OSU Industrial Engineering and Management, Akash is especially excited about what he calls the accelerating and irreversible convergence of #AI, #IoT and smart systems within the #manufacturing landscape.

Read more about SME 30 Under 30 Honoree Akash Deep: https://lnkd.in/gGkqDdUg",https://www.linkedin.com/feed/update/urn:li:activity:7383519383471636483,Organic,,Cameron Kerkau,10/13/2025,,,All followers,5331,,,346,0.0649033933877945,139,8,1,,0.09266553819179535,
"The U.S. Coast Guard will acquire up to 11 icebreaker ships to help bolster national security in the Arctic, according to a memorandum of understanding signed on Thursday by U.S. President Donald Trump and Finnish President Alexander Stubb.

SME #shipbuilding #Finland #Arctic #nationalsecurity",https://www.linkedin.com/feed/update/urn:li:activity:7382493693301161984,Organic,,Cary Gitter,10/10/2025,,,All followers,211,,,2,0.009478673338890076,2,0,0,,0.01895734667778015,
"Paul Boris explains how the right system architecture and tools can remove risk, accelerate innovation, and redeploy expert talent away from mundane tasks toward high-value engineering and creative work. He highlights the balance between deterministic precision and generative intelligence, and why choosing the right tool for the right job is critical.

#automation #futureofwork #smartmanufacturing #automatedsolutions",https://www.linkedin.com/feed/update/urn:li:activity:7382493379168866304,Organic,,Craig Veltri,10/10/2025,,,All followers,212,70.0,,5,0.02358490601181984,5,0,1,,0.05188679322600365,Video
"From first-day excitement to the final handshake – Manufacturing Technology Series WEST brought the industry together like only manufacturing can. Until next time, Anaheim! 👋🏼

#MTSeries #MTSeriesWEST #Manufacturing #Innovation #SMEMedia #MET2025",https://www.linkedin.com/feed/update/urn:li:activity:7382408599920136192,Organic,,Elizabeth Anderson,10/10/2025,,,All followers,224,57.0,,14,0.0625,8,0,0,,0.0982142835855484,Video
"It was a successful event for attendees and exhibitors such as Jack Burley, president/CEO of BIG Daishowa, which launched a new product and showcased many more during the Manufacturing Technology Series WEST in Anaheim, Calif. Burley shares his views on the industry with SME Media Editor-in-Chief Steve Plumb. #WESTEC2025 #AdvancedManufacturing",https://www.linkedin.com/feed/update/urn:li:activity:7382188132743630849,Organic,,Craig Veltri,10/09/2025,,,All followers,301,97.0,,14,0.04651162773370743,9,2,0,,0.0830564796924591,Video
"Susan Murray Carlock, executive vice president/co-owner of Mursix Corporation and Murray Mentor Inc. shares how her family’s manufacturing company in East Central Indiana is tackling one of the industry’s biggest challenges: the loss of tribal knowledge as seasoned workers retire.
By capturing and leveraging decades of expertise through AI-driven solutions, Murray Mentor is already delivering quick wins — from reduced machine downtime to improved collaboration on the shop floor.
If you are in manufacturing and want to remain competitive in the face of workforce challenges, this story will inspire your own journey.

#manufacturingindustry #advancedmanufacturing #workforce",https://www.linkedin.com/feed/update/urn:li:activity:7382173982076071936,Organic,,Craig Veltri,10/09/2025,,,All followers,277,244.0,,17,0.06137184053659439,12,2,3,,0.12274368107318878,Video
"Switzerland-based ABB Group is selling its robotics division to Japan’s SoftBank Group Corp. for $5.4 billion.

SME #robotics #artificialintelligence #merger",https://www.linkedin.com/feed/update/urn:li:activity:7382133460842229760,Organic,,Cary Gitter,10/09/2025,,,All followers,244,,,3,0.012295082211494446,1,0,0,,0.016393441706895828,
"The latest in #forklifts, smart #storage, #automation systems and facility #logistics was on display at Andersen Material Handling’s Eastern Michigan Open House, held in Walled Lake on Oct. 1.

SME The Raymond Corporation Urbx Integrated Systems Design (ISD) Kardex Jarrod Hubbard",https://www.linkedin.com/feed/update/urn:li:activity:7382086316651372545,Organic,,Cary Gitter,10/09/2025,,,All followers,518,,,11,0.021235521882772446,7,0,2,,0.03861003741621971,
"TRUMPF has developed new laser applications for adhesive and coating preparation in battery production and for corrosion protection of aluminum components.

SME #lasers #electriccars #batteries #automotive",https://www.linkedin.com/feed/update/urn:li:activity:7382078394185953280,Organic,,Cary Gitter,10/09/2025,,,All followers,166,,,1,0.0060240961611270905,2,0,0,,0.01807228848338127,
"Accuris has announced that Kevin Williams has joined the company as chief revenue officer.

SME #engineering #engineeringintelligence",https://www.linkedin.com/feed/update/urn:li:activity:7382070114877317120,Organic,,Cary Gitter,10/09/2025,,,All followers,778,,,28,0.03598971664905548,7,0,0,,0.04498714581131935,
"Sarah Christopher Falk, MAOM has been coming to what is now known as the Manufacturing Technology Series WEST since she was about 12 years old as part of the company her grandfather started in 1962. Now as Scientific Cutting Tools’ director of marketing, she shares some the latest innovations the company is introducing at this year’s show in Anaheim, Calif. Check out her conversation with Steve Plumb, SME Media’s chief editor. #WESTEC2025 
#AdvancedManufacturing
",https://www.linkedin.com/feed/update/urn:li:activity:7381858501792342016,Organic,,Craig Veltri,10/09/2025,,,All followers,531,379.0,,30,0.05649717524647713,15,4,3,,0.09792843461036682,Video
"Jamie Goettler talks about the primary concerns of manufacturing businesses—competitiveness, throughput and productivity amid the skills gap—and shows how technology solutions like automation, robotics, AI, and workforce training can help companies thrive. He shares his insights from the front lines, connecting real challenges to practical tech-driven outcomes.

#automation #robotics #advancedmanufacturing #innovation",https://www.linkedin.com/feed/update/urn:li:activity:7381807119852912641,Organic,,Craig Veltri,10/08/2025,,,All followers,3345,1800.0,,221,0.06606876105070114,93,4,6,,0.09686098992824554,Video
"Day 1 at Manufacturing Technology Series WEST is in the books! We saw some incredible tech, met brilliant minds, and hit our daily step count before noon.

Bring on Day 2. 👊🏼🦾

#MTSeriesWEST #SMEMedia #Manufacturing #Innovation #MET2025",https://www.linkedin.com/feed/update/urn:li:activity:7381739964780363776,Organic,,Elizabeth Anderson,10/08/2025,,,All followers,435,190.0,,21,0.04827586188912392,18,1,3,,0.09885057806968689,Video
"Day 1 at Manufacturing Technology Series WEST. Where innovation meets possibility. From game-changing demos to powerful conversations, the future of manufacturing is being shaped here in Anaheim. In conversation with WILL HEALY III global industry manager - fabricated metals 
Teradyne. Stay tuned the best is yet to come! #WESTEC2025 #AdvancedManufacturing",https://www.linkedin.com/feed/update/urn:li:activity:7381496692874903552,Organic,,Craig Veltri,10/08/2025,,,All followers,463,354.0,,30,0.06479481607675552,18,1,3,,0.11231101304292679,Video
"In 2025, ""manufacturers were able to demonstrate remarkable resilience in the face of significant change, capitalizing on opportunities even as challenges felt overwhelming,"" writes BDO USA's Bill Pellino.

SME #MFGDay #ManufacturingDay #ManufacturingWeek #ManufacturingMonth",https://www.linkedin.com/feed/update/urn:li:activity:7381397764280111104,Organic,,Cary Gitter,10/07/2025,,,All followers,204,,,5,0.02450980432331562,1,0,0,,0.029411764815449715,
"💡 Pro Tip: Calibration doesn’t require a huge investment. Start with just one machine and build from there.

Even small steps toward calibration can deliver big results—shorter setup times, fewer scraps, and better first-pass yield. Over time, that consistency builds trust in your machines, your process, and your team.
Ready to see how small investments in calibration can unlock smarter manufacturing?

🔗 Read more in Smart Shop Essentials: https://lnkd.in/gfNXKTVm

#SmartManufacturing #Calibration #ProcessImprovement #LeanManufacturing",https://www.linkedin.com/feed/update/urn:li:activity:7381395504074543106,Organic,,Grady C.,10/07/2025,,,All followers,251,,,2,0.007968127727508545,4,0,0,,0.023904383182525635,
"The floor is open! sme media is excited to start Day 1 of Manufacturing Technology Series West and see the future of manufacturing in action👊 

#manufacturingweek #manufaturingtechnologyserieswest",https://www.linkedin.com/feed/update/urn:li:activity:7381372374048468994,Organic,,Simran Saini,10/07/2025,,,All followers,495,,,111,0.2242424190044403,17,0,3,,0.2646464705467224,
"The latest episode of Advanced Manufacturing Now tackles one of the most urgent issues facing U.S. manufacturing today.

Jeannine Kunz, CEO of SME, is joined by Erica Holloway Logan, workforce development director of the U.S. Navy’s Maritime Industrial Base Program, and Joe Barto, program leader of the US Navy Talent Pipeline Program.

Together, they dive deep into the ever-growing talent gap. Listen now:

https://lnkd.in/gZFWJQxX

#manufacturing #talentgap #manufacturingmonth #navy",https://www.linkedin.com/feed/update/urn:li:activity:7381363657361776641,Organic,,Cameron Kerkau,10/07/2025,,,All followers,276,,,4,0.014492753893136978,10,2,3,,0.06884057819843292,
"STLE - Society of Tribologists and Lubrication Engineers has announced the release of its new free digital special report, ""Tribological Challenges of a Return to the Moon.""

SME #tribology #lubrication #moon #aerospace #worldspaceweek",https://www.linkedin.com/feed/update/urn:li:activity:7381335202192789504,Organic,,Cary Gitter,10/07/2025,,,All followers,624,,,12,0.01923076994717121,7,1,0,,0.03205128386616707,
"""MFG Day is much more than an open house—it’s an open invitation to see what’s possible, learn what’s next and discover the future of manufacturing,"" says SME Media Contributing Editor Kip Hanson.

SME #MFGDay #ManufacturingDay #ManufacturingWeek #ManufacturingMonth #workforcedevelopment",https://www.linkedin.com/feed/update/urn:li:activity:7381038042553393152,Organic,,Cary Gitter,10/06/2025,,,All followers,318,,,4,0.012578615918755531,10,0,0,,0.044025156646966934,
"Manufacturing Week may celebrate the people and technologies driving industry forward — and there’s no better place to see that innovation in action than at WESTEC 2025.

From October 7-9, we’ll be in Anaheim, connecting with the minds shaping the future of manufacturing. See you there 👋

#WESTEC2025 #ManufacturingWeek #SMEMedia #ManufacturingTechnologySeries #AdvancedManufacturing #MadeInAmerica #ManufacturingInnovation",https://www.linkedin.com/feed/update/urn:li:activity:7380994395514462208,Organic,,Elizabeth Anderson,10/06/2025,,,All followers,287,,,7,0.024390242993831635,12,0,3,,0.07665505260229111,
"""Manufacturing Week is a perfect opportunity to spotlight how AI is reshaping the industry, inspiring the next generation to see manufacturing not as outdated, but as an exciting frontier where technology and creativity meet,"" notes Configit Chief Product and Technology Officer Damantha Boteju.

SME #MFGDay #ManufacturingDay #ManufacturingWeek #ManufacturingMonth #artificialintelligence",https://www.linkedin.com/feed/update/urn:li:activity:7379936044122750976,Organic,,Cary Gitter,10/03/2025,,,All followers,179,,,0,0.0,1,0,0,,0.005586592014878988,
"Happy Manufacturing Day! 

What does the #manufacturing #industry mean to Meaghan Ziemba? It's where ideas meet machines and turn into something you can hold. For her, manufacturing means community.

What does the manufacturing industry mean to you? Share your story with us!",https://www.linkedin.com/feed/update/urn:li:activity:7379932454012461056,Organic,,Cameron Kerkau,10/03/2025,,,All followers,1372,531.0,,73,0.053206998854875565,42,2,2,,0.08673469722270966,Video
"Turns out it’s not World Smile Day, Techies Day, or just another Friday. It’s Manufacturing Day—kicking off Manufacturing Week and honoring the people, technologies, and innovations driving our industry forward 👊

#ManufacturingDay #Innovation #SMEMedia #AdvancedManufacturing #ManufacturingIndustry #MFGDay25",https://www.linkedin.com/feed/update/urn:li:activity:7379896767573708800,Organic,,Elizabeth Anderson,10/03/2025,,,All followers,1007,578.0,,62,0.06156901642680168,31,9,7,,0.10824230313301086,Video
"""As we observe Manufacturing Day, it’s important to recognize that meeting AI’s rising power and manufacturing needs relies on a diverse and highly skilled workforce,"" says Mission Critical Group CEO Jeff Drees.

SME #MFGDay #ManufacturingDay #ManufacturingWeek #ManufacturingMonth #artificialintelligence #workforce",https://www.linkedin.com/feed/update/urn:li:activity:7379892528365350913,Organic,,Cary Gitter,10/03/2025,,,All followers,82,,,0,0.0,0,0,0,,0.0,
"""At Trivium Packaging, we see Manufacturing Month as a chance to reflect on the yesterday, today and tomorrow of our industry,"" writes CEO Michael Mapes.

SME #ManufacturingDay #ManufacturingWeek #ManufacturingMonth #MFGDay",https://www.linkedin.com/feed/update/urn:li:activity:7379886771318321152,Organic,,Cary Gitter,10/03/2025,,,All followers,218,,,4,0.01834862306714058,4,1,0,,0.04128440469503403,
"Chirag Parikh, certifications specialist at Amazon Web Services (AWS), lays out the dos and don'ts of building a strong global compliance strategy.

SME #compliance #safety #standards #testing",https://www.linkedin.com/feed/update/urn:li:activity:7379880405828755456,Organic,,Cary Gitter,10/03/2025,,,All followers,116,,,0,0.0,1,0,0,,0.008620689623057842,
"Sandvik Coromant has introduced GC1220, its latest indexable milling insert grade for nodular cast iron.

SME #cuttingtools #tooling #milling #machining",https://www.linkedin.com/feed/update/urn:li:activity:7379609318066749440,Organic,,Cary Gitter,10/02/2025,,,All followers,191,,,4,0.020942408591508865,3,0,0,,0.03664921596646309,
"EXAIR's new Ultra Duty Line Vac is designed to move abrasive materials such as peat, sand, glass, powders and other fine media commonly found in blasting, grinding and finishing operations.

SME #manufacturing #compressedair",https://www.linkedin.com/feed/update/urn:li:activity:7379602886118453248,Organic,,Cary Gitter,10/02/2025,,,All followers,142,,,0,0.0,2,0,0,,0.014084506779909134,
"The U.S. manufacturing sector experienced its seventh straight month of contraction in September, according to the ISM Manufacturing PMI Report, released Oct. 1 by the Institute for Supply Management.

SME #manufacturingsector #manufacturingeconomy",https://www.linkedin.com/feed/update/urn:li:activity:7379577007694671872,Organic,,Cary Gitter,10/02/2025,,,All followers,184,,,1,0.005434782709926367,2,1,0,,0.021739130839705467,
"Accuris has announced the appointment of Martin Collinson as chief partnership officer.

SME #engineering #standards",https://www.linkedin.com/feed/update/urn:li:activity:7379568560442036225,Organic,,Cary Gitter,10/02/2025,,,All followers,125,,,0,0.0,1,0,0,,0.00800000037997961,
"Inspection doesn’t have to be the choke point in your shop. A growing number of manufacturers are moving CMMs out of the lab and onto the floor, freeing inspectors to focus on high-value tasks and giving machinists real-time visibility.
The benefits?

✅ Faster part checks
✅ Reduced machine idle time
✅ Fewer back-and-forth trips to QC
✅ Greater ownership on the shop floor

With today’s compact, shop-hardened CMMs and user-friendly software, quality control becomes faster, clearer, and more collaborative—no more finger-pointing.

🔗 Read the full article in Smart Shop Essentials: https://lnkd.in/gfNXKTVm

#CMM #QualityControl #ShopFloorEfficiency #SmartShopEssentials",https://www.linkedin.com/feed/update/urn:li:activity:7379563215107608576,Organic,,Grady C.,10/02/2025,,,All followers,326,,,9,0.02760736271739006,9,2,2,,0.06748466193675995,
"Axine Water Technologies has announced the appointment of Andrew Mrasek as chief revenue officer.

SME #water #wastewater #contaminanttreatment",https://www.linkedin.com/feed/update/urn:li:activity:7379557517443526657,Organic,,Cary Gitter,10/02/2025,,,All followers,97,,,0,0.0,1,0,0,,0.010309278033673763,
"SME Media sat down with Jarrod Hubbard, executive vice president of sales and marketing at Andersen Material Handling, who shared an overview of the company and what it's showcasing at its Eastern Michigan Open House in Walled Lake. 

SME The Raymond Corporation Kardex Integrated Systems Design (ISD) #materialhandling #forklifts #automation #logistics",https://www.linkedin.com/feed/update/urn:li:activity:7379239181623087104,Organic,,Cary Gitter,10/01/2025,,,All followers,408,1346.0,,37,0.09068627655506134,15,1,2,,0.1348039209842682,Video
The Canadian #manufacturing sector is converging in Toronto this week at Canadian Manufacturing Technology Show - CMTS and we're on the floor speaking with thought leaders on everything from #additive implementation to #trade uncertainty. Follow SME Media and stay tuned for exclusive interviews and executive perspectives from the show.,https://www.linkedin.com/feed/update/urn:li:activity:7379221069498343424,Organic,,Cameron Kerkau,10/01/2025,,,All followers,427,,,90,0.2107728272676468,15,1,1,,0.2505854666233063,
"Craig Stafford, vice president of the Kardex Remstar division at Andersen Material Handling, demonstrates a vertical lift module for automated storage. 

SME #materialhandling #storage #verticalstorage #automation",https://www.linkedin.com/feed/update/urn:li:activity:7379213760613318657,Organic,,Cary Gitter,10/01/2025,,,All followers,8711,3772.0,,258,0.02961772494018078,96,0,8,,0.04155665263533592,Video
"Eric Hook, custom care director at Andersen Material Handling, demonstrates The Raymond Corporation's Virtual Reality Simulator, used to help train forklift operators. 

SME #materialhandling #forklifts #virtualreality",https://www.linkedin.com/feed/update/urn:li:activity:7379208481771401216,Organic,,Cary Gitter,10/01/2025,,,All followers,1683,852.0,,73,0.0433749258518219,42,0,4,,0.07070706784725189,Video
"SME Media is at Andersen Material Handling's Eastern Michigan Open House at the Power Center in Walled Lake—an interactive showcase spotlighting the latest in forklifts, smart storage, automation systems and facility logistics.

SME The Raymond Corporation Integrated Systems Design (ISD) Kardex #materialhandling #forklifts #automation #logistics",https://www.linkedin.com/feed/update/urn:li:activity:7379203723174223873,Organic,,Cary Gitter,10/01/2025,,,All followers,587,,,327,0.5570698380470276,12,1,3,,0.5843271017074585,
"National Manufacturing Week (Oct. 3–10) celebrates manufacturers, advanced technologies, and the people shaping the future of American innovation.

To mark the occasion, SME Media is launching a Manufacturing Week Giveaway. Participants can enter for a chance to win a Creality K1 SE 3D Printer or $50 SME Store credit.

📅 Deadline to enter: October 20, 12 PM EST
 Winners will be notified on October 22nd

Join us in celebrating the industry and enter the giveaway here: https://lnkd.in/g-FuZPbe ",https://www.linkedin.com/feed/update/urn:li:activity:7379185514643390464,Organic,,Elizabeth Anderson,10/01/2025,,,All followers,368,,,21,0.057065218687057495,9,1,4,,0.09510869532823563,
"We are excited to recognize this year’s 30 Under 30 honorees, a remarkable group of young professionals who are making their mark in manufacturing.

Congratulations to all of the 2025 honorees on this well-earned achievement!
",https://www.linkedin.com/feed/update/urn:li:activity:7379184027573985280,Organic,,Simran Saini,10/01/2025,,,All followers,102,,,3,0.029411764815449715,0,0,0,,0.029411764815449715,
"Barry-Wehmiller, the global supplier of industrial and packaging automation, professional services, and life sciences technology, today announced that Kyle Chapman will assume the role of CEO.

SME #automation #packaging #lifesciences",https://www.linkedin.com/feed/update/urn:li:activity:7378876964360617984,Organic,,Cary Gitter,09/30/2025,,,All followers,154,,,1,0.006493506487458944,1,0,0,,0.012987012974917889,
"""While October’s Manufacturing Day (MFG Day) remains a marquee moment, we believe the spirit of MFG Day should be celebrated every single day,"" writes Toni Neary, SME's director of community engagement and workforce innovation.

#MFGDay #ManufacturingDay #workforcedevelopment",https://www.linkedin.com/feed/update/urn:li:activity:7378836173265276928,Organic,,Cary Gitter,09/30/2025,,,All followers,157,,,2,0.012738853693008423,3,0,0,,0.03184713423252106,
"Criteria Corp's 2025-2026 Hiring Benchmark Report reveals both challenges and potential in today's hiring landscape, including the use of AI—by both managers and candidates—in the hiring process, Gen Z's readiness for the workforce and more. 

SME Media spoke with Criteria's founder and CEO Josh Millet to learn more about the report and what these findings mean for the manufacturing industry. 

SME #hiring #AI #GenZ

https://lnkd.in/gds7fNfd",https://www.linkedin.com/feed/update/urn:li:activity:7378819312205279233,Organic,,Rachael Thomas,09/30/2025,,,All followers,160,,,7,0.04374999925494194,3,0,1,,0.06875000149011612,
"Solid carbide, indexable, or modular tooling—machine shops have more options than ever. But which delivers the best performance and value?

This month’s MET feature dives into the evolving world of cutting tools and why focusing on cost per part could transform your shop.

🔗 Read the full story here: https://lnkd.in/gJTqmhmU

By Kip Hanson
Photos provided by Iscar USA, Kennametal, Sandvik Coromant, & Seco Tools

#Manufacturing #Machining #Tooling #AdvancedManufacturing #MET2025 #SMEMedia",https://www.linkedin.com/feed/update/urn:li:activity:7378807062954348545,Organic,,Elizabeth Anderson,09/30/2025,,,All followers,2043,,,139,0.06803719699382782,13,0,2,,0.07537934184074402,
"Stratasys officially opened its new North American Stratasys Tooling Center of Excellence, located within AUTOMATION INTELLIGENCE LLC’s facility in Flint, Mich., on Sept. 23.

SME Fadi Abro Jeff McGarry #3Dprinting #additivemanufacturing ",https://www.linkedin.com/feed/update/urn:li:activity:7378797225184915456,Organic,,Cary Gitter,09/30/2025,,,All followers,499,,,8,0.016032064333558083,18,0,0,,0.05210420861840248,
"Great commentary from SME CEO Jeannine Kunz about how Michigan has evolved its manufacturing base to become the new arsenal of democracy with leadership from thousands of innovative companies and a highly skilled workforce, as well as Michigan Governor Gretchen Whitmer and the Detroit Regional Chamber.   #advancedmanufacturing #arsenalofdemocracy #nationaldefense",https://www.linkedin.com/feed/update/urn:li:activity:7378749836478787584,Organic,,Steve Plumb,09/30/2025,,,All followers,157,,,3,0.019108280539512634,3,0,0,,0.03821656107902527,
"Michigan is once again at the heart of America’s national defense efforts with a new generation of manufacturers and a highly skilled workforce leading the way, SME Executive Director and CEO Jeannine Kunz writes in a new Op-Ed published in Crain's Detroit Business. The state is critical to building the surge capacity the defense industrial base needs to protect the country’s global interests and thwart adversaries. But ongoing success will require even greater collaboration from both traditional defense manufacturers and commercial innovators, she notes. 

#michiganmanufacturing #defenseindustrialbase #nationalsecurity",https://www.linkedin.com/feed/update/urn:li:activity:7378487820363108352,Organic,,Cary Gitter,09/29/2025,,,All followers,265,,,6,0.022641509771347046,8,0,4,,0.06792452931404114,
"To celebrate the production of its 100,000th forklift, Ireland-based manufacturer Combilift has launched a sweepstakes for its Golden Forklift, with all proceeds to benefit UNICEF's Children's Emergency Fund. 

SME #forklift #materialhandling #charity",https://www.linkedin.com/feed/update/urn:li:activity:7378458700296081409,Organic,,Cary Gitter,09/29/2025,,,All followers,518,,,3,0.005791505798697472,2,1,0,,0.011583011597394943,
"The U.S. Small Business Administration (SBA) has awarded $1.1 million to support small manufacturers in the SBA’s Empower to Grow program.

SME #smallmanufacturers #USmanufacturing #smallbusiness #madeinamerica",https://www.linkedin.com/feed/update/urn:li:activity:7378450530383294464,Organic,,Cary Gitter,09/29/2025,,,All followers,146,,,3,0.02054794505238533,2,0,0,,0.034246575087308884,
"🔗 Register here: https://lnkd.in/gUejdjw9 

From aerospace to oil & gas to medical, complex parts demand smarter machining strategies.

Join Scott Walrath, Business Development Manager at CERATIZIT, for a free webinar diving into advanced milling techniques—Trochoidal Milling, High Efficiency Milling, helical interpolation, ramping, and full slot milling. Learn how to extend tool life, improve productivity, and ensure a sustainable supply chain from raw materials to finished end mills.

Heading to SOUTHEC (Oct 21–23) or HOUSTEX (Nov 4–6)? Meet Scott in person and bring your toughest solid carbide milling challenges.

#SMEMedia #MachiningStrategies #ManufacturingInnovation #CNC #AerospaceManufacturing #OilAndGas #MedicalManufacturing",https://www.linkedin.com/feed/update/urn:li:activity:7377399754273583105,Organic,,Elizabeth Anderson,09/26/2025,,,All followers,309,,,5,0.016181230545043945,7,0,1,,0.04207119718194008,
"ABB Robotics has supplemented its RobotStudio Suite with the new RobotStudio AI Assistant, driven by generative AI.

SME #robotics #AI #artificialintelligence #generativeAI",https://www.linkedin.com/feed/update/urn:li:activity:7377393216704167936,Organic,,Cary Gitter,09/26/2025,,,All followers,110,,,0,0.0,3,0,0,,0.027272727340459824,
"PolyFlex Products Inc., part of Nefab, is expanding its plastics packaging manufacturing and processing operations with a new 137,000-square-foot facility in McMinnville, Tenn. The facility is designed to enhance thermoforming and extrusion capabilities, supporting increased production efficiency, in-house material processing and sustainability efforts.

SME #plasticspackaging #thermoforming #sustainability #expansion",https://www.linkedin.com/feed/update/urn:li:activity:7377042041979166720,Organic,,Rachael Thomas,09/25/2025,,,All followers,1322,,,20,0.01512859296053648,33,0,3,,0.042360059916973114,
"Your shop needs the right information to make the right offset or swap out a tool to correct the issue. Find out what to look out for in our upcoming edition of Smart Shop Essentials, stay tuned for ""Bypass the Bottleneck"" this October.",https://www.linkedin.com/feed/update/urn:li:activity:7377032568552157184,Organic,,Grady C.,09/25/2025,,,All followers,88,,,0,0.0,2,0,0,,0.022727273404598236,
"Schneider Electric has announced a strategic collaboration with the City of Conroe, Texas, to modernize and expand its water infrastructure.

SME Sophie Borgne #water #automation #sustainability",https://www.linkedin.com/feed/update/urn:li:activity:7376978509321179136,Organic,,Cary Gitter,09/25/2025,,,All followers,97,,,1,0.010309278033673763,2,0,0,,0.030927835032343864,
"Precision is more than a number on a spec sheet. It’s about trust. Trust in your machines, your process, your people.

How do you build trust? Through calibration—not just as a compliance requirement, but as a practical, everyday tool for keeping production on track. More to come in October's edition of Smart Shop Essentials.",https://www.linkedin.com/feed/update/urn:li:activity:7376726858865881088,Organic,,Grady C.,09/24/2025,,,All followers,114,,,1,0.008771929889917374,2,0,0,,0.02631578966975212,
"FUJIFILM Biotechnologies today celebrated the grand opening of its new manufacturing site in Holly Springs, N.C.

SME #biomanufacturing #biopharmaceuticals #lifesciences #northcarolina",https://www.linkedin.com/feed/update/urn:li:activity:7376688948804276224,Organic,,Cary Gitter,09/24/2025,,,All followers,115,,,0,0.0,2,0,0,,0.017391303554177284,
"Our associate editor, Cary Gitter, sits down with SMART Factory Director Kartik Iyer to talk about TRUMPF North America’s innovations and vision at FABTECH Expo 2025 in Chicago. See what’s driving the next era of manufacturing technology.

#FABTECH2025 #TRUMPF #BehindTheBooth #SMEMedia #AdvancedManufacturing",https://www.linkedin.com/feed/update/urn:li:activity:7376673852111716353,Organic,,Elizabeth Anderson,09/24/2025,,,All followers,2320,809.0,,82,0.03534482792019844,32,1,2,,0.050431035459041595,Video
"""Whether you’re running a high-volume line, a job shop or a prototype lab, calibration plays a crucial role in ensuring your equipment performs as intended,"" writes Dan Skulan, head of metrology solutions at Renishaw.

SME #metrology #calibration #machinetools",https://www.linkedin.com/feed/update/urn:li:activity:7376630271158378496,Organic,,Cary Gitter,09/24/2025,,,All followers,218,,,2,0.00917431153357029,4,0,0,,0.027522936463356018,
"Caracol AM, the Italian large-format additive manufacturing company, has cut the ribbon on a 10,000-sq-ft U.S. headquarters and production center in Austin, Texas.

SME #3Dprinting #additivemanufacturing #austintexas",https://www.linkedin.com/feed/update/urn:li:activity:7376606492814352384,Organic,,Cary Gitter,09/24/2025,,,All followers,134,,,0,0.0,2,0,0,,0.014925372786819935,
"A lil’ throwback from a couple weeks ago at FABTECH Expo, where we had the pleasure of talking with FANUC America Corporation and learning about the power of precision with their Flexible Robotic Wet Machining 🤖💦⚙️

#SMEMedia #FANUC #AdvancedManufacturing #Innovation #FABTECH2025",https://www.linkedin.com/feed/update/urn:li:activity:7376318865930317825,Organic,,Elizabeth Anderson,09/23/2025,,,All followers,301,129.0,,12,0.039867110550403595,13,0,0,,0.0830564796924591,Video
"Siemens and several machine tool manufacturers—including GROB Systems, Inc, TRUMPF, CHIRON Group SE, Renishaw and Heller Machine Tools—have formed an alliance that provides for a systematic exchange of engineering, manufacturing and machine data.

SME #machinetools #industrialAI",https://www.linkedin.com/feed/update/urn:li:activity:7376286615930990593,Organic,,Cary Gitter,09/23/2025,,,All followers,246,,,3,0.012195121496915817,4,0,0,,0.028455285355448723,
"Kodiak Robotics Inc. and Roush Industries Inc. have announced that Roush has delivered the first Kodiak Driver-equipped autonomous truck off its production line.

SME #autonomoustrucks #autonomousvehicles #driverlesstrucks",https://www.linkedin.com/feed/update/urn:li:activity:7376277651201835008,Organic,,Cary Gitter,09/23/2025,,,All followers,132,,,2,0.01515151560306549,0,0,0,,0.01515151560306549,
"How do we open more doors to STEM careers? 

Jay Jessen, director of Lawrence Technological University's Marburger STEM Center at LTU and Education Technology Insights' 2025 STEM Director of the Year, joins Advanced Manufacturing Now to explore hands-on education, access and preparing students for the future of work.

Listen now!

SME #STEM #STEMeducation #STEMlearning #workforcedevelopment",https://www.linkedin.com/feed/update/urn:li:activity:7376250634448191488,Organic,,Simran Saini,09/23/2025,,,All followers,867,,,31,0.03575547784566879,10,0,1,,0.04844290763139725,
"GE Aerospace has reached a five-year labor agreement with International Union, UAW at its Evendale, Ohio, and Erlanger, Ken., plants, ending a three-week strike by more than 600 workers.

SME #aerospace #strike #laborunion",https://www.linkedin.com/feed/update/urn:li:activity:7375973434129858561,Organic,,Cary Gitter,09/22/2025,,,All followers,313,,,5,0.015974441543221474,8,0,0,,0.04153354465961456,
"Hypertherm Associates, a manufacturer of industrial cutting systems and software, welcomed shipbuilders to its headquarters in Hanover, N.H., Aug. 26-27.

SME #shipbuilding #industrialcutting #plasmacutting #waterjetcutting",https://www.linkedin.com/feed/update/urn:li:activity:7375947023360954368,Organic,,Cary Gitter,09/22/2025,,,All followers,112,,,3,0.02678571455180645,0,0,0,,0.02678571455180645,
"3D printing at Mayo Clinic isn’t a future vision — it’s happening now.

Jonathan Morris, MD and his team have built one of the nation’s leading point-of-care additive manufacturing labs, producing custom anatomical models and surgical guides that are transforming complex procedures and improving patient outcomes.

Read the full story here: https://lnkd.in/g3Ei6YtY

#Manufacturing #3DPrinting #HealthcareInnovation #AdditiveManufacturing #SMEMedia",https://www.linkedin.com/feed/update/urn:li:activity:7375937011876220928,Organic,,Elizabeth Anderson,09/22/2025,,,All followers,1437,,,327,0.22755740582942963,51,2,4,,0.26722338795661926,
"Desktop Metal, the industrial 3D-printing company, has been acquired out of bankruptcy by New York investment outfit Arc Public Benefit Corp.

SME Bryan Wisk #3Dprinting #additivemanufacturing",https://www.linkedin.com/feed/update/urn:li:activity:7374886646397325313,Organic,,Cary Gitter,09/19/2025,,,All followers,139,,,1,0.007194244768470526,3,0,0,,0.028776979073882103,
"Are two- and four-flute end mills still the norm in your shop? According to experts in the August issue of Smart Shop Essentials, many shops stick with outdated strategies out of habit, training gaps, or fear of change.

💡 The truth: adopting modern milling strategies can unlock big productivity gains—even with the same machines.

🔗 Explore more: https://lnkd.in/gYtZeBzq

#CNCmachining #ManufacturingStrategy #SmartShopEssentials",https://www.linkedin.com/feed/update/urn:li:activity:7374524397518458880,Organic,,Grady C.,09/18/2025,,,All followers,145,,,1,0.006896551698446274,0,0,0,,0.006896551698446274,
"Fives has announced the acquisition of PIETRO CARNAGHI, a manufacturer of machine tools specializing in large-scale machining solutions.

SME #industrialengineering #machinetools #machining",https://www.linkedin.com/feed/update/urn:li:activity:7374515574699167745,Organic,,Cary Gitter,09/18/2025,,,All followers,151,,,3,0.01986755058169365,5,0,0,,0.05298013240098953,
"UNISIG Deep Hole Drilling Systems, a manufacturer of deep-hole drilling machines and automation systems, has promoted Steve Landmann to vice president of sales.

SME #deepholedrilling #automation",https://www.linkedin.com/feed/update/urn:li:activity:7374172208774094850,Organic,,Cary Gitter,09/17/2025,,,All followers,132,,,0,0.0,0,0,0,,0.0,
"viax.io, the no-code modeling software startup, has announced the appointment of Rick Chavie as president and CEO.

SME #software #commerce #startup",https://www.linkedin.com/feed/update/urn:li:activity:7374167328915116032,Organic,,Cary Gitter,09/17/2025,,,All followers,225,,,7,0.031111111864447594,4,0,0,,0.04888888821005821,
"ZeroTouch Metrology, part of the Sandvik Group, has announced the grand opening of its new headquarters in Tualatin, Ore.

SME #metrology #automation #oregon #advancedmanufacturing",https://www.linkedin.com/feed/update/urn:li:activity:7374159178543792128,Organic,,Cary Gitter,09/17/2025,,,All followers,118,,,3,0.025423727929592133,3,0,0,,0.050847455859184265,
A look back at our FABTECH Expo experience and all the innovation on display!,https://www.linkedin.com/feed/update/urn:li:activity:7374142179570626560,Organic,,Simran Saini,09/17/2025,,,All followers,224,,,35,0.15625,10,0,0,,0.2008928507566452,
More cool stuff at FABTECH Expo 2025 in Chicago thanks to Rae Ripple!,https://www.linkedin.com/feed/update/urn:li:activity:7373776898406928384,Organic,,Steve Plumb,09/16/2025,,,All followers,132,,,7,0.05303030461072922,2,0,0,,0.06818182021379471,
Great to see the SME Media team making key contacts on the ground and in space with Schneider Electric and Eileen Collins! Watch for our upcoming Aerospace & Defense Industry Report. #advancedmanufacturing #A&D ,https://www.linkedin.com/feed/update/urn:li:activity:7373775991392956416,Organic,,Steve Plumb,09/16/2025,,,All followers,108,,,1,0.009259259328246117,1,0,0,,0.018518518656492233,
"
🔗 Register here: https://lnkd.in/gxQhCFVt 

Join Scott Anderson, Product Manager at InfluxData, for a deep dive into time series databases and how they turn high-volume, high-velocity industrial data into actionable intelligence.

You’ll learn why time series databases are essential for today’s operations, how to achieve real-time processing at scale, and practical implementation strategies using leading open source technologies like InfluxDB, Apache Arrow, and DataFusion.

See how manufacturers are using these tools to cut costs, optimize performance, and unlock measurable ROI.

#SMEMedia #SmartManufacturing #DataDrivenManufacturing #IndustrialIntelligence #OpenSource",https://www.linkedin.com/feed/update/urn:li:activity:7373728410935726080,Organic,,Elizabeth Anderson,09/16/2025,,,All followers,410,,,7,0.017073171213269234,9,0,0,,0.039024390280246735,
"Dynamic milling and multi-flute tools can supercharge your material removal rate—but they also increase tool pullout risk.

In this month’s Smart Shop Essentials, Kennametal’s Ronald West explains why choosing the right toolholder (hydraulic, shrink-fit, Safe-Lock, or even “down-and-dirty” end mill adapters) is critical for keeping tools secure.

🔗 Learn how to avoid costly pullout: https://lnkd.in/gYtZeBzq

#Toolholders #MachiningTips #CNCmilling #SmartShopEssentials",https://www.linkedin.com/feed/update/urn:li:activity:7373470273519611904,Organic,,Grady C.,09/15/2025,,,All followers,148,,,0,0.0,0,0,0,,0.0,
"Reshoring isn’t just good for the future of U.S. manufacturing; it’s good for business, said Harry Moser, founder of the RESHORING INITIATIVE, at FABTECH Expo. Moser presented the 2025 National Metalworking Reshoring Award to Marlin Steel Wire Products LLC and GE Appliances, a Haier company.

SME Drew Greenblatt Bill Good #FABTECH2025 #reshoring #USmanufacturing",https://www.linkedin.com/feed/update/urn:li:activity:7373447153161121792,Organic,,Cary Gitter,09/15/2025,,,All followers,1189,,,8,0.006728343199938536,7,1,1,,0.01429772935807705,
"Step behind the booth with us at FABTECH Expo as Cincinnati Incorporated Regional Sales Manager, Tyler Cunningham, gives an inside look at their newest manufacturing technologies. See what’s shaping the future of the shop floor!

#FABTECH2025 #BehindTheBooth #CincinnatiInc #SMEMedia #AdvancedManufacturing #ManufacturingInnovation #FutureOfManufacturing",https://www.linkedin.com/feed/update/urn:li:activity:7373444652072386560,Organic,,Elizabeth Anderson,09/15/2025,,,All followers,243,98.0,,12,0.04938271641731262,11,0,0,,0.09465020895004272,Video
"Imagine pulling into your work parking spot and leaving your vehicle in a shaded carport topped by solar panels that generate electricity for the lights and equipment inside the building.

Since 2023, that’s what workers at a First Solar USA production facility in Ohio have done.

Why should other companies follow First Solar’s lead? 

As Helena Jochberger of CGI puts it, renewable energy not only reduces their carbon footprint and aligns them closer with ESG commitments and regulations, but empowers companies to boost energy independence and resilience over a long period of time.""

#Sustainability #SolarEnergy #Manufacturing #ESG #CleanEnergy 

https://lnkd.in/gyZTBHWA",https://www.linkedin.com/feed/update/urn:li:activity:7373439098893565952,Organic,,Cameron Kerkau,09/15/2025,,,All followers,132,,,1,0.007575757801532745,4,0,0,,0.03787878900766373,
"Weighing your tool holder options? Unfortunately, there’s no one-size-fits-all answer. 

Smart Shop Essentials organizes your options into a “good, better, and best” structure, so you don’t have to deal with that decision fatigue.
Dive into the topic 

➡️https://lnkd.in/gYtZeBzq 


#SmartManufacturing #Industry40 #Manufacturing #ManufacturingTips #SME #ManufacturingTools ",https://www.linkedin.com/feed/update/urn:li:activity:7372348592910553088,Organic,,Grady C.,09/12/2025,,,All followers,169,49.0,,1,0.005917159840464592,3,0,0,,0.023668639361858368,Video
"Acton, Mass.-based Wintriss Controls Group, LLC debuted two new products at FABTECH Expo: the WPC APEX clutch/brake control and the Shadow 10 light curtain.

SME #FABTECH2025 #metalstamping #metalforming",https://www.linkedin.com/feed/update/urn:li:activity:7372251669947953152,Organic,,Cary Gitter,09/12/2025,,,All followers,166,,,2,0.012048192322254181,5,0,1,,0.048192769289016724,
"At FABTECH Expo, TRUMPF Inc. introduced a redesigned version of its TruBend 3000 bending-machine series for the North American market.

SME #bendingmachine #FABTECH2025",https://www.linkedin.com/feed/update/urn:li:activity:7372241577844359168,Organic,,Cary Gitter,09/12/2025,,,All followers,134,,,4,0.02985074557363987,2,0,0,,0.04477611929178238,
"We stopped by KUKA's booth at #FABTECH2025 for a LIVE demonstration from Matthew Bolger, VP of sales. 

#automation #fabrication",https://www.linkedin.com/feed/update/urn:li:activity:7371992243840278529,Organic,,Cameron Kerkau,09/11/2025,,,All followers,211,78.0,,14,0.06635071337223053,11,0,0,,0.11848340928554535,Video
"Harry Moser, founder of the RESHORING INITIATIVE, and Associate Editor Cary Gitter talk about workforce development, automation, tariffs, bringing jobs back to the U.S. and all things FABTECH related on the final day of this year's show in 2025.

FABTECH Expo #FABTECH2025 #SMEMedia #Chicago #ManufacturingEngineering #Innovation",https://www.linkedin.com/feed/update/urn:li:activity:7371984459081940992,Organic,,Craig Veltri,09/11/2025,,,All followers,268,93.0,,8,0.02985074557363987,8,1,1,,0.06716418266296387,Video
"On this day of remembrance, we honor the heroes and lives lost on 9/11.

At FABTECH Expo, Cincinnati Incorporated demonstrated the strength of American manufacturing with this meaningful laser-cut tribute.

#NeverForget #911Anniversary #SMEMedia #FABTECH2025",https://www.linkedin.com/feed/update/urn:li:activity:7371935212882210818,Organic,,Elizabeth Anderson,09/11/2025,,,All followers,171,,,4,0.023391813039779663,9,0,0,,0.0760233923792839,
"Greg Jones, SME’s director of strategic programs and partnerships (Tooling U-SME) and SME Media Editor-in-Chief Steve Plumb review the first day of FABTECH Expo 2025 in Chicago along and SME’s Mission Critical initiative. 

#FABTECH2025 #SMEMedia #Chicago #ManufacturingEngineering #Innovation #SME",https://www.linkedin.com/feed/update/urn:li:activity:7371906012028755968,Organic,,Craig Veltri,09/11/2025,,,All followers,232,96.0,,14,0.06034482643008232,11,0,0,,0.10775861889123917,Video
"Greenerd Press & Machine Company, the Nashua, N.H.-based manufacturer of hydraulic presses, touted a new, custom-built multistation press system at FABTECH Expo.

SME #FABTECH2025 #hydraulicpress",https://www.linkedin.com/feed/update/urn:li:activity:7371891696776904704,Organic,,Cary Gitter,09/11/2025,,,All followers,143,,,4,0.0279720276594162,4,1,0,,0.06293706595897675,
"To wrap up day three of FABTECH 2025, SME Media Editor-in-Chief Steve Plumb and Associate Editor Cary Gitter speak with Krishna Vuppala, lead manufacturing engineer at John Deere in Waterloo, Iowa, and SME Member Council representative. Vuppala brought a group of 45 Iowa students to Chicago for FABTECH Expo, and he discusses the vital importance of fostering the next generation of manufacturing talent.

#FABTECH2025 #SMEMedia #Chicago #ManufacturingEngineering #Innovation",https://www.linkedin.com/feed/update/urn:li:activity:7371878998114463744,Organic,,Craig Veltri,09/11/2025,,,All followers,340,534.0,,30,0.0882352963089943,12,0,3,,0.13235294818878174,Video
"Airgas gave attendees at FABTECH an immersive experience focused on new product innovations and its Unlocking the Hidden Cost of Welding program.

SME #FABTECH2025 #welding",https://www.linkedin.com/feed/update/urn:li:activity:7371650386329448448,Organic,,Cary Gitter,09/10/2025,,,All followers,144,,,3,0.02083333395421505,3,0,1,,0.0486111119389534,
"FABTECH Expo day 2 wrap-up!

Steve Plumb, Rachael Thomas, Cary Gitter and Cameron Kerkau of the SME Media team regroup to share what stood out to them the most on the second day of the show. 
The show continues through Thursday, so stick around for more news, exclusive interviews and highlights from the show floor.

#FABTECH2025 #SMEMedia #Chicago #ManufacturingEngineering #Innovation",https://www.linkedin.com/feed/update/urn:li:activity:7371629897968005120,Organic,,Craig Veltri,09/10/2025,,,All followers,350,150.0,,23,0.0657142847776413,15,1,3,,0.11999999731779099,Video
"So, that was fun! Day 2 of FABTECH Expo in the books 🦾 

#FABTECH2025 #Chicago #SMEMedia #Innovation #ManufacturingEngineering",https://www.linkedin.com/feed/update/urn:li:activity:7371616065262448640,Organic,,Elizabeth Anderson,09/10/2025,,,All followers,122,39.0,,5,0.04098360612988472,5,0,0,,0.08196721225976944,Video
"TRUMPF TruLaser Tube 7000 fiber in action at FABTECH Expo💥🤩

#FABTECH2025 #SMEMedia #Chicago #ManufacturingEngineering #Innovation",https://www.linkedin.com/feed/update/urn:li:activity:7371615544761835520,Organic,,Elizabeth Anderson,09/10/2025,,,All followers,124,32.0,,6,0.04838709533214569,2,0,0,,0.06451612710952759,Video
"Don't Miss Our Virtual Event Tomorrow: Register here: https://lnkd.in/efEcNSNn
 
Driving Innovation with Automated Machining

Protolabs is an established leader in providing the fastest turnaround times on custom CNC machined parts. Until now, accessing these unrivaled lead times required design engineers to navigate Protolabs’ manufacturing constraints or accept parts that do not meet intended design criteria.  In this session, Protolabs will provide insight into new CNC machining capabilities, which produce complete parts while maintaining the short lead times engineers have come to rely on.  

#DrivingInnovation #AutomatedMachining #SMEMedia",https://www.linkedin.com/feed/update/urn:li:activity:7371608422636482560,Organic,,Craig Veltri,09/10/2025,,,All followers,158,,,1,0.006329114083200693,6,0,0,,0.04430379718542099,
"Day 2 at FABTECH Expo 2025 - innovation, collaboration and next level manufacturing in action!",https://www.linkedin.com/feed/update/urn:li:activity:7371578568885039104,Organic,,Simran Saini,09/10/2025,,,All followers,173,,,7,0.040462426841259,8,0,0,,0.08670520037412643,
"Welcome to Day 1 of FABTECH Expo 2025 at McCormick Place in Chicago where the future of manufacturing takes center stage. Let’s dive into today’s highlights!

#FABTECH2025 #SMEMedia #ManufacturingEngineering #Innovation",https://www.linkedin.com/feed/update/urn:li:activity:7370939594130911232,Organic,,Elizabeth Anderson,09/08/2025,,,All followers,429,332.0,,9,0.02097902074456215,18,0,3,,0.0699300691485405,Video
"Day 1 of FABTECH Expo 2025 is off to an amazing start!

We’ve already met incredible people, shared ideas, and kicked off exciting conversations about the future of manufacturing.

#FABTECH2025 #Chicago #SMEMedia #ManufacturingEngineering #Innovation",https://www.linkedin.com/feed/update/urn:li:activity:7370899107185360897,Organic,,Elizabeth Anderson,09/08/2025,,,All followers,451,,,50,0.11086474359035492,19,2,1,,0.1596452295780182,
Fabtech 2025 Day 1,https://www.linkedin.com/feed/update/urn:li:activity:7370883707530014721,Organic,,Craig Veltri,09/08/2025,,,All followers,284,89.0,,20,0.07042253762483597,8,0,0,,0.09859155118465424,Video
"CloudNC announced today that its CAM Assist solution is now used by more than 1,000 machine shops and machinists worldwide to accelerate the programming of CNC machines.

SME #CNC #CAD #CAM #machining",https://www.linkedin.com/feed/update/urn:li:activity:7370856899992301569,Organic,,Cary Gitter,09/08/2025,,,All followers,240,,,5,0.02083333395421505,1,0,0,,0.02500000037252903,
"We’re ready for you, FABTECH Expo! Join SME Media on September 8–11 as the manufacturing community comes together to showcase innovation, technology, and what’s next for our industry. 

#FABTECH2025 #FABTECHExpo #SMEMedia #AdvancedManufacturing #ManufacturingInnovation #FutureOfManufacturing #Automation #Industry40",https://www.linkedin.com/feed/update/urn:li:activity:7369814178242547713,Organic,,Elizabeth Anderson,09/05/2025,,,All followers,341,,,3,0.008797653950750828,9,0,2,,0.041055720299482346,
"The U.S. #economy only added 22,000 jobs in August, according to the Bureau of Labor Statistics, a far cry from the original forecast of 76,500 predicted jobs.

https://lnkd.in/g9f8m3ah",https://www.linkedin.com/feed/update/urn:li:activity:7369802743965773824,Organic,,Cameron Kerkau,09/05/2025,,,All followers,191,,,8,0.04188481718301773,5,0,0,,0.06806282699108124,
"B2B manufacturers are bleeding revenue due to outdated quoting and sales processes, according to a new national survey sponsored by Aleran Software and conducted by independent B2B research firm TrendCandy.

SME #sales #quoting #B2Bmanufacturing #software",https://www.linkedin.com/feed/update/urn:li:activity:7369790702462894080,Organic,,Cary Gitter,09/05/2025,,,All followers,115,,,4,0.03478260710835457,3,0,0,,0.06086956337094307,
"Automation doesn’t start with flashy dashboards or the latest tech.
It starts with something much simpler — and often overlooked: reliable tool paths.

As Al Whatmough from Toolpath Labs puts it, “the tool path is the connective tissue between the machine, the material it cuts, and the mind behind the job.”

You can have the best tools in the world, but if your tool path isn’t dialed in, the whole process breaks down.

This reminder hits home for anyone in manufacturing: get the fundamentals right first, and the advanced technology will follow.

What’s one “boring” shop-floor habit that’s made the biggest difference in your results?

Hear the full conversation in our latest podcast episode of Advanced Manufacturing Now.
Find it here: https://lnkd.in/gA73Se6q

#Manufacturing #Automation #ToolPaths #CNC #SmartManufacturing #Podcast",https://www.linkedin.com/feed/update/urn:li:activity:7369455313894137856,Organic,,Grady C.,09/04/2025,,,All followers,154,58.0,,2,0.012987012974917889,2,0,0,,0.025974025949835777,Video
"We're thrilled to share Meaghan Ziemba's valuable expertise in the latest issue of Manufacturing Engineering & Technology magazine. 

In her feature ""Maximizing Speed, Precision and Flexibility,"" she invites readers to rethink vertical machining centers. Take a look now: https://lnkd.in/eW4byscU",https://www.linkedin.com/feed/update/urn:li:activity:7369391573140205574,Organic,,Cameron Kerkau,09/04/2025,,,All followers,153,,,1,0.006535947788506746,0,0,0,,0.006535947788506746,
"The U.S. manufacturing sector was hit with its sixth straight month of contraction in August, according to the Manufacturing ISM Report on Business, released Sept. 2 by the Institute for Supply Management.

SME #manufacturingsector #economy",https://www.linkedin.com/feed/update/urn:li:activity:7369345390820667396,Organic,,Cary Gitter,09/04/2025,,,All followers,142,,,3,0.0211267601698637,1,0,0,,0.028169013559818268,
"The latest issue of Manufacturing Engineering & Technology (MET) is now live, bringing you an inside look at the technologies and strategies reshaping manufacturing today. 

This issue explores how AI and machine learning are driving smarter production, why advanced gaging solutions like Starrett’s wireless indicators are setting new standards for precision, and how manufacturers can maximize speed, flexibility, and accuracy with the latest tooling solutions.

It also tackles critical challenges facing the industry, including best practices for safeguarding against cyberattacks and the innovative approaches fueling electric vehicle production around the globe.

Read more here: https://lnkd.in/gybz-g4P

#MET2025 #SMEMedia #AdvancedManufacturing #Innovation",https://www.linkedin.com/feed/update/urn:li:activity:7369053101778993152,Organic,,Elizabeth Anderson,09/03/2025,,,All followers,385,,,29,0.07532467693090439,13,0,2,,0.11428571492433548,
"It’s time for additive manufacturing to scale, modernize, and deliver real value.

In the latest episode of Advanced Manufacturing Now, Associate Editor Cary Gitter is taking another look at insights from three industry leaders recorded live at RAPID + TCT 2025 in Detroit.

-Dr. Masahiko Mori, Group CEO of DMG MORI USA, on modernizing #machinetools with smart, integrated solutions.
-Yoav Zeif, CEO of Stratasys, on how the future of manufacturing is #additive and #digital.
-Brigitte de Vet-Veithen, CEO of Materialise, on scaling #AM for end-use parts and the vital role of software.

Listen now!

https://lnkd.in/gWjPwsgG",https://www.linkedin.com/feed/update/urn:li:activity:7369040800166379520,Organic,,Cameron Kerkau,09/03/2025,,,All followers,2244,,,13,0.005793226417154074,9,0,1,,0.010249554179608822,
"JR Automation, a Hitachi Group company, has announced plans for a new $72.8-million global headquarters in Zeeland, Mich.

SME #automation #advancedmanufacturing #Michigan",https://www.linkedin.com/feed/update/urn:li:activity:7369037809598328834,Organic,,Cary Gitter,09/03/2025,,,All followers,6639,,,203,0.03057689405977726,68,0,1,,0.040970027446746826,
"Aerospace and defense company Ursa Major has expanded its investment in EOS metal additive manufacturing technology.

SME #aerospaceanddefense #additivemanufacturing #hypersonics #3Dprinting",https://www.linkedin.com/feed/update/urn:li:activity:7369026763517001729,Organic,,Cary Gitter,09/03/2025,,,All followers,1422,,,39,0.027426160871982574,18,0,1,,0.04078762233257294,
"When you think of American auto manufacturing, Detroit comes to mind. But the future? It might be in Georgia.

Hyundai Motor Company’s $12.6 billion Metaplant is just one sign of a major shift in where—and how—vehicles are built. Inside its 7.5-million-square-foot complex, more than 1,000 robots and hundreds of AGVs power the production of next-gen EVs.

Meanwhile, industry giants like BMW Group, Mercedes-Benz AG, and Tesla are exploring humanoid robots, and suppliers such as Bosch and ZF Group are pushing automation and 3D printing to new limits.

What does this mean for the future of automotive manufacturing?

Read the full article here: https://lnkd.in/getf7nyX

By Gary S. Vasilash
Photos provided by Hyundai, Bosch, ZF",https://www.linkedin.com/feed/update/urn:li:activity:7368699047500513281,Organic,,Elizabeth Anderson,09/02/2025,,,All followers,167,,,9,0.053892213851213455,2,0,1,,0.071856290102005,
"The near-term outlook for the U.S. economy is less than rosy, according to Bloomberg’s most recent monthly survey of economists.

SME #economy #tariffs #inflation #grossdomesticproduct",https://www.linkedin.com/feed/update/urn:li:activity:7368670839514329089,Organic,,Cary Gitter,09/02/2025,,,All followers,145,,,5,0.03448275849223137,3,0,0,,0.05517241358757019,
"Happy Labor Day! Today, we celebrate the hardworking men and women who power the manufacturing industry and keep our world moving forward.

Your dedication drives innovation, and we’re proud to share your stories every day. Enjoy the holiday and thank you for all that you do.",https://www.linkedin.com/feed/update/urn:li:activity:7368356220006486016,Organic,,Elizabeth Anderson,09/01/2025,,,All followers,146,,,1,0.006849315017461777,5,0,0,,0.04109589010477066,
"Sparkstone Electrical Group has announced the launch of its unified brand, bringing together electrical equipment manufacturers Chicago Switchboard, CES Industrial, IER and Park. Read more: https://lnkd.in/guvv3Sxr

SME #electricalequipment #manufacturing",https://www.linkedin.com/feed/update/urn:li:activity:7368267656707129347,Organic,,Cary Gitter,09/01/2025,,,All followers,2353,,,110,0.04674883186817169,48,0,4,,0.06884828209877014,
"On the surface, it seems like a simple question: Which toolholder is best for solid end-milling applications? 

Smart Shop Essentials' August issue dives into the topic of milling - learn more today! https://lnkd.in/gYtZeBzq 

#Milling #Manufacturing #ManufacturingTips #SME #ManufacturingTools ",https://www.linkedin.com/feed/update/urn:li:activity:7367255644170571776,Organic,,Grady C.,08/29/2025,,,All followers,91,,,0,0.0,1,0,0,,0.010989011265337467,
"The long weekend is here! We hope you take some well-deserved time to recharge and enjoy what matters most. From all of us at SME Media, have a safe and relaxing Labor Day weekend.",https://www.linkedin.com/feed/update/urn:li:activity:7367224565690728448,Organic,,Elizabeth Anderson,08/29/2025,,,All followers,447,,,3,0.00671140942722559,12,0,2,,0.03803132101893425,
"Congrats to Jay Jessen, director of Lawrence Technological University's Marburger STEM Center at LTU, on being named STEM Director of the Year 2025 by Education Technology Insights!

SME #education #STEM #workforcedevelopment",https://www.linkedin.com/feed/update/urn:li:activity:7367218151568101376,Organic,,Cary Gitter,08/29/2025,,,All followers,118,,,0,0.0,5,0,0,,0.04237288236618042,
"Kassow Robots, a subsidiary of Bosch Rexroth, has appointed Christoph Rieger as chief sales officer.

SME #robots #robotics #automation",https://www.linkedin.com/feed/update/urn:li:activity:7366923482091151360,Organic,,Cary Gitter,08/28/2025,,,All followers,122,,,0,0.0,1,0,1,,0.016393441706895828,
"Vertical machining centers promise speed, accuracy and flexibility. But without the right work holding, even the most advanced machine can fall short.

In this article, industry leaders Lang Technik USA, Advanced Machine & Engineering Co. (AME), igus Inc., and Methods Machine Tools, Inc. share how modular systems, automation-ready clamping and smart standardization are transforming setups from hours to minutes.

Read the full article here: https://lnkd.in/eW4byscU

By Meaghan Ziemba
Photos provided by LANG Technik US and Igus",https://www.linkedin.com/feed/update/urn:li:activity:7366908320051302400,Organic,,Elizabeth Anderson,08/28/2025,,,All followers,114,,,2,0.017543859779834747,1,0,1,,0.035087719559669495,
"Leading Indicators: From Analog to Wireless and Beyond

Tim Cucchi of The L.S. Starrett Company explains how precision indicators have advanced from mechanical tools to wireless, touchscreen tech powering traceability and smart manufacturing.

#Industry40 #SmartManufacturing #Metrology #QualityControl

https://lnkd.in/gSdAaYYX",https://www.linkedin.com/feed/update/urn:li:activity:7366871166533201921,Organic,,Cameron Kerkau,08/28/2025,,,All followers,76,,,1,0.01315789483487606,0,0,0,,0.01315789483487606,
"Cutting tool orders were down in June, according to AMT - The Association For Manufacturing Technology and the United States Cutting Tool Institute. But Oxford Economics has brightened its 2025 machine tool forecast.

SME #cuttingtools #machinetools #manufacturing",https://www.linkedin.com/feed/update/urn:li:activity:7366859419856338946,Organic,,Cary Gitter,08/28/2025,,,All followers,103,,,1,0.009708737954497337,2,0,0,,0.029126213863492012,
"Register here: https://lnkd.in/gfSTwcnX

What does successful Integrated Risk Management look like in practice?

Join us for an insightful webinar where Jeff Enzinger of Origami Risk sits down with Jeff Emrick and Jenna Bechely from Ozinga to share how they’ve transformed risk and safety collaboration into measurable business results.

Discover how Ozinga built a culture of partnership between departments, leveraged technology to reduce incidents, and achieved significant reductions in insurance claims and costs.

If you want to improve safety outcomes and drive real results in your organization, you’ll want to hear this conversation.

#RiskManagement #SafetyLeadership #IntegratedRiskManagement #SMEMedia #ManufacturingSafety",https://www.linkedin.com/feed/update/urn:li:activity:7366854043475845121,Organic,,Elizabeth Anderson,08/28/2025,,,All followers,544,,,9,0.016544118523597717,19,0,2,,0.05514705926179886,
"Sky-high 50% U.S. tariffs on a wide array of Indian goods went into effect on Wednesday, as the Trump administration took aim at the South Asian nation for its purchases of Russian oil.

SME #tariffs #India #trade",https://www.linkedin.com/feed/update/urn:li:activity:7366574433697714176,Organic,,Cary Gitter,08/27/2025,,,All followers,101,,,1,0.009900989942252636,1,0,1,,0.029702970758080482,
"Read the full story here: https://lnkd.in/giG5jj7f

AI is revolutionizing the auto industry—and these big names are leading the charge.

Mercedes-Benz AG, BMW Group, Hyundai Motor Company, General Motors and startups like SkillReal are using AI, robotics, and digital twins to rethink how cars are built.

From humanoid robots on the factory floor to AI-driven inspections, the future of automotive manufacturing is here.

By David Muller
Photos provided by Mercedes-Benz, BMW, Hyundai, SkillReal",https://www.linkedin.com/feed/update/urn:li:activity:7366571522091601920,Organic,,Elizabeth Anderson,08/27/2025,,,All followers,155,,,14,0.0903225839138031,3,0,0,,0.10967741906642914,
"Not every job calls for high-efficiency milling. In fact, as Jake Rutherford of Kyocera SGS explains in the August issue of Smart Shop Essentials, shallow pockets and aluminum might still be best tackled with two- and four-flute tools using traditional paths.

Knowing when to stick with older strategies—and when to switch—can make all the difference in MRR and tool life.

🔗 Read more: https://lnkd.in/gYtZeBzq 

#CNCmachining #ToolSelection #MachiningTips #SmartShopEssentials",https://www.linkedin.com/feed/update/urn:li:activity:7366559369162838019,Organic,,Grady C.,08/27/2025,,,All followers,57,,,0,0.0,0,0,0,,0.0,
"NVIDIA has developed Jetson Thor, a new robotics computer chip “that can serve as the brains for robotic systems across research and industry.""

SME #robotics #humanoidrobots #artificialintelligence #AI ",https://www.linkedin.com/feed/update/urn:li:activity:7366499803423309826,Organic,,Cary Gitter,08/27/2025,,,All followers,90,,,3,0.03333333507180214,2,0,0,,0.0555555559694767,
"ModuleWorks has appointed Clinton Perry as its new head of global marketing.

SME #manufacturing #software #manufacturingsoftware ",https://www.linkedin.com/feed/update/urn:li:activity:7366203819824701440,Organic,,Cary Gitter,08/26/2025,,,All followers,1160,,,62,0.05344827473163605,28,1,0,,0.07844827324151993,
"Tooling Tech Group has appointed Matt Edwards as its director of operations.

SME #manufacturing #tooling #assembly",https://www.linkedin.com/feed/update/urn:li:activity:7366196914490392578,Organic,,Cary Gitter,08/26/2025,,,All followers,169,,,4,0.023668639361858368,4,0,0,,0.047337278723716736,
"Genentech, a member of the Roche Group, has broken ground on its newest U.S. manufacturing site in Holly Springs, N.C.

SME #lifesciences #biomanufacturing #biopharmaceuticals #USmanufacturing",https://www.linkedin.com/feed/update/urn:li:activity:7366130445991804928,Organic,,Cary Gitter,08/26/2025,,,All followers,94,,,0,0.0,2,0,0,,0.021276595070958138,
"""New technology to monitor and adjust the application of adhesives ... will have a major impact on cost and product quality,"" writes Jürgen Dennig, president of Coherix.

SME #adhesives #automotive #artificialintelligence #3Dvision",https://www.linkedin.com/feed/update/urn:li:activity:7365824011072647168,Organic,,Cary Gitter,08/25/2025,,,All followers,509,,,12,0.023575639352202415,7,0,3,,0.04322200268507004,
"🔗 Register here: https://lnkd.in/gR-6c5T3

What makes a great CMM? It’s more than precision—it’s about building a metrology platform that grows with you.

Join Christine -Chrysee Bollon, Jeremy Birrell, Stuart Nichols, and Henri Bosch for a candid, conversational deep dive into the LH Series.

From performance and precision to flexibility and future-readiness, discover why the LH Series is more than just a machine—it’s a foundation for your quality strategy. We’ll share real-world use cases, integration tips, and what sets the LH Series apart in a competitive landscape.

#SMEMedia #ManufacturingInnovation #CMM #Metrology #QualityControl #SmartManufacturing",https://www.linkedin.com/feed/update/urn:li:activity:7365795668667346945,Organic,,Elizabeth Anderson,08/25/2025,,,All followers,224,,,8,0.0357142873108387,4,0,2,,0.0625,
